
===========================================================================
report_checks -path_delay min (Hold)
============================================================================
======================= Typical Corner ===================================

Startpoint: _5762_ (rising edge-triggered flip-flop clocked by core_clock)
Endpoint: _5762_ (rising edge-triggered flip-flop clocked by core_clock)
Path Group: core_clock
Path Type: min

Fanout     Cap    Slew   Delay    Time   Description
-----------------------------------------------------------------------------
                  0.00    0.00    0.00   clock core_clock (rise edge)
                          0.00    0.00   clock network delay (ideal)
                  0.00    0.00    0.00 ^ _5762_/CLK (sky130_fd_sc_hd__dfxtp_2)
     2    0.01    0.07    0.32    0.32 ^ _5762_/Q (sky130_fd_sc_hd__dfxtp_2)
                                         clk_div.counter[17] (net)
                  0.07    0.00    0.32 ^ _4744_/A (sky130_fd_sc_hd__xnor2_2)
     1    0.00    0.03    0.06    0.38 v _4744_/Y (sky130_fd_sc_hd__xnor2_2)
                                         _0046_ (net)
                  0.03    0.00    0.38 v _5762_/D (sky130_fd_sc_hd__dfxtp_2)
                                  0.38   data arrival time

                  0.00    0.00    0.00   clock core_clock (rise edge)
                          0.00    0.00   clock network delay (ideal)
                          0.00    0.00   clock reconvergence pessimism
                                  0.00 ^ _5762_/CLK (sky130_fd_sc_hd__dfxtp_2)
                         -0.05   -0.05   library hold time
                                 -0.05   data required time
-----------------------------------------------------------------------------
                                 -0.05   data required time
                                 -0.38   data arrival time
-----------------------------------------------------------------------------
                                  0.43   slack (MET)


Startpoint: _5751_ (rising edge-triggered flip-flop clocked by core_clock)
Endpoint: _5751_ (rising edge-triggered flip-flop clocked by core_clock)
Path Group: core_clock
Path Type: min

Fanout     Cap    Slew   Delay    Time   Description
-----------------------------------------------------------------------------
                  0.00    0.00    0.00   clock core_clock (rise edge)
                          0.00    0.00   clock network delay (ideal)
                  0.00    0.00    0.00 ^ _5751_/CLK (sky130_fd_sc_hd__dfxtp_2)
     5    0.02    0.09    0.34    0.34 ^ _5751_/Q (sky130_fd_sc_hd__dfxtp_2)
                                         clk_div.counter[6] (net)
                  0.09    0.00    0.34 ^ _4715_/A1 (sky130_fd_sc_hd__a21oi_2)
     1    0.00    0.03    0.05    0.39 v _4715_/Y (sky130_fd_sc_hd__a21oi_2)
                                         _0035_ (net)
                  0.03    0.00    0.39 v _5751_/D (sky130_fd_sc_hd__dfxtp_2)
                                  0.39   data arrival time

                  0.00    0.00    0.00   clock core_clock (rise edge)
                          0.00    0.00   clock network delay (ideal)
                          0.00    0.00   clock reconvergence pessimism
                                  0.00 ^ _5751_/CLK (sky130_fd_sc_hd__dfxtp_2)
                         -0.05   -0.05   library hold time
                                 -0.05   data required time
-----------------------------------------------------------------------------
                                 -0.05   data required time
                                 -0.39   data arrival time
-----------------------------------------------------------------------------
                                  0.44   slack (MET)


Startpoint: _5760_ (rising edge-triggered flip-flop clocked by core_clock)
Endpoint: _5760_ (rising edge-triggered flip-flop clocked by core_clock)
Path Group: core_clock
Path Type: min

Fanout     Cap    Slew   Delay    Time   Description
-----------------------------------------------------------------------------
                  0.00    0.00    0.00   clock core_clock (rise edge)
                          0.00    0.00   clock network delay (ideal)
                  0.00    0.00    0.00 ^ _5760_/CLK (sky130_fd_sc_hd__dfxtp_2)
     3    0.01    0.05    0.31    0.31 ^ _5760_/Q (sky130_fd_sc_hd__dfxtp_2)
                                         clk_div.counter[15] (net)
                  0.05    0.00    0.31 ^ _4738_/B1 (sky130_fd_sc_hd__a21oi_2)
     1    0.00    0.02    0.03    0.34 v _4738_/Y (sky130_fd_sc_hd__a21oi_2)
                                         _2329_ (net)
                  0.02    0.00    0.34 v _4739_/B (sky130_fd_sc_hd__nor2_2)
     1    0.00    0.05    0.05    0.40 ^ _4739_/Y (sky130_fd_sc_hd__nor2_2)
                                         _0044_ (net)
                  0.05    0.00    0.40 ^ _5760_/D (sky130_fd_sc_hd__dfxtp_2)
                                  0.40   data arrival time

                  0.00    0.00    0.00   clock core_clock (rise edge)
                          0.00    0.00   clock network delay (ideal)
                          0.00    0.00   clock reconvergence pessimism
                                  0.00 ^ _5760_/CLK (sky130_fd_sc_hd__dfxtp_2)
                         -0.04   -0.04   library hold time
                                 -0.04   data required time
-----------------------------------------------------------------------------
                                 -0.04   data required time
                                 -0.40   data arrival time
-----------------------------------------------------------------------------
                                  0.44   slack (MET)


Startpoint: _5756_ (rising edge-triggered flip-flop clocked by core_clock)
Endpoint: _5756_ (rising edge-triggered flip-flop clocked by core_clock)
Path Group: core_clock
Path Type: min

Fanout     Cap    Slew   Delay    Time   Description
-----------------------------------------------------------------------------
                  0.00    0.00    0.00   clock core_clock (rise edge)
                          0.00    0.00   clock network delay (ideal)
                  0.00    0.00    0.00 ^ _5756_/CLK (sky130_fd_sc_hd__dfxtp_2)
     3    0.01    0.05    0.31    0.31 ^ _5756_/Q (sky130_fd_sc_hd__dfxtp_2)
                                         clk_div.counter[11] (net)
                  0.05    0.00    0.31 ^ _4727_/B1 (sky130_fd_sc_hd__a21oi_2)
     1    0.00    0.02    0.03    0.34 v _4727_/Y (sky130_fd_sc_hd__a21oi_2)
                                         _2322_ (net)
                  0.02    0.00    0.34 v _4728_/B (sky130_fd_sc_hd__nor2_2)
     1    0.00    0.05    0.05    0.40 ^ _4728_/Y (sky130_fd_sc_hd__nor2_2)
                                         _0040_ (net)
                  0.05    0.00    0.40 ^ _5756_/D (sky130_fd_sc_hd__dfxtp_2)
                                  0.40   data arrival time

                  0.00    0.00    0.00   clock core_clock (rise edge)
                          0.00    0.00   clock network delay (ideal)
                          0.00    0.00   clock reconvergence pessimism
                                  0.00 ^ _5756_/CLK (sky130_fd_sc_hd__dfxtp_2)
                         -0.04   -0.04   library hold time
                                 -0.04   data required time
-----------------------------------------------------------------------------
                                 -0.04   data required time
                                 -0.40   data arrival time
-----------------------------------------------------------------------------
                                  0.44   slack (MET)


Startpoint: _5754_ (rising edge-triggered flip-flop clocked by core_clock)
Endpoint: _5754_ (rising edge-triggered flip-flop clocked by core_clock)
Path Group: core_clock
Path Type: min

Fanout     Cap    Slew   Delay    Time   Description
-----------------------------------------------------------------------------
                  0.00    0.00    0.00   clock core_clock (rise edge)
                          0.00    0.00   clock network delay (ideal)
                  0.00    0.00    0.00 ^ _5754_/CLK (sky130_fd_sc_hd__dfxtp_2)
     3    0.01    0.05    0.31    0.31 ^ _5754_/Q (sky130_fd_sc_hd__dfxtp_2)
                                         clk_div.counter[9] (net)
                  0.05    0.00    0.31 ^ _4723_/B1 (sky130_fd_sc_hd__a21oi_2)
     1    0.00    0.02    0.03    0.34 v _4723_/Y (sky130_fd_sc_hd__a21oi_2)
                                         _2320_ (net)
                  0.02    0.00    0.34 v _4724_/B (sky130_fd_sc_hd__nor2_2)
     1    0.00    0.05    0.06    0.40 ^ _4724_/Y (sky130_fd_sc_hd__nor2_2)
                                         _0038_ (net)
                  0.05    0.00    0.40 ^ _5754_/D (sky130_fd_sc_hd__dfxtp_2)
                                  0.40   data arrival time

                  0.00    0.00    0.00   clock core_clock (rise edge)
                          0.00    0.00   clock network delay (ideal)
                          0.00    0.00   clock reconvergence pessimism
                                  0.00 ^ _5754_/CLK (sky130_fd_sc_hd__dfxtp_2)
                         -0.04   -0.04   library hold time
                                 -0.04   data required time
-----------------------------------------------------------------------------
                                 -0.04   data required time
                                 -0.40   data arrival time
-----------------------------------------------------------------------------
                                  0.44   slack (MET)


Startpoint: _5746_ (rising edge-triggered flip-flop clocked by core_clock)
Endpoint: _5746_ (rising edge-triggered flip-flop clocked by core_clock)
Path Group: core_clock
Path Type: min

Fanout     Cap    Slew   Delay    Time   Description
-----------------------------------------------------------------------------
                  0.00    0.00    0.00   clock core_clock (rise edge)
                          0.00    0.00   clock network delay (ideal)
                  0.00    0.00    0.00 ^ _5746_/CLK (sky130_fd_sc_hd__dfxtp_2)
     4    0.02    0.09    0.34    0.34 ^ _5746_/Q (sky130_fd_sc_hd__dfxtp_2)
                                         clk_div.counter[1] (net)
                  0.09    0.00    0.34 ^ _4699_/A (sky130_fd_sc_hd__xor2_2)
     1    0.00    0.03    0.07    0.40 v _4699_/X (sky130_fd_sc_hd__xor2_2)
                                         _0030_ (net)
                  0.03    0.00    0.40 v _5746_/D (sky130_fd_sc_hd__dfxtp_2)
                                  0.40   data arrival time

                  0.00    0.00    0.00   clock core_clock (rise edge)
                          0.00    0.00   clock network delay (ideal)
                          0.00    0.00   clock reconvergence pessimism
                                  0.00 ^ _5746_/CLK (sky130_fd_sc_hd__dfxtp_2)
                         -0.05   -0.05   library hold time
                                 -0.05   data required time
-----------------------------------------------------------------------------
                                 -0.05   data required time
                                 -0.40   data arrival time
-----------------------------------------------------------------------------
                                  0.45   slack (MET)


Startpoint: _5748_ (rising edge-triggered flip-flop clocked by core_clock)
Endpoint: _5748_ (rising edge-triggered flip-flop clocked by core_clock)
Path Group: core_clock
Path Type: min

Fanout     Cap    Slew   Delay    Time   Description
-----------------------------------------------------------------------------
                  0.00    0.00    0.00   clock core_clock (rise edge)
                          0.00    0.00   clock network delay (ideal)
                  0.00    0.00    0.00 ^ _5748_/CLK (sky130_fd_sc_hd__dfxtp_2)
     4    0.02    0.09    0.34    0.34 ^ _5748_/Q (sky130_fd_sc_hd__dfxtp_2)
                                         clk_div.counter[3] (net)
                  0.09    0.00    0.34 ^ _4705_/A (sky130_fd_sc_hd__xor2_2)
     1    0.00    0.03    0.07    0.40 v _4705_/X (sky130_fd_sc_hd__xor2_2)
                                         _0032_ (net)
                  0.03    0.00    0.40 v _5748_/D (sky130_fd_sc_hd__dfxtp_2)
                                  0.40   data arrival time

                  0.00    0.00    0.00   clock core_clock (rise edge)
                          0.00    0.00   clock network delay (ideal)
                          0.00    0.00   clock reconvergence pessimism
                                  0.00 ^ _5748_/CLK (sky130_fd_sc_hd__dfxtp_2)
                         -0.05   -0.05   library hold time
                                 -0.05   data required time
-----------------------------------------------------------------------------
                                 -0.05   data required time
                                 -0.40   data arrival time
-----------------------------------------------------------------------------
                                  0.45   slack (MET)


Startpoint: _5750_ (rising edge-triggered flip-flop clocked by core_clock)
Endpoint: _5750_ (rising edge-triggered flip-flop clocked by core_clock)
Path Group: core_clock
Path Type: min

Fanout     Cap    Slew   Delay    Time   Description
-----------------------------------------------------------------------------
                  0.00    0.00    0.00   clock core_clock (rise edge)
                          0.00    0.00   clock network delay (ideal)
                  0.00    0.00    0.00 ^ _5750_/CLK (sky130_fd_sc_hd__dfxtp_2)
     4    0.01    0.06    0.32    0.32 ^ _5750_/Q (sky130_fd_sc_hd__dfxtp_2)
                                         clk_div.counter[5] (net)
                  0.06    0.00    0.32 ^ _4712_/A (sky130_fd_sc_hd__nor2_2)
     1    0.00    0.03    0.04    0.36 v _4712_/Y (sky130_fd_sc_hd__nor2_2)
                                         _2313_ (net)
                  0.03    0.00    0.36 v _4713_/B (sky130_fd_sc_hd__nor2_2)
     1    0.00    0.05    0.06    0.42 ^ _4713_/Y (sky130_fd_sc_hd__nor2_2)
                                         _0034_ (net)
                  0.05    0.00    0.42 ^ _5750_/D (sky130_fd_sc_hd__dfxtp_2)
                                  0.42   data arrival time

                  0.00    0.00    0.00   clock core_clock (rise edge)
                          0.00    0.00   clock network delay (ideal)
                          0.00    0.00   clock reconvergence pessimism
                                  0.00 ^ _5750_/CLK (sky130_fd_sc_hd__dfxtp_2)
                         -0.04   -0.04   library hold time
                                 -0.04   data required time
-----------------------------------------------------------------------------
                                 -0.04   data required time
                                 -0.42   data arrival time
-----------------------------------------------------------------------------
                                  0.46   slack (MET)


Startpoint: _5759_ (rising edge-triggered flip-flop clocked by core_clock)
Endpoint: _5759_ (rising edge-triggered flip-flop clocked by core_clock)
Path Group: core_clock
Path Type: min

Fanout     Cap    Slew   Delay    Time   Description
-----------------------------------------------------------------------------
                  0.00    0.00    0.00   clock core_clock (rise edge)
                          0.00    0.00   clock network delay (ideal)
                  0.00    0.00    0.00 ^ _5759_/CLK (sky130_fd_sc_hd__dfxtp_2)
     4    0.02    0.10    0.34    0.34 ^ _5759_/Q (sky130_fd_sc_hd__dfxtp_2)
                                         clk_div.counter[14] (net)
                  0.10    0.00    0.34 ^ _4736_/A (sky130_fd_sc_hd__xor2_2)
     1    0.00    0.03    0.07    0.41 v _4736_/X (sky130_fd_sc_hd__xor2_2)
                                         _0043_ (net)
                  0.03    0.00    0.41 v _5759_/D (sky130_fd_sc_hd__dfxtp_2)
                                  0.41   data arrival time

                  0.00    0.00    0.00   clock core_clock (rise edge)
                          0.00    0.00   clock network delay (ideal)
                          0.00    0.00   clock reconvergence pessimism
                                  0.00 ^ _5759_/CLK (sky130_fd_sc_hd__dfxtp_2)
                         -0.05   -0.05   library hold time
                                 -0.05   data required time
-----------------------------------------------------------------------------
                                 -0.05   data required time
                                 -0.41   data arrival time
-----------------------------------------------------------------------------
                                  0.46   slack (MET)


Startpoint: _5753_ (rising edge-triggered flip-flop clocked by core_clock)
Endpoint: _5753_ (rising edge-triggered flip-flop clocked by core_clock)
Path Group: core_clock
Path Type: min

Fanout     Cap    Slew   Delay    Time   Description
-----------------------------------------------------------------------------
                  0.00    0.00    0.00   clock core_clock (rise edge)
                          0.00    0.00   clock network delay (ideal)
                  0.00    0.00    0.00 ^ _5753_/CLK (sky130_fd_sc_hd__dfxtp_2)
     4    0.02    0.10    0.34    0.34 ^ _5753_/Q (sky130_fd_sc_hd__dfxtp_2)
                                         clk_div.counter[8] (net)
                  0.10    0.00    0.34 ^ _4721_/A (sky130_fd_sc_hd__xor2_2)
     1    0.00    0.03    0.07    0.41 v _4721_/X (sky130_fd_sc_hd__xor2_2)
                                         _0037_ (net)
                  0.03    0.00    0.41 v _5753_/D (sky130_fd_sc_hd__dfxtp_2)
                                  0.41   data arrival time

                  0.00    0.00    0.00   clock core_clock (rise edge)
                          0.00    0.00   clock network delay (ideal)
                          0.00    0.00   clock reconvergence pessimism
                                  0.00 ^ _5753_/CLK (sky130_fd_sc_hd__dfxtp_2)
                         -0.05   -0.05   library hold time
                                 -0.05   data required time
-----------------------------------------------------------------------------
                                 -0.05   data required time
                                 -0.41   data arrival time
-----------------------------------------------------------------------------
                                  0.46   slack (MET)


Startpoint: _5755_ (rising edge-triggered flip-flop clocked by core_clock)
Endpoint: _5755_ (rising edge-triggered flip-flop clocked by core_clock)
Path Group: core_clock
Path Type: min

Fanout     Cap    Slew   Delay    Time   Description
-----------------------------------------------------------------------------
                  0.00    0.00    0.00   clock core_clock (rise edge)
                          0.00    0.00   clock network delay (ideal)
                  0.00    0.00    0.00 ^ _5755_/CLK (sky130_fd_sc_hd__dfxtp_2)
     4    0.02    0.10    0.35    0.35 ^ _5755_/Q (sky130_fd_sc_hd__dfxtp_2)
                                         clk_div.counter[10] (net)
                  0.10    0.00    0.35 ^ _4725_/A (sky130_fd_sc_hd__xor2_2)
     1    0.00    0.03    0.07    0.41 v _4725_/X (sky130_fd_sc_hd__xor2_2)
                                         _0039_ (net)
                  0.03    0.00    0.41 v _5755_/D (sky130_fd_sc_hd__dfxtp_2)
                                  0.41   data arrival time

                  0.00    0.00    0.00   clock core_clock (rise edge)
                          0.00    0.00   clock network delay (ideal)
                          0.00    0.00   clock reconvergence pessimism
                                  0.00 ^ _5755_/CLK (sky130_fd_sc_hd__dfxtp_2)
                         -0.05   -0.05   library hold time
                                 -0.05   data required time
-----------------------------------------------------------------------------
                                 -0.05   data required time
                                 -0.41   data arrival time
-----------------------------------------------------------------------------
                                  0.46   slack (MET)


Startpoint: _5856_ (rising edge-triggered flip-flop clocked by core_clock)
Endpoint: _5856_ (rising edge-triggered flip-flop clocked by core_clock)
Path Group: core_clock
Path Type: min

Fanout     Cap    Slew   Delay    Time   Description
-----------------------------------------------------------------------------
                  0.00    0.00    0.00   clock core_clock (rise edge)
                          0.00    0.00   clock network delay (ideal)
                  0.00    0.00    0.00 ^ _5856_/CLK (sky130_fd_sc_hd__dfxtp_2)
     2    0.00    0.04    0.29    0.29 ^ _5856_/Q (sky130_fd_sc_hd__dfxtp_2)
                                         reg_file.memory[9][30] (net)
                  0.04    0.00    0.29 ^ _4870_/A (sky130_fd_sc_hd__buf_1)
     1    0.00    0.04    0.07    0.37 ^ _4870_/X (sky130_fd_sc_hd__buf_1)
                                         _2399_ (net)
                  0.04    0.00    0.37 ^ _4871_/A (sky130_fd_sc_hd__buf_1)
     1    0.00    0.03    0.07    0.44 ^ _4871_/X (sky130_fd_sc_hd__buf_1)
                                         _0106_ (net)
                  0.03    0.00    0.44 ^ _5856_/D (sky130_fd_sc_hd__dfxtp_2)
                                  0.44   data arrival time

                  0.00    0.00    0.00   clock core_clock (rise edge)
                          0.00    0.00   clock network delay (ideal)
                          0.00    0.00   clock reconvergence pessimism
                                  0.00 ^ _5856_/CLK (sky130_fd_sc_hd__dfxtp_2)
                         -0.03   -0.03   library hold time
                                 -0.03   data required time
-----------------------------------------------------------------------------
                                 -0.03   data required time
                                 -0.44   data arrival time
-----------------------------------------------------------------------------
                                  0.47   slack (MET)


Startpoint: _6160_ (rising edge-triggered flip-flop clocked by core_clock)
Endpoint: _6160_ (rising edge-triggered flip-flop clocked by core_clock)
Path Group: core_clock
Path Type: min

Fanout     Cap    Slew   Delay    Time   Description
-----------------------------------------------------------------------------
                  0.00    0.00    0.00   clock core_clock (rise edge)
                          0.00    0.00   clock network delay (ideal)
                  0.00    0.00    0.00 ^ _6160_/CLK (sky130_fd_sc_hd__dfxtp_2)
     2    0.00    0.04    0.29    0.29 ^ _6160_/Q (sky130_fd_sc_hd__dfxtp_2)
                                         reg_file.memory[1][30] (net)
                  0.04    0.00    0.29 ^ _5516_/A (sky130_fd_sc_hd__buf_1)
     1    0.00    0.04    0.07    0.37 ^ _5516_/X (sky130_fd_sc_hd__buf_1)
                                         _2756_ (net)
                  0.04    0.00    0.37 ^ _5517_/A (sky130_fd_sc_hd__buf_1)
     1    0.00    0.03    0.07    0.44 ^ _5517_/X (sky130_fd_sc_hd__buf_1)
                                         _0395_ (net)
                  0.03    0.00    0.44 ^ _6160_/D (sky130_fd_sc_hd__dfxtp_2)
                                  0.44   data arrival time

                  0.00    0.00    0.00   clock core_clock (rise edge)
                          0.00    0.00   clock network delay (ideal)
                          0.00    0.00   clock reconvergence pessimism
                                  0.00 ^ _6160_/CLK (sky130_fd_sc_hd__dfxtp_2)
                         -0.03   -0.03   library hold time
                                 -0.03   data required time
-----------------------------------------------------------------------------
                                 -0.03   data required time
                                 -0.44   data arrival time
-----------------------------------------------------------------------------
                                  0.47   slack (MET)


Startpoint: _5850_ (rising edge-triggered flip-flop clocked by core_clock)
Endpoint: _5850_ (rising edge-triggered flip-flop clocked by core_clock)
Path Group: core_clock
Path Type: min

Fanout     Cap    Slew   Delay    Time   Description
-----------------------------------------------------------------------------
                  0.00    0.00    0.00   clock core_clock (rise edge)
                          0.00    0.00   clock network delay (ideal)
                  0.00    0.00    0.00 ^ _5850_/CLK (sky130_fd_sc_hd__dfxtp_2)
     2    0.00    0.04    0.29    0.29 ^ _5850_/Q (sky130_fd_sc_hd__dfxtp_2)
                                         reg_file.memory[9][24] (net)
                  0.04    0.00    0.29 ^ _4858_/A (sky130_fd_sc_hd__buf_1)
     1    0.00    0.04    0.07    0.37 ^ _4858_/X (sky130_fd_sc_hd__buf_1)
                                         _2393_ (net)
                  0.04    0.00    0.37 ^ _4859_/A (sky130_fd_sc_hd__buf_1)
     1    0.00    0.03    0.07    0.44 ^ _4859_/X (sky130_fd_sc_hd__buf_1)
                                         _0100_ (net)
                  0.03    0.00    0.44 ^ _5850_/D (sky130_fd_sc_hd__dfxtp_2)
                                  0.44   data arrival time

                  0.00    0.00    0.00   clock core_clock (rise edge)
                          0.00    0.00   clock network delay (ideal)
                          0.00    0.00   clock reconvergence pessimism
                                  0.00 ^ _5850_/CLK (sky130_fd_sc_hd__dfxtp_2)
                         -0.04   -0.04   library hold time
                                 -0.04   data required time
-----------------------------------------------------------------------------
                                 -0.04   data required time
                                 -0.44   data arrival time
-----------------------------------------------------------------------------
                                  0.47   slack (MET)


Startpoint: _5845_ (rising edge-triggered flip-flop clocked by core_clock)
Endpoint: _5845_ (rising edge-triggered flip-flop clocked by core_clock)
Path Group: core_clock
Path Type: min

Fanout     Cap    Slew   Delay    Time   Description
-----------------------------------------------------------------------------
                  0.00    0.00    0.00   clock core_clock (rise edge)
                          0.00    0.00   clock network delay (ideal)
                  0.00    0.00    0.00 ^ _5845_/CLK (sky130_fd_sc_hd__dfxtp_2)
     2    0.00    0.04    0.29    0.29 ^ _5845_/Q (sky130_fd_sc_hd__dfxtp_2)
                                         reg_file.memory[9][19] (net)
                  0.04    0.00    0.29 ^ _4848_/A (sky130_fd_sc_hd__buf_1)
     1    0.00    0.04    0.07    0.37 ^ _4848_/X (sky130_fd_sc_hd__buf_1)
                                         _2388_ (net)
                  0.04    0.00    0.37 ^ _4849_/A (sky130_fd_sc_hd__buf_1)
     1    0.00    0.03    0.07    0.44 ^ _4849_/X (sky130_fd_sc_hd__buf_1)
                                         _0095_ (net)
                  0.03    0.00    0.44 ^ _5845_/D (sky130_fd_sc_hd__dfxtp_2)
                                  0.44   data arrival time

                  0.00    0.00    0.00   clock core_clock (rise edge)
                          0.00    0.00   clock network delay (ideal)
                          0.00    0.00   clock reconvergence pessimism
                                  0.00 ^ _5845_/CLK (sky130_fd_sc_hd__dfxtp_2)
                         -0.03   -0.03   library hold time
                                 -0.03   data required time
-----------------------------------------------------------------------------
                                 -0.03   data required time
                                 -0.44   data arrival time
-----------------------------------------------------------------------------
                                  0.47   slack (MET)


Startpoint: _5852_ (rising edge-triggered flip-flop clocked by core_clock)
Endpoint: _5852_ (rising edge-triggered flip-flop clocked by core_clock)
Path Group: core_clock
Path Type: min

Fanout     Cap    Slew   Delay    Time   Description
-----------------------------------------------------------------------------
                  0.00    0.00    0.00   clock core_clock (rise edge)
                          0.00    0.00   clock network delay (ideal)
                  0.00    0.00    0.00 ^ _5852_/CLK (sky130_fd_sc_hd__dfxtp_2)
     2    0.00    0.04    0.29    0.29 ^ _5852_/Q (sky130_fd_sc_hd__dfxtp_2)
                                         reg_file.memory[9][26] (net)
                  0.04    0.00    0.29 ^ _4862_/A (sky130_fd_sc_hd__buf_1)
     1    0.00    0.04    0.07    0.37 ^ _4862_/X (sky130_fd_sc_hd__buf_1)
                                         _2395_ (net)
                  0.04    0.00    0.37 ^ _4863_/A (sky130_fd_sc_hd__buf_1)
     1    0.00    0.03    0.07    0.44 ^ _4863_/X (sky130_fd_sc_hd__buf_1)
                                         _0102_ (net)
                  0.03    0.00    0.44 ^ _5852_/D (sky130_fd_sc_hd__dfxtp_2)
                                  0.44   data arrival time

                  0.00    0.00    0.00   clock core_clock (rise edge)
                          0.00    0.00   clock network delay (ideal)
                          0.00    0.00   clock reconvergence pessimism
                                  0.00 ^ _5852_/CLK (sky130_fd_sc_hd__dfxtp_2)
                         -0.03   -0.03   library hold time
                                 -0.03   data required time
-----------------------------------------------------------------------------
                                 -0.03   data required time
                                 -0.44   data arrival time
-----------------------------------------------------------------------------
                                  0.47   slack (MET)


Startpoint: _5857_ (rising edge-triggered flip-flop clocked by core_clock)
Endpoint: _5857_ (rising edge-triggered flip-flop clocked by core_clock)
Path Group: core_clock
Path Type: min

Fanout     Cap    Slew   Delay    Time   Description
-----------------------------------------------------------------------------
                  0.00    0.00    0.00   clock core_clock (rise edge)
                          0.00    0.00   clock network delay (ideal)
                  0.00    0.00    0.00 ^ _5857_/CLK (sky130_fd_sc_hd__dfxtp_2)
     2    0.00    0.04    0.29    0.29 ^ _5857_/Q (sky130_fd_sc_hd__dfxtp_2)
                                         reg_file.memory[9][31] (net)
                  0.04    0.00    0.29 ^ _4872_/A (sky130_fd_sc_hd__buf_1)
     1    0.00    0.04    0.07    0.37 ^ _4872_/X (sky130_fd_sc_hd__buf_1)
                                         _2400_ (net)
                  0.04    0.00    0.37 ^ _4873_/A (sky130_fd_sc_hd__buf_1)
     1    0.00    0.03    0.07    0.44 ^ _4873_/X (sky130_fd_sc_hd__buf_1)
                                         _0107_ (net)
                  0.03    0.00    0.44 ^ _5857_/D (sky130_fd_sc_hd__dfxtp_2)
                                  0.44   data arrival time

                  0.00    0.00    0.00   clock core_clock (rise edge)
                          0.00    0.00   clock network delay (ideal)
                          0.00    0.00   clock reconvergence pessimism
                                  0.00 ^ _5857_/CLK (sky130_fd_sc_hd__dfxtp_2)
                         -0.03   -0.03   library hold time
                                 -0.03   data required time
-----------------------------------------------------------------------------
                                 -0.03   data required time
                                 -0.44   data arrival time
-----------------------------------------------------------------------------
                                  0.47   slack (MET)


Startpoint: _6152_ (rising edge-triggered flip-flop clocked by core_clock)
Endpoint: _6152_ (rising edge-triggered flip-flop clocked by core_clock)
Path Group: core_clock
Path Type: min

Fanout     Cap    Slew   Delay    Time   Description
-----------------------------------------------------------------------------
                  0.00    0.00    0.00   clock core_clock (rise edge)
                          0.00    0.00   clock network delay (ideal)
                  0.00    0.00    0.00 ^ _6152_/CLK (sky130_fd_sc_hd__dfxtp_2)
     2    0.00    0.04    0.30    0.30 ^ _6152_/Q (sky130_fd_sc_hd__dfxtp_2)
                                         reg_file.memory[1][22] (net)
                  0.04    0.00    0.30 ^ _5500_/A (sky130_fd_sc_hd__buf_1)
     1    0.00    0.04    0.07    0.37 ^ _5500_/X (sky130_fd_sc_hd__buf_1)
                                         _2748_ (net)
                  0.04    0.00    0.37 ^ _5501_/A (sky130_fd_sc_hd__buf_1)
     1    0.00    0.03    0.07    0.44 ^ _5501_/X (sky130_fd_sc_hd__buf_1)
                                         _0387_ (net)
                  0.03    0.00    0.44 ^ _6152_/D (sky130_fd_sc_hd__dfxtp_2)
                                  0.44   data arrival time

                  0.00    0.00    0.00   clock core_clock (rise edge)
                          0.00    0.00   clock network delay (ideal)
                          0.00    0.00   clock reconvergence pessimism
                                  0.00 ^ _6152_/CLK (sky130_fd_sc_hd__dfxtp_2)
                         -0.03   -0.03   library hold time
                                 -0.03   data required time
-----------------------------------------------------------------------------
                                 -0.03   data required time
                                 -0.44   data arrival time
-----------------------------------------------------------------------------
                                  0.47   slack (MET)


Startpoint: _5847_ (rising edge-triggered flip-flop clocked by core_clock)
Endpoint: _5847_ (rising edge-triggered flip-flop clocked by core_clock)
Path Group: core_clock
Path Type: min

Fanout     Cap    Slew   Delay    Time   Description
-----------------------------------------------------------------------------
                  0.00    0.00    0.00   clock core_clock (rise edge)
                          0.00    0.00   clock network delay (ideal)
                  0.00    0.00    0.00 ^ _5847_/CLK (sky130_fd_sc_hd__dfxtp_2)
     2    0.00    0.04    0.29    0.29 ^ _5847_/Q (sky130_fd_sc_hd__dfxtp_2)
                                         reg_file.memory[9][21] (net)
                  0.04    0.00    0.29 ^ _4852_/A (sky130_fd_sc_hd__buf_1)
     1    0.00    0.04    0.07    0.37 ^ _4852_/X (sky130_fd_sc_hd__buf_1)
                                         _2390_ (net)
                  0.04    0.00    0.37 ^ _4853_/A (sky130_fd_sc_hd__buf_1)
     1    0.00    0.04    0.07    0.44 ^ _4853_/X (sky130_fd_sc_hd__buf_1)
                                         _0097_ (net)
                  0.04    0.00    0.44 ^ _5847_/D (sky130_fd_sc_hd__dfxtp_2)
                                  0.44   data arrival time

                  0.00    0.00    0.00   clock core_clock (rise edge)
                          0.00    0.00   clock network delay (ideal)
                          0.00    0.00   clock reconvergence pessimism
                                  0.00 ^ _5847_/CLK (sky130_fd_sc_hd__dfxtp_2)
                         -0.04   -0.04   library hold time
                                 -0.04   data required time
-----------------------------------------------------------------------------
                                 -0.04   data required time
                                 -0.44   data arrival time
-----------------------------------------------------------------------------
                                  0.47   slack (MET)


Startpoint: _6154_ (rising edge-triggered flip-flop clocked by core_clock)
Endpoint: _6154_ (rising edge-triggered flip-flop clocked by core_clock)
Path Group: core_clock
Path Type: min

Fanout     Cap    Slew   Delay    Time   Description
-----------------------------------------------------------------------------
                  0.00    0.00    0.00   clock core_clock (rise edge)
                          0.00    0.00   clock network delay (ideal)
                  0.00    0.00    0.00 ^ _6154_/CLK (sky130_fd_sc_hd__dfxtp_2)
     2    0.00    0.04    0.30    0.30 ^ _6154_/Q (sky130_fd_sc_hd__dfxtp_2)
                                         reg_file.memory[1][24] (net)
                  0.04    0.00    0.30 ^ _5504_/A (sky130_fd_sc_hd__buf_1)
     1    0.00    0.04    0.07    0.37 ^ _5504_/X (sky130_fd_sc_hd__buf_1)
                                         _2750_ (net)
                  0.04    0.00    0.37 ^ _5505_/A (sky130_fd_sc_hd__buf_1)
     1    0.00    0.03    0.07    0.44 ^ _5505_/X (sky130_fd_sc_hd__buf_1)
                                         _0389_ (net)
                  0.03    0.00    0.44 ^ _6154_/D (sky130_fd_sc_hd__dfxtp_2)
                                  0.44   data arrival time

                  0.00    0.00    0.00   clock core_clock (rise edge)
                          0.00    0.00   clock network delay (ideal)
                          0.00    0.00   clock reconvergence pessimism
                                  0.00 ^ _6154_/CLK (sky130_fd_sc_hd__dfxtp_2)
                         -0.03   -0.03   library hold time
                                 -0.03   data required time
-----------------------------------------------------------------------------
                                 -0.03   data required time
                                 -0.44   data arrival time
-----------------------------------------------------------------------------
                                  0.47   slack (MET)


Startpoint: _6161_ (rising edge-triggered flip-flop clocked by core_clock)
Endpoint: _6161_ (rising edge-triggered flip-flop clocked by core_clock)
Path Group: core_clock
Path Type: min

Fanout     Cap    Slew   Delay    Time   Description
-----------------------------------------------------------------------------
                  0.00    0.00    0.00   clock core_clock (rise edge)
                          0.00    0.00   clock network delay (ideal)
                  0.00    0.00    0.00 ^ _6161_/CLK (sky130_fd_sc_hd__dfxtp_2)
     2    0.00    0.04    0.29    0.29 ^ _6161_/Q (sky130_fd_sc_hd__dfxtp_2)
                                         reg_file.memory[1][31] (net)
                  0.04    0.00    0.29 ^ _5518_/A (sky130_fd_sc_hd__buf_1)
     1    0.00    0.04    0.07    0.37 ^ _5518_/X (sky130_fd_sc_hd__buf_1)
                                         _2757_ (net)
                  0.04    0.00    0.37 ^ _5519_/A (sky130_fd_sc_hd__buf_1)
     1    0.00    0.03    0.07    0.44 ^ _5519_/X (sky130_fd_sc_hd__buf_1)
                                         _0396_ (net)
                  0.03    0.00    0.44 ^ _6161_/D (sky130_fd_sc_hd__dfxtp_2)
                                  0.44   data arrival time

                  0.00    0.00    0.00   clock core_clock (rise edge)
                          0.00    0.00   clock network delay (ideal)
                          0.00    0.00   clock reconvergence pessimism
                                  0.00 ^ _6161_/CLK (sky130_fd_sc_hd__dfxtp_2)
                         -0.03   -0.03   library hold time
                                 -0.03   data required time
-----------------------------------------------------------------------------
                                 -0.03   data required time
                                 -0.44   data arrival time
-----------------------------------------------------------------------------
                                  0.47   slack (MET)


Startpoint: _5843_ (rising edge-triggered flip-flop clocked by core_clock)
Endpoint: _5843_ (rising edge-triggered flip-flop clocked by core_clock)
Path Group: core_clock
Path Type: min

Fanout     Cap    Slew   Delay    Time   Description
-----------------------------------------------------------------------------
                  0.00    0.00    0.00   clock core_clock (rise edge)
                          0.00    0.00   clock network delay (ideal)
                  0.00    0.00    0.00 ^ _5843_/CLK (sky130_fd_sc_hd__dfxtp_2)
     2    0.00    0.04    0.29    0.29 ^ _5843_/Q (sky130_fd_sc_hd__dfxtp_2)
                                         reg_file.memory[9][17] (net)
                  0.04    0.00    0.29 ^ _4844_/A (sky130_fd_sc_hd__buf_1)
     1    0.00    0.04    0.07    0.37 ^ _4844_/X (sky130_fd_sc_hd__buf_1)
                                         _2386_ (net)
                  0.04    0.00    0.37 ^ _4845_/A (sky130_fd_sc_hd__buf_1)
     1    0.00    0.03    0.07    0.44 ^ _4845_/X (sky130_fd_sc_hd__buf_1)
                                         _0093_ (net)
                  0.03    0.00    0.44 ^ _5843_/D (sky130_fd_sc_hd__dfxtp_2)
                                  0.44   data arrival time

                  0.00    0.00    0.00   clock core_clock (rise edge)
                          0.00    0.00   clock network delay (ideal)
                          0.00    0.00   clock reconvergence pessimism
                                  0.00 ^ _5843_/CLK (sky130_fd_sc_hd__dfxtp_2)
                         -0.03   -0.03   library hold time
                                 -0.03   data required time
-----------------------------------------------------------------------------
                                 -0.03   data required time
                                 -0.44   data arrival time
-----------------------------------------------------------------------------
                                  0.47   slack (MET)


Startpoint: _5849_ (rising edge-triggered flip-flop clocked by core_clock)
Endpoint: _5849_ (rising edge-triggered flip-flop clocked by core_clock)
Path Group: core_clock
Path Type: min

Fanout     Cap    Slew   Delay    Time   Description
-----------------------------------------------------------------------------
                  0.00    0.00    0.00   clock core_clock (rise edge)
                          0.00    0.00   clock network delay (ideal)
                  0.00    0.00    0.00 ^ _5849_/CLK (sky130_fd_sc_hd__dfxtp_2)
     2    0.00    0.04    0.29    0.29 ^ _5849_/Q (sky130_fd_sc_hd__dfxtp_2)
                                         reg_file.memory[9][23] (net)
                  0.04    0.00    0.29 ^ _4856_/A (sky130_fd_sc_hd__buf_1)
     1    0.00    0.04    0.07    0.37 ^ _4856_/X (sky130_fd_sc_hd__buf_1)
                                         _2392_ (net)
                  0.04    0.00    0.37 ^ _4857_/A (sky130_fd_sc_hd__buf_1)
     1    0.00    0.03    0.07    0.44 ^ _4857_/X (sky130_fd_sc_hd__buf_1)
                                         _0099_ (net)
                  0.03    0.00    0.44 ^ _5849_/D (sky130_fd_sc_hd__dfxtp_2)
                                  0.44   data arrival time

                  0.00    0.00    0.00   clock core_clock (rise edge)
                          0.00    0.00   clock network delay (ideal)
                          0.00    0.00   clock reconvergence pessimism
                                  0.00 ^ _5849_/CLK (sky130_fd_sc_hd__dfxtp_2)
                         -0.04   -0.04   library hold time
                                 -0.04   data required time
-----------------------------------------------------------------------------
                                 -0.04   data required time
                                 -0.44   data arrival time
-----------------------------------------------------------------------------
                                  0.47   slack (MET)


Startpoint: _5842_ (rising edge-triggered flip-flop clocked by core_clock)
Endpoint: _5842_ (rising edge-triggered flip-flop clocked by core_clock)
Path Group: core_clock
Path Type: min

Fanout     Cap    Slew   Delay    Time   Description
-----------------------------------------------------------------------------
                  0.00    0.00    0.00   clock core_clock (rise edge)
                          0.00    0.00   clock network delay (ideal)
                  0.00    0.00    0.00 ^ _5842_/CLK (sky130_fd_sc_hd__dfxtp_2)
     2    0.00    0.04    0.29    0.29 ^ _5842_/Q (sky130_fd_sc_hd__dfxtp_2)
                                         reg_file.memory[9][16] (net)
                  0.04    0.00    0.29 ^ _4842_/A (sky130_fd_sc_hd__buf_1)
     1    0.00    0.04    0.07    0.37 ^ _4842_/X (sky130_fd_sc_hd__buf_1)
                                         _2385_ (net)
                  0.04    0.00    0.37 ^ _4843_/A (sky130_fd_sc_hd__buf_1)
     1    0.00    0.03    0.07    0.44 ^ _4843_/X (sky130_fd_sc_hd__buf_1)
                                         _0092_ (net)
                  0.03    0.00    0.44 ^ _5842_/D (sky130_fd_sc_hd__dfxtp_2)
                                  0.44   data arrival time

                  0.00    0.00    0.00   clock core_clock (rise edge)
                          0.00    0.00   clock network delay (ideal)
                          0.00    0.00   clock reconvergence pessimism
                                  0.00 ^ _5842_/CLK (sky130_fd_sc_hd__dfxtp_2)
                         -0.03   -0.03   library hold time
                                 -0.03   data required time
-----------------------------------------------------------------------------
                                 -0.03   data required time
                                 -0.44   data arrival time
-----------------------------------------------------------------------------
                                  0.47   slack (MET)


Startpoint: _6155_ (rising edge-triggered flip-flop clocked by core_clock)
Endpoint: _6155_ (rising edge-triggered flip-flop clocked by core_clock)
Path Group: core_clock
Path Type: min

Fanout     Cap    Slew   Delay    Time   Description
-----------------------------------------------------------------------------
                  0.00    0.00    0.00   clock core_clock (rise edge)
                          0.00    0.00   clock network delay (ideal)
                  0.00    0.00    0.00 ^ _6155_/CLK (sky130_fd_sc_hd__dfxtp_2)
     2    0.00    0.04    0.30    0.30 ^ _6155_/Q (sky130_fd_sc_hd__dfxtp_2)
                                         reg_file.memory[1][25] (net)
                  0.04    0.00    0.30 ^ _5506_/A (sky130_fd_sc_hd__buf_1)
     1    0.00    0.04    0.07    0.37 ^ _5506_/X (sky130_fd_sc_hd__buf_1)
                                         _2751_ (net)
                  0.04    0.00    0.37 ^ _5507_/A (sky130_fd_sc_hd__buf_1)
     1    0.00    0.03    0.07    0.44 ^ _5507_/X (sky130_fd_sc_hd__buf_1)
                                         _0390_ (net)
                  0.03    0.00    0.44 ^ _6155_/D (sky130_fd_sc_hd__dfxtp_2)
                                  0.44   data arrival time

                  0.00    0.00    0.00   clock core_clock (rise edge)
                          0.00    0.00   clock network delay (ideal)
                          0.00    0.00   clock reconvergence pessimism
                                  0.00 ^ _6155_/CLK (sky130_fd_sc_hd__dfxtp_2)
                         -0.03   -0.03   library hold time
                                 -0.03   data required time
-----------------------------------------------------------------------------
                                 -0.03   data required time
                                 -0.44   data arrival time
-----------------------------------------------------------------------------
                                  0.47   slack (MET)


Startpoint: _5832_ (rising edge-triggered flip-flop clocked by core_clock)
Endpoint: _5832_ (rising edge-triggered flip-flop clocked by core_clock)
Path Group: core_clock
Path Type: min

Fanout     Cap    Slew   Delay    Time   Description
-----------------------------------------------------------------------------
                  0.00    0.00    0.00   clock core_clock (rise edge)
                          0.00    0.00   clock network delay (ideal)
                  0.00    0.00    0.00 ^ _5832_/CLK (sky130_fd_sc_hd__dfxtp_2)
     2    0.00    0.04    0.29    0.29 ^ _5832_/Q (sky130_fd_sc_hd__dfxtp_2)
                                         reg_file.memory[9][6] (net)
                  0.04    0.00    0.29 ^ _4822_/A (sky130_fd_sc_hd__buf_1)
     1    0.00    0.04    0.07    0.37 ^ _4822_/X (sky130_fd_sc_hd__buf_1)
                                         _2375_ (net)
                  0.04    0.00    0.37 ^ _4823_/A (sky130_fd_sc_hd__buf_1)
     1    0.00    0.03    0.07    0.44 ^ _4823_/X (sky130_fd_sc_hd__buf_1)
                                         _0082_ (net)
                  0.03    0.00    0.44 ^ _5832_/D (sky130_fd_sc_hd__dfxtp_2)
                                  0.44   data arrival time

                  0.00    0.00    0.00   clock core_clock (rise edge)
                          0.00    0.00   clock network delay (ideal)
                          0.00    0.00   clock reconvergence pessimism
                                  0.00 ^ _5832_/CLK (sky130_fd_sc_hd__dfxtp_2)
                         -0.04   -0.04   library hold time
                                 -0.04   data required time
-----------------------------------------------------------------------------
                                 -0.04   data required time
                                 -0.44   data arrival time
-----------------------------------------------------------------------------
                                  0.47   slack (MET)


Startpoint: _5851_ (rising edge-triggered flip-flop clocked by core_clock)
Endpoint: _5851_ (rising edge-triggered flip-flop clocked by core_clock)
Path Group: core_clock
Path Type: min

Fanout     Cap    Slew   Delay    Time   Description
-----------------------------------------------------------------------------
                  0.00    0.00    0.00   clock core_clock (rise edge)
                          0.00    0.00   clock network delay (ideal)
                  0.00    0.00    0.00 ^ _5851_/CLK (sky130_fd_sc_hd__dfxtp_2)
     2    0.00    0.04    0.29    0.29 ^ _5851_/Q (sky130_fd_sc_hd__dfxtp_2)
                                         reg_file.memory[9][25] (net)
                  0.04    0.00    0.29 ^ _4860_/A (sky130_fd_sc_hd__buf_1)
     1    0.00    0.04    0.07    0.37 ^ _4860_/X (sky130_fd_sc_hd__buf_1)
                                         _2394_ (net)
                  0.04    0.00    0.37 ^ _4861_/A (sky130_fd_sc_hd__buf_1)
     1    0.00    0.04    0.07    0.44 ^ _4861_/X (sky130_fd_sc_hd__buf_1)
                                         _0101_ (net)
                  0.04    0.00    0.44 ^ _5851_/D (sky130_fd_sc_hd__dfxtp_2)
                                  0.44   data arrival time

                  0.00    0.00    0.00   clock core_clock (rise edge)
                          0.00    0.00   clock network delay (ideal)
                          0.00    0.00   clock reconvergence pessimism
                                  0.00 ^ _5851_/CLK (sky130_fd_sc_hd__dfxtp_2)
                         -0.04   -0.04   library hold time
                                 -0.04   data required time
-----------------------------------------------------------------------------
                                 -0.04   data required time
                                 -0.44   data arrival time
-----------------------------------------------------------------------------
                                  0.47   slack (MET)


Startpoint: _6157_ (rising edge-triggered flip-flop clocked by core_clock)
Endpoint: _6157_ (rising edge-triggered flip-flop clocked by core_clock)
Path Group: core_clock
Path Type: min

Fanout     Cap    Slew   Delay    Time   Description
-----------------------------------------------------------------------------
                  0.00    0.00    0.00   clock core_clock (rise edge)
                          0.00    0.00   clock network delay (ideal)
                  0.00    0.00    0.00 ^ _6157_/CLK (sky130_fd_sc_hd__dfxtp_2)
     2    0.00    0.04    0.29    0.29 ^ _6157_/Q (sky130_fd_sc_hd__dfxtp_2)
                                         reg_file.memory[1][27] (net)
                  0.04    0.00    0.29 ^ _5510_/A (sky130_fd_sc_hd__buf_1)
     1    0.00    0.04    0.07    0.37 ^ _5510_/X (sky130_fd_sc_hd__buf_1)
                                         _2753_ (net)
                  0.04    0.00    0.37 ^ _5511_/A (sky130_fd_sc_hd__buf_1)
     1    0.00    0.03    0.07    0.44 ^ _5511_/X (sky130_fd_sc_hd__buf_1)
                                         _0392_ (net)
                  0.03    0.00    0.44 ^ _6157_/D (sky130_fd_sc_hd__dfxtp_2)
                                  0.44   data arrival time

                  0.00    0.00    0.00   clock core_clock (rise edge)
                          0.00    0.00   clock network delay (ideal)
                          0.00    0.00   clock reconvergence pessimism
                                  0.00 ^ _6157_/CLK (sky130_fd_sc_hd__dfxtp_2)
                         -0.04   -0.04   library hold time
                                 -0.04   data required time
-----------------------------------------------------------------------------
                                 -0.04   data required time
                                 -0.44   data arrival time
-----------------------------------------------------------------------------
                                  0.47   slack (MET)


Startpoint: _5835_ (rising edge-triggered flip-flop clocked by core_clock)
Endpoint: _5835_ (rising edge-triggered flip-flop clocked by core_clock)
Path Group: core_clock
Path Type: min

Fanout     Cap    Slew   Delay    Time   Description
-----------------------------------------------------------------------------
                  0.00    0.00    0.00   clock core_clock (rise edge)
                          0.00    0.00   clock network delay (ideal)
                  0.00    0.00    0.00 ^ _5835_/CLK (sky130_fd_sc_hd__dfxtp_2)
     2    0.00    0.04    0.29    0.29 ^ _5835_/Q (sky130_fd_sc_hd__dfxtp_2)
                                         reg_file.memory[9][9] (net)
                  0.04    0.00    0.29 ^ _4828_/A (sky130_fd_sc_hd__buf_1)
     1    0.00    0.04    0.07    0.37 ^ _4828_/X (sky130_fd_sc_hd__buf_1)
                                         _2378_ (net)
                  0.04    0.00    0.37 ^ _4829_/A (sky130_fd_sc_hd__buf_1)
     1    0.00    0.03    0.07    0.44 ^ _4829_/X (sky130_fd_sc_hd__buf_1)
                                         _0085_ (net)
                  0.03    0.00    0.44 ^ _5835_/D (sky130_fd_sc_hd__dfxtp_2)
                                  0.44   data arrival time

                  0.00    0.00    0.00   clock core_clock (rise edge)
                          0.00    0.00   clock network delay (ideal)
                          0.00    0.00   clock reconvergence pessimism
                                  0.00 ^ _5835_/CLK (sky130_fd_sc_hd__dfxtp_2)
                         -0.04   -0.04   library hold time
                                 -0.04   data required time
-----------------------------------------------------------------------------
                                 -0.04   data required time
                                 -0.44   data arrival time
-----------------------------------------------------------------------------
                                  0.47   slack (MET)


Startpoint: _5844_ (rising edge-triggered flip-flop clocked by core_clock)
Endpoint: _5844_ (rising edge-triggered flip-flop clocked by core_clock)
Path Group: core_clock
Path Type: min

Fanout     Cap    Slew   Delay    Time   Description
-----------------------------------------------------------------------------
                  0.00    0.00    0.00   clock core_clock (rise edge)
                          0.00    0.00   clock network delay (ideal)
                  0.00    0.00    0.00 ^ _5844_/CLK (sky130_fd_sc_hd__dfxtp_2)
     2    0.00    0.04    0.29    0.29 ^ _5844_/Q (sky130_fd_sc_hd__dfxtp_2)
                                         reg_file.memory[9][18] (net)
                  0.04    0.00    0.29 ^ _4846_/A (sky130_fd_sc_hd__buf_1)
     1    0.00    0.04    0.07    0.37 ^ _4846_/X (sky130_fd_sc_hd__buf_1)
                                         _2387_ (net)
                  0.04    0.00    0.37 ^ _4847_/A (sky130_fd_sc_hd__buf_1)
     1    0.00    0.03    0.07    0.44 ^ _4847_/X (sky130_fd_sc_hd__buf_1)
                                         _0094_ (net)
                  0.03    0.00    0.44 ^ _5844_/D (sky130_fd_sc_hd__dfxtp_2)
                                  0.44   data arrival time

                  0.00    0.00    0.00   clock core_clock (rise edge)
                          0.00    0.00   clock network delay (ideal)
                          0.00    0.00   clock reconvergence pessimism
                                  0.00 ^ _5844_/CLK (sky130_fd_sc_hd__dfxtp_2)
                         -0.03   -0.03   library hold time
                                 -0.03   data required time
-----------------------------------------------------------------------------
                                 -0.03   data required time
                                 -0.44   data arrival time
-----------------------------------------------------------------------------
                                  0.47   slack (MET)


Startpoint: _5829_ (rising edge-triggered flip-flop clocked by core_clock)
Endpoint: _5829_ (rising edge-triggered flip-flop clocked by core_clock)
Path Group: core_clock
Path Type: min

Fanout     Cap    Slew   Delay    Time   Description
-----------------------------------------------------------------------------
                  0.00    0.00    0.00   clock core_clock (rise edge)
                          0.00    0.00   clock network delay (ideal)
                  0.00    0.00    0.00 ^ _5829_/CLK (sky130_fd_sc_hd__dfxtp_2)
     2    0.00    0.04    0.29    0.29 ^ _5829_/Q (sky130_fd_sc_hd__dfxtp_2)
                                         reg_file.memory[9][3] (net)
                  0.04    0.00    0.29 ^ _4816_/A (sky130_fd_sc_hd__buf_1)
     1    0.00    0.04    0.07    0.37 ^ _4816_/X (sky130_fd_sc_hd__buf_1)
                                         _2372_ (net)
                  0.04    0.00    0.37 ^ _4817_/A (sky130_fd_sc_hd__buf_1)
     1    0.00    0.04    0.07    0.44 ^ _4817_/X (sky130_fd_sc_hd__buf_1)
                                         _0079_ (net)
                  0.04    0.00    0.44 ^ _5829_/D (sky130_fd_sc_hd__dfxtp_2)
                                  0.44   data arrival time

                  0.00    0.00    0.00   clock core_clock (rise edge)
                          0.00    0.00   clock network delay (ideal)
                          0.00    0.00   clock reconvergence pessimism
                                  0.00 ^ _5829_/CLK (sky130_fd_sc_hd__dfxtp_2)
                         -0.04   -0.04   library hold time
                                 -0.04   data required time
-----------------------------------------------------------------------------
                                 -0.04   data required time
                                 -0.44   data arrival time
-----------------------------------------------------------------------------
                                  0.48   slack (MET)


Startpoint: _5841_ (rising edge-triggered flip-flop clocked by core_clock)
Endpoint: _5841_ (rising edge-triggered flip-flop clocked by core_clock)
Path Group: core_clock
Path Type: min

Fanout     Cap    Slew   Delay    Time   Description
-----------------------------------------------------------------------------
                  0.00    0.00    0.00   clock core_clock (rise edge)
                          0.00    0.00   clock network delay (ideal)
                  0.00    0.00    0.00 ^ _5841_/CLK (sky130_fd_sc_hd__dfxtp_2)
     2    0.00    0.04    0.29    0.29 ^ _5841_/Q (sky130_fd_sc_hd__dfxtp_2)
                                         reg_file.memory[9][15] (net)
                  0.04    0.00    0.29 ^ _4840_/A (sky130_fd_sc_hd__buf_1)
     1    0.00    0.04    0.07    0.37 ^ _4840_/X (sky130_fd_sc_hd__buf_1)
                                         _2384_ (net)
                  0.04    0.00    0.37 ^ _4841_/A (sky130_fd_sc_hd__buf_1)
     1    0.00    0.03    0.07    0.44 ^ _4841_/X (sky130_fd_sc_hd__buf_1)
                                         _0091_ (net)
                  0.03    0.00    0.44 ^ _5841_/D (sky130_fd_sc_hd__dfxtp_2)
                                  0.44   data arrival time

                  0.00    0.00    0.00   clock core_clock (rise edge)
                          0.00    0.00   clock network delay (ideal)
                          0.00    0.00   clock reconvergence pessimism
                                  0.00 ^ _5841_/CLK (sky130_fd_sc_hd__dfxtp_2)
                         -0.04   -0.04   library hold time
                                 -0.04   data required time
-----------------------------------------------------------------------------
                                 -0.04   data required time
                                 -0.44   data arrival time
-----------------------------------------------------------------------------
                                  0.48   slack (MET)


Startpoint: _6150_ (rising edge-triggered flip-flop clocked by core_clock)
Endpoint: _6150_ (rising edge-triggered flip-flop clocked by core_clock)
Path Group: core_clock
Path Type: min

Fanout     Cap    Slew   Delay    Time   Description
-----------------------------------------------------------------------------
                  0.00    0.00    0.00   clock core_clock (rise edge)
                          0.00    0.00   clock network delay (ideal)
                  0.00    0.00    0.00 ^ _6150_/CLK (sky130_fd_sc_hd__dfxtp_2)
     2    0.00    0.04    0.30    0.30 ^ _6150_/Q (sky130_fd_sc_hd__dfxtp_2)
                                         reg_file.memory[1][20] (net)
                  0.04    0.00    0.30 ^ _5496_/A (sky130_fd_sc_hd__buf_1)
     1    0.00    0.04    0.07    0.37 ^ _5496_/X (sky130_fd_sc_hd__buf_1)
                                         _2746_ (net)
                  0.04    0.00    0.37 ^ _5497_/A (sky130_fd_sc_hd__buf_1)
     1    0.00    0.03    0.07    0.44 ^ _5497_/X (sky130_fd_sc_hd__buf_1)
                                         _0385_ (net)
                  0.03    0.00    0.44 ^ _6150_/D (sky130_fd_sc_hd__dfxtp_2)
                                  0.44   data arrival time

                  0.00    0.00    0.00   clock core_clock (rise edge)
                          0.00    0.00   clock network delay (ideal)
                          0.00    0.00   clock reconvergence pessimism
                                  0.00 ^ _6150_/CLK (sky130_fd_sc_hd__dfxtp_2)
                         -0.03   -0.03   library hold time
                                 -0.03   data required time
-----------------------------------------------------------------------------
                                 -0.03   data required time
                                 -0.44   data arrival time
-----------------------------------------------------------------------------
                                  0.48   slack (MET)


Startpoint: _5839_ (rising edge-triggered flip-flop clocked by core_clock)
Endpoint: _5839_ (rising edge-triggered flip-flop clocked by core_clock)
Path Group: core_clock
Path Type: min

Fanout     Cap    Slew   Delay    Time   Description
-----------------------------------------------------------------------------
                  0.00    0.00    0.00   clock core_clock (rise edge)
                          0.00    0.00   clock network delay (ideal)
                  0.00    0.00    0.00 ^ _5839_/CLK (sky130_fd_sc_hd__dfxtp_2)
     2    0.00    0.04    0.29    0.29 ^ _5839_/Q (sky130_fd_sc_hd__dfxtp_2)
                                         reg_file.memory[9][13] (net)
                  0.04    0.00    0.29 ^ _4836_/A (sky130_fd_sc_hd__buf_1)
     1    0.00    0.04    0.07    0.37 ^ _4836_/X (sky130_fd_sc_hd__buf_1)
                                         _2382_ (net)
                  0.04    0.00    0.37 ^ _4837_/A (sky130_fd_sc_hd__buf_1)
     1    0.00    0.03    0.07    0.44 ^ _4837_/X (sky130_fd_sc_hd__buf_1)
                                         _0089_ (net)
                  0.03    0.00    0.44 ^ _5839_/D (sky130_fd_sc_hd__dfxtp_2)
                                  0.44   data arrival time

                  0.00    0.00    0.00   clock core_clock (rise edge)
                          0.00    0.00   clock network delay (ideal)
                          0.00    0.00   clock reconvergence pessimism
                                  0.00 ^ _5839_/CLK (sky130_fd_sc_hd__dfxtp_2)
                         -0.04   -0.04   library hold time
                                 -0.04   data required time
-----------------------------------------------------------------------------
                                 -0.04   data required time
                                 -0.44   data arrival time
-----------------------------------------------------------------------------
                                  0.48   slack (MET)


Startpoint: _5840_ (rising edge-triggered flip-flop clocked by core_clock)
Endpoint: _5840_ (rising edge-triggered flip-flop clocked by core_clock)
Path Group: core_clock
Path Type: min

Fanout     Cap    Slew   Delay    Time   Description
-----------------------------------------------------------------------------
                  0.00    0.00    0.00   clock core_clock (rise edge)
                          0.00    0.00   clock network delay (ideal)
                  0.00    0.00    0.00 ^ _5840_/CLK (sky130_fd_sc_hd__dfxtp_2)
     2    0.00    0.04    0.29    0.29 ^ _5840_/Q (sky130_fd_sc_hd__dfxtp_2)
                                         reg_file.memory[9][14] (net)
                  0.04    0.00    0.29 ^ _4838_/A (sky130_fd_sc_hd__buf_1)
     1    0.00    0.04    0.07    0.37 ^ _4838_/X (sky130_fd_sc_hd__buf_1)
                                         _2383_ (net)
                  0.04    0.00    0.37 ^ _4839_/A (sky130_fd_sc_hd__buf_1)
     1    0.00    0.03    0.07    0.44 ^ _4839_/X (sky130_fd_sc_hd__buf_1)
                                         _0090_ (net)
                  0.03    0.00    0.44 ^ _5840_/D (sky130_fd_sc_hd__dfxtp_2)
                                  0.44   data arrival time

                  0.00    0.00    0.00   clock core_clock (rise edge)
                          0.00    0.00   clock network delay (ideal)
                          0.00    0.00   clock reconvergence pessimism
                                  0.00 ^ _5840_/CLK (sky130_fd_sc_hd__dfxtp_2)
                         -0.04   -0.04   library hold time
                                 -0.04   data required time
-----------------------------------------------------------------------------
                                 -0.04   data required time
                                 -0.44   data arrival time
-----------------------------------------------------------------------------
                                  0.48   slack (MET)


Startpoint: _6140_ (rising edge-triggered flip-flop clocked by core_clock)
Endpoint: _6140_ (rising edge-triggered flip-flop clocked by core_clock)
Path Group: core_clock
Path Type: min

Fanout     Cap    Slew   Delay    Time   Description
-----------------------------------------------------------------------------
                  0.00    0.00    0.00   clock core_clock (rise edge)
                          0.00    0.00   clock network delay (ideal)
                  0.00    0.00    0.00 ^ _6140_/CLK (sky130_fd_sc_hd__dfxtp_2)
     2    0.00    0.04    0.29    0.29 ^ _6140_/Q (sky130_fd_sc_hd__dfxtp_2)
                                         reg_file.memory[1][10] (net)
                  0.04    0.00    0.29 ^ _5476_/A (sky130_fd_sc_hd__buf_1)
     1    0.00    0.04    0.07    0.37 ^ _5476_/X (sky130_fd_sc_hd__buf_1)
                                         _2736_ (net)
                  0.04    0.00    0.37 ^ _5477_/A (sky130_fd_sc_hd__buf_1)
     1    0.00    0.04    0.07    0.44 ^ _5477_/X (sky130_fd_sc_hd__buf_1)
                                         _0375_ (net)
                  0.04    0.00    0.44 ^ _6140_/D (sky130_fd_sc_hd__dfxtp_2)
                                  0.44   data arrival time

                  0.00    0.00    0.00   clock core_clock (rise edge)
                          0.00    0.00   clock network delay (ideal)
                          0.00    0.00   clock reconvergence pessimism
                                  0.00 ^ _6140_/CLK (sky130_fd_sc_hd__dfxtp_2)
                         -0.04   -0.04   library hold time
                                 -0.04   data required time
-----------------------------------------------------------------------------
                                 -0.04   data required time
                                 -0.44   data arrival time
-----------------------------------------------------------------------------
                                  0.48   slack (MET)


Startpoint: _5830_ (rising edge-triggered flip-flop clocked by core_clock)
Endpoint: _5830_ (rising edge-triggered flip-flop clocked by core_clock)
Path Group: core_clock
Path Type: min

Fanout     Cap    Slew   Delay    Time   Description
-----------------------------------------------------------------------------
                  0.00    0.00    0.00   clock core_clock (rise edge)
                          0.00    0.00   clock network delay (ideal)
                  0.00    0.00    0.00 ^ _5830_/CLK (sky130_fd_sc_hd__dfxtp_2)
     2    0.00    0.04    0.29    0.29 ^ _5830_/Q (sky130_fd_sc_hd__dfxtp_2)
                                         reg_file.memory[9][4] (net)
                  0.04    0.00    0.29 ^ _4818_/A (sky130_fd_sc_hd__buf_1)
     1    0.00    0.04    0.07    0.37 ^ _4818_/X (sky130_fd_sc_hd__buf_1)
                                         _2373_ (net)
                  0.04    0.00    0.37 ^ _4819_/A (sky130_fd_sc_hd__buf_1)
     1    0.00    0.03    0.07    0.44 ^ _4819_/X (sky130_fd_sc_hd__buf_1)
                                         _0080_ (net)
                  0.03    0.00    0.44 ^ _5830_/D (sky130_fd_sc_hd__dfxtp_2)
                                  0.44   data arrival time

                  0.00    0.00    0.00   clock core_clock (rise edge)
                          0.00    0.00   clock network delay (ideal)
                          0.00    0.00   clock reconvergence pessimism
                                  0.00 ^ _5830_/CLK (sky130_fd_sc_hd__dfxtp_2)
                         -0.04   -0.04   library hold time
                                 -0.04   data required time
-----------------------------------------------------------------------------
                                 -0.04   data required time
                                 -0.44   data arrival time
-----------------------------------------------------------------------------
                                  0.48   slack (MET)


Startpoint: _6147_ (rising edge-triggered flip-flop clocked by core_clock)
Endpoint: _6147_ (rising edge-triggered flip-flop clocked by core_clock)
Path Group: core_clock
Path Type: min

Fanout     Cap    Slew   Delay    Time   Description
-----------------------------------------------------------------------------
                  0.00    0.00    0.00   clock core_clock (rise edge)
                          0.00    0.00   clock network delay (ideal)
                  0.00    0.00    0.00 ^ _6147_/CLK (sky130_fd_sc_hd__dfxtp_2)
     2    0.00    0.04    0.30    0.30 ^ _6147_/Q (sky130_fd_sc_hd__dfxtp_2)
                                         reg_file.memory[1][17] (net)
                  0.04    0.00    0.30 ^ _5490_/A (sky130_fd_sc_hd__buf_1)
     1    0.00    0.04    0.07    0.37 ^ _5490_/X (sky130_fd_sc_hd__buf_1)
                                         _2743_ (net)
                  0.04    0.00    0.37 ^ _5491_/A (sky130_fd_sc_hd__buf_1)
     1    0.00    0.03    0.07    0.44 ^ _5491_/X (sky130_fd_sc_hd__buf_1)
                                         _0382_ (net)
                  0.03    0.00    0.44 ^ _6147_/D (sky130_fd_sc_hd__dfxtp_2)
                                  0.44   data arrival time

                  0.00    0.00    0.00   clock core_clock (rise edge)
                          0.00    0.00   clock network delay (ideal)
                          0.00    0.00   clock reconvergence pessimism
                                  0.00 ^ _6147_/CLK (sky130_fd_sc_hd__dfxtp_2)
                         -0.03   -0.03   library hold time
                                 -0.03   data required time
-----------------------------------------------------------------------------
                                 -0.03   data required time
                                 -0.44   data arrival time
-----------------------------------------------------------------------------
                                  0.48   slack (MET)


Startpoint: _5837_ (rising edge-triggered flip-flop clocked by core_clock)
Endpoint: _5837_ (rising edge-triggered flip-flop clocked by core_clock)
Path Group: core_clock
Path Type: min

Fanout     Cap    Slew   Delay    Time   Description
-----------------------------------------------------------------------------
                  0.00    0.00    0.00   clock core_clock (rise edge)
                          0.00    0.00   clock network delay (ideal)
                  0.00    0.00    0.00 ^ _5837_/CLK (sky130_fd_sc_hd__dfxtp_2)
     2    0.00    0.04    0.29    0.29 ^ _5837_/Q (sky130_fd_sc_hd__dfxtp_2)
                                         reg_file.memory[9][11] (net)
                  0.04    0.00    0.29 ^ _4832_/A (sky130_fd_sc_hd__buf_1)
     1    0.00    0.04    0.07    0.37 ^ _4832_/X (sky130_fd_sc_hd__buf_1)
                                         _2380_ (net)
                  0.04    0.00    0.37 ^ _4833_/A (sky130_fd_sc_hd__buf_1)
     1    0.00    0.03    0.07    0.44 ^ _4833_/X (sky130_fd_sc_hd__buf_1)
                                         _0087_ (net)
                  0.03    0.00    0.44 ^ _5837_/D (sky130_fd_sc_hd__dfxtp_2)
                                  0.44   data arrival time

                  0.00    0.00    0.00   clock core_clock (rise edge)
                          0.00    0.00   clock network delay (ideal)
                          0.00    0.00   clock reconvergence pessimism
                                  0.00 ^ _5837_/CLK (sky130_fd_sc_hd__dfxtp_2)
                         -0.04   -0.04   library hold time
                                 -0.04   data required time
-----------------------------------------------------------------------------
                                 -0.04   data required time
                                 -0.44   data arrival time
-----------------------------------------------------------------------------
                                  0.48   slack (MET)


Startpoint: _6148_ (rising edge-triggered flip-flop clocked by core_clock)
Endpoint: _6148_ (rising edge-triggered flip-flop clocked by core_clock)
Path Group: core_clock
Path Type: min

Fanout     Cap    Slew   Delay    Time   Description
-----------------------------------------------------------------------------
                  0.00    0.00    0.00   clock core_clock (rise edge)
                          0.00    0.00   clock network delay (ideal)
                  0.00    0.00    0.00 ^ _6148_/CLK (sky130_fd_sc_hd__dfxtp_2)
     2    0.00    0.04    0.30    0.30 ^ _6148_/Q (sky130_fd_sc_hd__dfxtp_2)
                                         reg_file.memory[1][18] (net)
                  0.04    0.00    0.30 ^ _5492_/A (sky130_fd_sc_hd__buf_1)
     1    0.00    0.04    0.07    0.37 ^ _5492_/X (sky130_fd_sc_hd__buf_1)
                                         _2744_ (net)
                  0.04    0.00    0.37 ^ _5493_/A (sky130_fd_sc_hd__buf_1)
     1    0.00    0.03    0.07    0.44 ^ _5493_/X (sky130_fd_sc_hd__buf_1)
                                         _0383_ (net)
                  0.03    0.00    0.44 ^ _6148_/D (sky130_fd_sc_hd__dfxtp_2)
                                  0.44   data arrival time

                  0.00    0.00    0.00   clock core_clock (rise edge)
                          0.00    0.00   clock network delay (ideal)
                          0.00    0.00   clock reconvergence pessimism
                                  0.00 ^ _6148_/CLK (sky130_fd_sc_hd__dfxtp_2)
                         -0.03   -0.03   library hold time
                                 -0.03   data required time
-----------------------------------------------------------------------------
                                 -0.03   data required time
                                 -0.44   data arrival time
-----------------------------------------------------------------------------
                                  0.48   slack (MET)


Startpoint: _6156_ (rising edge-triggered flip-flop clocked by core_clock)
Endpoint: _6156_ (rising edge-triggered flip-flop clocked by core_clock)
Path Group: core_clock
Path Type: min

Fanout     Cap    Slew   Delay    Time   Description
-----------------------------------------------------------------------------
                  0.00    0.00    0.00   clock core_clock (rise edge)
                          0.00    0.00   clock network delay (ideal)
                  0.00    0.00    0.00 ^ _6156_/CLK (sky130_fd_sc_hd__dfxtp_2)
     2    0.00    0.04    0.29    0.29 ^ _6156_/Q (sky130_fd_sc_hd__dfxtp_2)
                                         reg_file.memory[1][26] (net)
                  0.04    0.00    0.29 ^ _5508_/A (sky130_fd_sc_hd__buf_1)
     1    0.00    0.04    0.07    0.37 ^ _5508_/X (sky130_fd_sc_hd__buf_1)
                                         _2752_ (net)
                  0.04    0.00    0.37 ^ _5509_/A (sky130_fd_sc_hd__buf_1)
     1    0.00    0.04    0.07    0.44 ^ _5509_/X (sky130_fd_sc_hd__buf_1)
                                         _0391_ (net)
                  0.04    0.00    0.44 ^ _6156_/D (sky130_fd_sc_hd__dfxtp_2)
                                  0.44   data arrival time

                  0.00    0.00    0.00   clock core_clock (rise edge)
                          0.00    0.00   clock network delay (ideal)
                          0.00    0.00   clock reconvergence pessimism
                                  0.00 ^ _6156_/CLK (sky130_fd_sc_hd__dfxtp_2)
                         -0.04   -0.04   library hold time
                                 -0.04   data required time
-----------------------------------------------------------------------------
                                 -0.04   data required time
                                 -0.44   data arrival time
-----------------------------------------------------------------------------
                                  0.48   slack (MET)


Startpoint: _5834_ (rising edge-triggered flip-flop clocked by core_clock)
Endpoint: _5834_ (rising edge-triggered flip-flop clocked by core_clock)
Path Group: core_clock
Path Type: min

Fanout     Cap    Slew   Delay    Time   Description
-----------------------------------------------------------------------------
                  0.00    0.00    0.00   clock core_clock (rise edge)
                          0.00    0.00   clock network delay (ideal)
                  0.00    0.00    0.00 ^ _5834_/CLK (sky130_fd_sc_hd__dfxtp_2)
     2    0.00    0.04    0.30    0.30 ^ _5834_/Q (sky130_fd_sc_hd__dfxtp_2)
                                         reg_file.memory[9][8] (net)
                  0.04    0.00    0.30 ^ _4826_/A (sky130_fd_sc_hd__buf_1)
     1    0.00    0.04    0.07    0.37 ^ _4826_/X (sky130_fd_sc_hd__buf_1)
                                         _2377_ (net)
                  0.04    0.00    0.37 ^ _4827_/A (sky130_fd_sc_hd__buf_1)
     1    0.00    0.03    0.07    0.44 ^ _4827_/X (sky130_fd_sc_hd__buf_1)
                                         _0084_ (net)
                  0.03    0.00    0.44 ^ _5834_/D (sky130_fd_sc_hd__dfxtp_2)
                                  0.44   data arrival time

                  0.00    0.00    0.00   clock core_clock (rise edge)
                          0.00    0.00   clock network delay (ideal)
                          0.00    0.00   clock reconvergence pessimism
                                  0.00 ^ _5834_/CLK (sky130_fd_sc_hd__dfxtp_2)
                         -0.03   -0.03   library hold time
                                 -0.03   data required time
-----------------------------------------------------------------------------
                                 -0.03   data required time
                                 -0.44   data arrival time
-----------------------------------------------------------------------------
                                  0.48   slack (MET)


Startpoint: _6137_ (rising edge-triggered flip-flop clocked by core_clock)
Endpoint: _6137_ (rising edge-triggered flip-flop clocked by core_clock)
Path Group: core_clock
Path Type: min

Fanout     Cap    Slew   Delay    Time   Description
-----------------------------------------------------------------------------
                  0.00    0.00    0.00   clock core_clock (rise edge)
                          0.00    0.00   clock network delay (ideal)
                  0.00    0.00    0.00 ^ _6137_/CLK (sky130_fd_sc_hd__dfxtp_2)
     2    0.00    0.04    0.29    0.29 ^ _6137_/Q (sky130_fd_sc_hd__dfxtp_2)
                                         reg_file.memory[1][7] (net)
                  0.04    0.00    0.29 ^ _5470_/A (sky130_fd_sc_hd__buf_1)
     1    0.00    0.04    0.07    0.37 ^ _5470_/X (sky130_fd_sc_hd__buf_1)
                                         _2733_ (net)
                  0.04    0.00    0.37 ^ _5471_/A (sky130_fd_sc_hd__buf_1)
     1    0.00    0.03    0.07    0.44 ^ _5471_/X (sky130_fd_sc_hd__buf_1)
                                         _0372_ (net)
                  0.03    0.00    0.44 ^ _6137_/D (sky130_fd_sc_hd__dfxtp_2)
                                  0.44   data arrival time

                  0.00    0.00    0.00   clock core_clock (rise edge)
                          0.00    0.00   clock network delay (ideal)
                          0.00    0.00   clock reconvergence pessimism
                                  0.00 ^ _6137_/CLK (sky130_fd_sc_hd__dfxtp_2)
                         -0.04   -0.04   library hold time
                                 -0.04   data required time
-----------------------------------------------------------------------------
                                 -0.04   data required time
                                 -0.44   data arrival time
-----------------------------------------------------------------------------
                                  0.48   slack (MET)


Startpoint: _5846_ (rising edge-triggered flip-flop clocked by core_clock)
Endpoint: _5846_ (rising edge-triggered flip-flop clocked by core_clock)
Path Group: core_clock
Path Type: min

Fanout     Cap    Slew   Delay    Time   Description
-----------------------------------------------------------------------------
                  0.00    0.00    0.00   clock core_clock (rise edge)
                          0.00    0.00   clock network delay (ideal)
                  0.00    0.00    0.00 ^ _5846_/CLK (sky130_fd_sc_hd__dfxtp_2)
     2    0.00    0.04    0.29    0.29 ^ _5846_/Q (sky130_fd_sc_hd__dfxtp_2)
                                         reg_file.memory[9][20] (net)
                  0.04    0.00    0.29 ^ _4850_/A (sky130_fd_sc_hd__buf_1)
     1    0.00    0.04    0.07    0.37 ^ _4850_/X (sky130_fd_sc_hd__buf_1)
                                         _2389_ (net)
                  0.04    0.00    0.37 ^ _4851_/A (sky130_fd_sc_hd__buf_1)
     1    0.00    0.04    0.07    0.44 ^ _4851_/X (sky130_fd_sc_hd__buf_1)
                                         _0096_ (net)
                  0.04    0.00    0.44 ^ _5846_/D (sky130_fd_sc_hd__dfxtp_2)
                                  0.44   data arrival time

                  0.00    0.00    0.00   clock core_clock (rise edge)
                          0.00    0.00   clock network delay (ideal)
                          0.00    0.00   clock reconvergence pessimism
                                  0.00 ^ _5846_/CLK (sky130_fd_sc_hd__dfxtp_2)
                         -0.04   -0.04   library hold time
                                 -0.04   data required time
-----------------------------------------------------------------------------
                                 -0.04   data required time
                                 -0.44   data arrival time
-----------------------------------------------------------------------------
                                  0.48   slack (MET)


Startpoint: _5827_ (rising edge-triggered flip-flop clocked by core_clock)
Endpoint: _5827_ (rising edge-triggered flip-flop clocked by core_clock)
Path Group: core_clock
Path Type: min

Fanout     Cap    Slew   Delay    Time   Description
-----------------------------------------------------------------------------
                  0.00    0.00    0.00   clock core_clock (rise edge)
                          0.00    0.00   clock network delay (ideal)
                  0.00    0.00    0.00 ^ _5827_/CLK (sky130_fd_sc_hd__dfxtp_2)
     2    0.00    0.04    0.29    0.29 ^ _5827_/Q (sky130_fd_sc_hd__dfxtp_2)
                                         reg_file.memory[9][1] (net)
                  0.04    0.00    0.29 ^ _4812_/A (sky130_fd_sc_hd__buf_1)
     1    0.00    0.04    0.07    0.37 ^ _4812_/X (sky130_fd_sc_hd__buf_1)
                                         _2370_ (net)
                  0.04    0.00    0.37 ^ _4813_/A (sky130_fd_sc_hd__buf_1)
     1    0.00    0.04    0.07    0.44 ^ _4813_/X (sky130_fd_sc_hd__buf_1)
                                         _0077_ (net)
                  0.04    0.00    0.44 ^ _5827_/D (sky130_fd_sc_hd__dfxtp_2)
                                  0.44   data arrival time

                  0.00    0.00    0.00   clock core_clock (rise edge)
                          0.00    0.00   clock network delay (ideal)
                          0.00    0.00   clock reconvergence pessimism
                                  0.00 ^ _5827_/CLK (sky130_fd_sc_hd__dfxtp_2)
                         -0.04   -0.04   library hold time
                                 -0.04   data required time
-----------------------------------------------------------------------------
                                 -0.04   data required time
                                 -0.44   data arrival time
-----------------------------------------------------------------------------
                                  0.48   slack (MET)


Startpoint: _6135_ (rising edge-triggered flip-flop clocked by core_clock)
Endpoint: _6135_ (rising edge-triggered flip-flop clocked by core_clock)
Path Group: core_clock
Path Type: min

Fanout     Cap    Slew   Delay    Time   Description
-----------------------------------------------------------------------------
                  0.00    0.00    0.00   clock core_clock (rise edge)
                          0.00    0.00   clock network delay (ideal)
                  0.00    0.00    0.00 ^ _6135_/CLK (sky130_fd_sc_hd__dfxtp_2)
     2    0.00    0.04    0.29    0.29 ^ _6135_/Q (sky130_fd_sc_hd__dfxtp_2)
                                         reg_file.memory[1][5] (net)
                  0.04    0.00    0.29 ^ _5466_/A (sky130_fd_sc_hd__buf_1)
     1    0.00    0.04    0.07    0.37 ^ _5466_/X (sky130_fd_sc_hd__buf_1)
                                         _2731_ (net)
                  0.04    0.00    0.37 ^ _5467_/A (sky130_fd_sc_hd__buf_1)
     1    0.00    0.04    0.07    0.44 ^ _5467_/X (sky130_fd_sc_hd__buf_1)
                                         _0370_ (net)
                  0.04    0.00    0.44 ^ _6135_/D (sky130_fd_sc_hd__dfxtp_2)
                                  0.44   data arrival time

                  0.00    0.00    0.00   clock core_clock (rise edge)
                          0.00    0.00   clock network delay (ideal)
                          0.00    0.00   clock reconvergence pessimism
                                  0.00 ^ _6135_/CLK (sky130_fd_sc_hd__dfxtp_2)
                         -0.04   -0.04   library hold time
                                 -0.04   data required time
-----------------------------------------------------------------------------
                                 -0.04   data required time
                                 -0.44   data arrival time
-----------------------------------------------------------------------------
                                  0.48   slack (MET)


Startpoint: _6149_ (rising edge-triggered flip-flop clocked by core_clock)
Endpoint: _6149_ (rising edge-triggered flip-flop clocked by core_clock)
Path Group: core_clock
Path Type: min

Fanout     Cap    Slew   Delay    Time   Description
-----------------------------------------------------------------------------
                  0.00    0.00    0.00   clock core_clock (rise edge)
                          0.00    0.00   clock network delay (ideal)
                  0.00    0.00    0.00 ^ _6149_/CLK (sky130_fd_sc_hd__dfxtp_2)
     2    0.00    0.04    0.30    0.30 ^ _6149_/Q (sky130_fd_sc_hd__dfxtp_2)
                                         reg_file.memory[1][19] (net)
                  0.04    0.00    0.30 ^ _5494_/A (sky130_fd_sc_hd__buf_1)
     1    0.00    0.04    0.07    0.37 ^ _5494_/X (sky130_fd_sc_hd__buf_1)
                                         _2745_ (net)
                  0.04    0.00    0.37 ^ _5495_/A (sky130_fd_sc_hd__buf_1)
     1    0.00    0.03    0.07    0.44 ^ _5495_/X (sky130_fd_sc_hd__buf_1)
                                         _0384_ (net)
                  0.03    0.00    0.44 ^ _6149_/D (sky130_fd_sc_hd__dfxtp_2)
                                  0.44   data arrival time

                  0.00    0.00    0.00   clock core_clock (rise edge)
                          0.00    0.00   clock network delay (ideal)
                          0.00    0.00   clock reconvergence pessimism
                                  0.00 ^ _6149_/CLK (sky130_fd_sc_hd__dfxtp_2)
                         -0.04   -0.04   library hold time
                                 -0.04   data required time
-----------------------------------------------------------------------------
                                 -0.04   data required time
                                 -0.44   data arrival time
-----------------------------------------------------------------------------
                                  0.48   slack (MET)


Startpoint: _6139_ (rising edge-triggered flip-flop clocked by core_clock)
Endpoint: _6139_ (rising edge-triggered flip-flop clocked by core_clock)
Path Group: core_clock
Path Type: min

Fanout     Cap    Slew   Delay    Time   Description
-----------------------------------------------------------------------------
                  0.00    0.00    0.00   clock core_clock (rise edge)
                          0.00    0.00   clock network delay (ideal)
                  0.00    0.00    0.00 ^ _6139_/CLK (sky130_fd_sc_hd__dfxtp_2)
     2    0.00    0.04    0.29    0.29 ^ _6139_/Q (sky130_fd_sc_hd__dfxtp_2)
                                         reg_file.memory[1][9] (net)
                  0.04    0.00    0.29 ^ _5474_/A (sky130_fd_sc_hd__buf_1)
     1    0.00    0.04    0.07    0.37 ^ _5474_/X (sky130_fd_sc_hd__buf_1)
                                         _2735_ (net)
                  0.04    0.00    0.37 ^ _5475_/A (sky130_fd_sc_hd__buf_1)
     1    0.00    0.03    0.07    0.44 ^ _5475_/X (sky130_fd_sc_hd__buf_1)
                                         _0374_ (net)
                  0.03    0.00    0.44 ^ _6139_/D (sky130_fd_sc_hd__dfxtp_2)
                                  0.44   data arrival time

                  0.00    0.00    0.00   clock core_clock (rise edge)
                          0.00    0.00   clock network delay (ideal)
                          0.00    0.00   clock reconvergence pessimism
                                  0.00 ^ _6139_/CLK (sky130_fd_sc_hd__dfxtp_2)
                         -0.04   -0.04   library hold time
                                 -0.04   data required time
-----------------------------------------------------------------------------
                                 -0.04   data required time
                                 -0.44   data arrival time
-----------------------------------------------------------------------------
                                  0.48   slack (MET)


Startpoint: _5848_ (rising edge-triggered flip-flop clocked by core_clock)
Endpoint: _5848_ (rising edge-triggered flip-flop clocked by core_clock)
Path Group: core_clock
Path Type: min

Fanout     Cap    Slew   Delay    Time   Description
-----------------------------------------------------------------------------
                  0.00    0.00    0.00   clock core_clock (rise edge)
                          0.00    0.00   clock network delay (ideal)
                  0.00    0.00    0.00 ^ _5848_/CLK (sky130_fd_sc_hd__dfxtp_2)
     2    0.00    0.04    0.29    0.29 ^ _5848_/Q (sky130_fd_sc_hd__dfxtp_2)
                                         reg_file.memory[9][22] (net)
                  0.04    0.00    0.29 ^ _4854_/A (sky130_fd_sc_hd__buf_1)
     1    0.00    0.04    0.07    0.37 ^ _4854_/X (sky130_fd_sc_hd__buf_1)
                                         _2391_ (net)
                  0.04    0.00    0.37 ^ _4855_/A (sky130_fd_sc_hd__buf_1)
     1    0.00    0.04    0.07    0.44 ^ _4855_/X (sky130_fd_sc_hd__buf_1)
                                         _0098_ (net)
                  0.04    0.00    0.44 ^ _5848_/D (sky130_fd_sc_hd__dfxtp_2)
                                  0.44   data arrival time

                  0.00    0.00    0.00   clock core_clock (rise edge)
                          0.00    0.00   clock network delay (ideal)
                          0.00    0.00   clock reconvergence pessimism
                                  0.00 ^ _5848_/CLK (sky130_fd_sc_hd__dfxtp_2)
                         -0.04   -0.04   library hold time
                                 -0.04   data required time
-----------------------------------------------------------------------------
                                 -0.04   data required time
                                 -0.44   data arrival time
-----------------------------------------------------------------------------
                                  0.48   slack (MET)


Startpoint: _5838_ (rising edge-triggered flip-flop clocked by core_clock)
Endpoint: _5838_ (rising edge-triggered flip-flop clocked by core_clock)
Path Group: core_clock
Path Type: min

Fanout     Cap    Slew   Delay    Time   Description
-----------------------------------------------------------------------------
                  0.00    0.00    0.00   clock core_clock (rise edge)
                          0.00    0.00   clock network delay (ideal)
                  0.00    0.00    0.00 ^ _5838_/CLK (sky130_fd_sc_hd__dfxtp_2)
     2    0.00    0.04    0.29    0.29 ^ _5838_/Q (sky130_fd_sc_hd__dfxtp_2)
                                         reg_file.memory[9][12] (net)
                  0.04    0.00    0.29 ^ _4834_/A (sky130_fd_sc_hd__buf_1)
     1    0.00    0.04    0.07    0.37 ^ _4834_/X (sky130_fd_sc_hd__buf_1)
                                         _2381_ (net)
                  0.04    0.00    0.37 ^ _4835_/A (sky130_fd_sc_hd__buf_1)
     1    0.00    0.04    0.07    0.44 ^ _4835_/X (sky130_fd_sc_hd__buf_1)
                                         _0088_ (net)
                  0.04    0.00    0.44 ^ _5838_/D (sky130_fd_sc_hd__dfxtp_2)
                                  0.44   data arrival time

                  0.00    0.00    0.00   clock core_clock (rise edge)
                          0.00    0.00   clock network delay (ideal)
                          0.00    0.00   clock reconvergence pessimism
                                  0.00 ^ _5838_/CLK (sky130_fd_sc_hd__dfxtp_2)
                         -0.04   -0.04   library hold time
                                 -0.04   data required time
-----------------------------------------------------------------------------
                                 -0.04   data required time
                                 -0.44   data arrival time
-----------------------------------------------------------------------------
                                  0.48   slack (MET)


Startpoint: _5836_ (rising edge-triggered flip-flop clocked by core_clock)
Endpoint: _5836_ (rising edge-triggered flip-flop clocked by core_clock)
Path Group: core_clock
Path Type: min

Fanout     Cap    Slew   Delay    Time   Description
-----------------------------------------------------------------------------
                  0.00    0.00    0.00   clock core_clock (rise edge)
                          0.00    0.00   clock network delay (ideal)
                  0.00    0.00    0.00 ^ _5836_/CLK (sky130_fd_sc_hd__dfxtp_2)
     2    0.00    0.04    0.29    0.29 ^ _5836_/Q (sky130_fd_sc_hd__dfxtp_2)
                                         reg_file.memory[9][10] (net)
                  0.04    0.00    0.29 ^ _4830_/A (sky130_fd_sc_hd__buf_1)
     1    0.00    0.04    0.07    0.37 ^ _4830_/X (sky130_fd_sc_hd__buf_1)
                                         _2379_ (net)
                  0.04    0.00    0.37 ^ _4831_/A (sky130_fd_sc_hd__buf_1)
     1    0.00    0.04    0.07    0.44 ^ _4831_/X (sky130_fd_sc_hd__buf_1)
                                         _0086_ (net)
                  0.04    0.00    0.44 ^ _5836_/D (sky130_fd_sc_hd__dfxtp_2)
                                  0.44   data arrival time

                  0.00    0.00    0.00   clock core_clock (rise edge)
                          0.00    0.00   clock network delay (ideal)
                          0.00    0.00   clock reconvergence pessimism
                                  0.00 ^ _5836_/CLK (sky130_fd_sc_hd__dfxtp_2)
                         -0.04   -0.04   library hold time
                                 -0.04   data required time
-----------------------------------------------------------------------------
                                 -0.04   data required time
                                 -0.44   data arrival time
-----------------------------------------------------------------------------
                                  0.48   slack (MET)


Startpoint: _5833_ (rising edge-triggered flip-flop clocked by core_clock)
Endpoint: _5833_ (rising edge-triggered flip-flop clocked by core_clock)
Path Group: core_clock
Path Type: min

Fanout     Cap    Slew   Delay    Time   Description
-----------------------------------------------------------------------------
                  0.00    0.00    0.00   clock core_clock (rise edge)
                          0.00    0.00   clock network delay (ideal)
                  0.00    0.00    0.00 ^ _5833_/CLK (sky130_fd_sc_hd__dfxtp_2)
     2    0.00    0.04    0.29    0.29 ^ _5833_/Q (sky130_fd_sc_hd__dfxtp_2)
                                         reg_file.memory[9][7] (net)
                  0.04    0.00    0.29 ^ _4824_/A (sky130_fd_sc_hd__buf_1)
     1    0.00    0.04    0.07    0.37 ^ _4824_/X (sky130_fd_sc_hd__buf_1)
                                         _2376_ (net)
                  0.04    0.00    0.37 ^ _4825_/A (sky130_fd_sc_hd__buf_1)
     1    0.00    0.04    0.07    0.44 ^ _4825_/X (sky130_fd_sc_hd__buf_1)
                                         _0083_ (net)
                  0.04    0.00    0.44 ^ _5833_/D (sky130_fd_sc_hd__dfxtp_2)
                                  0.44   data arrival time

                  0.00    0.00    0.00   clock core_clock (rise edge)
                          0.00    0.00   clock network delay (ideal)
                          0.00    0.00   clock reconvergence pessimism
                                  0.00 ^ _5833_/CLK (sky130_fd_sc_hd__dfxtp_2)
                         -0.04   -0.04   library hold time
                                 -0.04   data required time
-----------------------------------------------------------------------------
                                 -0.04   data required time
                                 -0.44   data arrival time
-----------------------------------------------------------------------------
                                  0.48   slack (MET)


Startpoint: _6138_ (rising edge-triggered flip-flop clocked by core_clock)
Endpoint: _6138_ (rising edge-triggered flip-flop clocked by core_clock)
Path Group: core_clock
Path Type: min

Fanout     Cap    Slew   Delay    Time   Description
-----------------------------------------------------------------------------
                  0.00    0.00    0.00   clock core_clock (rise edge)
                          0.00    0.00   clock network delay (ideal)
                  0.00    0.00    0.00 ^ _6138_/CLK (sky130_fd_sc_hd__dfxtp_2)
     2    0.00    0.04    0.29    0.29 ^ _6138_/Q (sky130_fd_sc_hd__dfxtp_2)
                                         reg_file.memory[1][8] (net)
                  0.04    0.00    0.29 ^ _5472_/A (sky130_fd_sc_hd__buf_1)
     1    0.00    0.04    0.07    0.37 ^ _5472_/X (sky130_fd_sc_hd__buf_1)
                                         _2734_ (net)
                  0.04    0.00    0.37 ^ _5473_/A (sky130_fd_sc_hd__buf_1)
     1    0.00    0.04    0.07    0.44 ^ _5473_/X (sky130_fd_sc_hd__buf_1)
                                         _0373_ (net)
                  0.04    0.00    0.44 ^ _6138_/D (sky130_fd_sc_hd__dfxtp_2)
                                  0.44   data arrival time

                  0.00    0.00    0.00   clock core_clock (rise edge)
                          0.00    0.00   clock network delay (ideal)
                          0.00    0.00   clock reconvergence pessimism
                                  0.00 ^ _6138_/CLK (sky130_fd_sc_hd__dfxtp_2)
                         -0.04   -0.04   library hold time
                                 -0.04   data required time
-----------------------------------------------------------------------------
                                 -0.04   data required time
                                 -0.44   data arrival time
-----------------------------------------------------------------------------
                                  0.48   slack (MET)


Startpoint: _5853_ (rising edge-triggered flip-flop clocked by core_clock)
Endpoint: _5853_ (rising edge-triggered flip-flop clocked by core_clock)
Path Group: core_clock
Path Type: min

Fanout     Cap    Slew   Delay    Time   Description
-----------------------------------------------------------------------------
                  0.00    0.00    0.00   clock core_clock (rise edge)
                          0.00    0.00   clock network delay (ideal)
                  0.00    0.00    0.00 ^ _5853_/CLK (sky130_fd_sc_hd__dfxtp_2)
     2    0.00    0.04    0.30    0.30 ^ _5853_/Q (sky130_fd_sc_hd__dfxtp_2)
                                         reg_file.memory[9][27] (net)
                  0.04    0.00    0.30 ^ _4864_/A (sky130_fd_sc_hd__buf_1)
     1    0.00    0.04    0.07    0.37 ^ _4864_/X (sky130_fd_sc_hd__buf_1)
                                         _2396_ (net)
                  0.04    0.00    0.37 ^ _4865_/A (sky130_fd_sc_hd__buf_1)
     1    0.00    0.03    0.07    0.44 ^ _4865_/X (sky130_fd_sc_hd__buf_1)
                                         _0103_ (net)
                  0.03    0.00    0.44 ^ _5853_/D (sky130_fd_sc_hd__dfxtp_2)
                                  0.44   data arrival time

                  0.00    0.00    0.00   clock core_clock (rise edge)
                          0.00    0.00   clock network delay (ideal)
                          0.00    0.00   clock reconvergence pessimism
                                  0.00 ^ _5853_/CLK (sky130_fd_sc_hd__dfxtp_2)
                         -0.04   -0.04   library hold time
                                 -0.04   data required time
-----------------------------------------------------------------------------
                                 -0.04   data required time
                                 -0.44   data arrival time
-----------------------------------------------------------------------------
                                  0.48   slack (MET)


Startpoint: _6145_ (rising edge-triggered flip-flop clocked by core_clock)
Endpoint: _6145_ (rising edge-triggered flip-flop clocked by core_clock)
Path Group: core_clock
Path Type: min

Fanout     Cap    Slew   Delay    Time   Description
-----------------------------------------------------------------------------
                  0.00    0.00    0.00   clock core_clock (rise edge)
                          0.00    0.00   clock network delay (ideal)
                  0.00    0.00    0.00 ^ _6145_/CLK (sky130_fd_sc_hd__dfxtp_2)
     2    0.00    0.04    0.30    0.30 ^ _6145_/Q (sky130_fd_sc_hd__dfxtp_2)
                                         reg_file.memory[1][15] (net)
                  0.04    0.00    0.30 ^ _5486_/A (sky130_fd_sc_hd__buf_1)
     1    0.00    0.04    0.07    0.37 ^ _5486_/X (sky130_fd_sc_hd__buf_1)
                                         _2741_ (net)
                  0.04    0.00    0.37 ^ _5487_/A (sky130_fd_sc_hd__buf_1)
     1    0.00    0.03    0.07    0.44 ^ _5487_/X (sky130_fd_sc_hd__buf_1)
                                         _0380_ (net)
                  0.03    0.00    0.44 ^ _6145_/D (sky130_fd_sc_hd__dfxtp_2)
                                  0.44   data arrival time

                  0.00    0.00    0.00   clock core_clock (rise edge)
                          0.00    0.00   clock network delay (ideal)
                          0.00    0.00   clock reconvergence pessimism
                                  0.00 ^ _6145_/CLK (sky130_fd_sc_hd__dfxtp_2)
                         -0.04   -0.04   library hold time
                                 -0.04   data required time
-----------------------------------------------------------------------------
                                 -0.04   data required time
                                 -0.44   data arrival time
-----------------------------------------------------------------------------
                                  0.48   slack (MET)


Startpoint: _6158_ (rising edge-triggered flip-flop clocked by core_clock)
Endpoint: _6158_ (rising edge-triggered flip-flop clocked by core_clock)
Path Group: core_clock
Path Type: min

Fanout     Cap    Slew   Delay    Time   Description
-----------------------------------------------------------------------------
                  0.00    0.00    0.00   clock core_clock (rise edge)
                          0.00    0.00   clock network delay (ideal)
                  0.00    0.00    0.00 ^ _6158_/CLK (sky130_fd_sc_hd__dfxtp_2)
     2    0.00    0.04    0.29    0.29 ^ _6158_/Q (sky130_fd_sc_hd__dfxtp_2)
                                         reg_file.memory[1][28] (net)
                  0.04    0.00    0.29 ^ _5512_/A (sky130_fd_sc_hd__buf_1)
     1    0.00    0.04    0.07    0.37 ^ _5512_/X (sky130_fd_sc_hd__buf_1)
                                         _2754_ (net)
                  0.04    0.00    0.37 ^ _5513_/A (sky130_fd_sc_hd__buf_1)
     1    0.00    0.03    0.07    0.44 ^ _5513_/X (sky130_fd_sc_hd__buf_1)
                                         _0393_ (net)
                  0.03    0.00    0.44 ^ _6158_/D (sky130_fd_sc_hd__dfxtp_2)
                                  0.44   data arrival time

                  0.00    0.00    0.00   clock core_clock (rise edge)
                          0.00    0.00   clock network delay (ideal)
                          0.00    0.00   clock reconvergence pessimism
                                  0.00 ^ _6158_/CLK (sky130_fd_sc_hd__dfxtp_2)
                         -0.04   -0.04   library hold time
                                 -0.04   data required time
-----------------------------------------------------------------------------
                                 -0.04   data required time
                                 -0.44   data arrival time
-----------------------------------------------------------------------------
                                  0.48   slack (MET)


Startpoint: _6132_ (rising edge-triggered flip-flop clocked by core_clock)
Endpoint: _6132_ (rising edge-triggered flip-flop clocked by core_clock)
Path Group: core_clock
Path Type: min

Fanout     Cap    Slew   Delay    Time   Description
-----------------------------------------------------------------------------
                  0.00    0.00    0.00   clock core_clock (rise edge)
                          0.00    0.00   clock network delay (ideal)
                  0.00    0.00    0.00 ^ _6132_/CLK (sky130_fd_sc_hd__dfxtp_2)
     2    0.00    0.04    0.29    0.29 ^ _6132_/Q (sky130_fd_sc_hd__dfxtp_2)
                                         reg_file.memory[1][2] (net)
                  0.04    0.00    0.29 ^ _5460_/A (sky130_fd_sc_hd__buf_1)
     1    0.00    0.04    0.07    0.37 ^ _5460_/X (sky130_fd_sc_hd__buf_1)
                                         _2728_ (net)
                  0.04    0.00    0.37 ^ _5461_/A (sky130_fd_sc_hd__buf_1)
     1    0.00    0.04    0.07    0.44 ^ _5461_/X (sky130_fd_sc_hd__buf_1)
                                         _0367_ (net)
                  0.04    0.00    0.44 ^ _6132_/D (sky130_fd_sc_hd__dfxtp_2)
                                  0.44   data arrival time

                  0.00    0.00    0.00   clock core_clock (rise edge)
                          0.00    0.00   clock network delay (ideal)
                          0.00    0.00   clock reconvergence pessimism
                                  0.00 ^ _6132_/CLK (sky130_fd_sc_hd__dfxtp_2)
                         -0.04   -0.04   library hold time
                                 -0.04   data required time
-----------------------------------------------------------------------------
                                 -0.04   data required time
                                 -0.44   data arrival time
-----------------------------------------------------------------------------
                                  0.48   slack (MET)


Startpoint: _6131_ (rising edge-triggered flip-flop clocked by core_clock)
Endpoint: _6131_ (rising edge-triggered flip-flop clocked by core_clock)
Path Group: core_clock
Path Type: min

Fanout     Cap    Slew   Delay    Time   Description
-----------------------------------------------------------------------------
                  0.00    0.00    0.00   clock core_clock (rise edge)
                          0.00    0.00   clock network delay (ideal)
                  0.00    0.00    0.00 ^ _6131_/CLK (sky130_fd_sc_hd__dfxtp_2)
     2    0.00    0.04    0.29    0.29 ^ _6131_/Q (sky130_fd_sc_hd__dfxtp_2)
                                         reg_file.memory[1][1] (net)
                  0.04    0.00    0.29 ^ _5458_/A (sky130_fd_sc_hd__buf_1)
     1    0.00    0.04    0.07    0.37 ^ _5458_/X (sky130_fd_sc_hd__buf_1)
                                         _2727_ (net)
                  0.04    0.00    0.37 ^ _5459_/A (sky130_fd_sc_hd__buf_1)
     1    0.00    0.04    0.07    0.44 ^ _5459_/X (sky130_fd_sc_hd__buf_1)
                                         _0366_ (net)
                  0.04    0.00    0.44 ^ _6131_/D (sky130_fd_sc_hd__dfxtp_2)
                                  0.44   data arrival time

                  0.00    0.00    0.00   clock core_clock (rise edge)
                          0.00    0.00   clock network delay (ideal)
                          0.00    0.00   clock reconvergence pessimism
                                  0.00 ^ _6131_/CLK (sky130_fd_sc_hd__dfxtp_2)
                         -0.04   -0.04   library hold time
                                 -0.04   data required time
-----------------------------------------------------------------------------
                                 -0.04   data required time
                                 -0.44   data arrival time
-----------------------------------------------------------------------------
                                  0.48   slack (MET)


Startpoint: _6146_ (rising edge-triggered flip-flop clocked by core_clock)
Endpoint: _6146_ (rising edge-triggered flip-flop clocked by core_clock)
Path Group: core_clock
Path Type: min

Fanout     Cap    Slew   Delay    Time   Description
-----------------------------------------------------------------------------
                  0.00    0.00    0.00   clock core_clock (rise edge)
                          0.00    0.00   clock network delay (ideal)
                  0.00    0.00    0.00 ^ _6146_/CLK (sky130_fd_sc_hd__dfxtp_2)
     2    0.00    0.04    0.30    0.30 ^ _6146_/Q (sky130_fd_sc_hd__dfxtp_2)
                                         reg_file.memory[1][16] (net)
                  0.04    0.00    0.30 ^ _5488_/A (sky130_fd_sc_hd__buf_1)
     1    0.00    0.04    0.07    0.37 ^ _5488_/X (sky130_fd_sc_hd__buf_1)
                                         _2742_ (net)
                  0.04    0.00    0.37 ^ _5489_/A (sky130_fd_sc_hd__buf_1)
     1    0.00    0.03    0.07    0.44 ^ _5489_/X (sky130_fd_sc_hd__buf_1)
                                         _0381_ (net)
                  0.03    0.00    0.44 ^ _6146_/D (sky130_fd_sc_hd__dfxtp_2)
                                  0.44   data arrival time

                  0.00    0.00    0.00   clock core_clock (rise edge)
                          0.00    0.00   clock network delay (ideal)
                          0.00    0.00   clock reconvergence pessimism
                                  0.00 ^ _6146_/CLK (sky130_fd_sc_hd__dfxtp_2)
                         -0.04   -0.04   library hold time
                                 -0.04   data required time
-----------------------------------------------------------------------------
                                 -0.04   data required time
                                 -0.44   data arrival time
-----------------------------------------------------------------------------
                                  0.48   slack (MET)


Startpoint: _6141_ (rising edge-triggered flip-flop clocked by core_clock)
Endpoint: _6141_ (rising edge-triggered flip-flop clocked by core_clock)
Path Group: core_clock
Path Type: min

Fanout     Cap    Slew   Delay    Time   Description
-----------------------------------------------------------------------------
                  0.00    0.00    0.00   clock core_clock (rise edge)
                          0.00    0.00   clock network delay (ideal)
                  0.00    0.00    0.00 ^ _6141_/CLK (sky130_fd_sc_hd__dfxtp_2)
     2    0.00    0.04    0.29    0.29 ^ _6141_/Q (sky130_fd_sc_hd__dfxtp_2)
                                         reg_file.memory[1][11] (net)
                  0.04    0.00    0.29 ^ _5478_/A (sky130_fd_sc_hd__buf_1)
     1    0.00    0.04    0.07    0.37 ^ _5478_/X (sky130_fd_sc_hd__buf_1)
                                         _2737_ (net)
                  0.04    0.00    0.37 ^ _5479_/A (sky130_fd_sc_hd__buf_1)
     1    0.00    0.04    0.07    0.44 ^ _5479_/X (sky130_fd_sc_hd__buf_1)
                                         _0376_ (net)
                  0.04    0.00    0.44 ^ _6141_/D (sky130_fd_sc_hd__dfxtp_2)
                                  0.44   data arrival time

                  0.00    0.00    0.00   clock core_clock (rise edge)
                          0.00    0.00   clock network delay (ideal)
                          0.00    0.00   clock reconvergence pessimism
                                  0.00 ^ _6141_/CLK (sky130_fd_sc_hd__dfxtp_2)
                         -0.04   -0.04   library hold time
                                 -0.04   data required time
-----------------------------------------------------------------------------
                                 -0.04   data required time
                                 -0.44   data arrival time
-----------------------------------------------------------------------------
                                  0.48   slack (MET)


Startpoint: _5831_ (rising edge-triggered flip-flop clocked by core_clock)
Endpoint: _5831_ (rising edge-triggered flip-flop clocked by core_clock)
Path Group: core_clock
Path Type: min

Fanout     Cap    Slew   Delay    Time   Description
-----------------------------------------------------------------------------
                  0.00    0.00    0.00   clock core_clock (rise edge)
                          0.00    0.00   clock network delay (ideal)
                  0.00    0.00    0.00 ^ _5831_/CLK (sky130_fd_sc_hd__dfxtp_2)
     2    0.00    0.04    0.29    0.29 ^ _5831_/Q (sky130_fd_sc_hd__dfxtp_2)
                                         reg_file.memory[9][5] (net)
                  0.04    0.00    0.29 ^ _4820_/A (sky130_fd_sc_hd__buf_1)
     1    0.00    0.04    0.07    0.37 ^ _4820_/X (sky130_fd_sc_hd__buf_1)
                                         _2374_ (net)
                  0.04    0.00    0.37 ^ _4821_/A (sky130_fd_sc_hd__buf_1)
     1    0.00    0.04    0.07    0.44 ^ _4821_/X (sky130_fd_sc_hd__buf_1)
                                         _0081_ (net)
                  0.04    0.00    0.44 ^ _5831_/D (sky130_fd_sc_hd__dfxtp_2)
                                  0.44   data arrival time

                  0.00    0.00    0.00   clock core_clock (rise edge)
                          0.00    0.00   clock network delay (ideal)
                          0.00    0.00   clock reconvergence pessimism
                                  0.00 ^ _5831_/CLK (sky130_fd_sc_hd__dfxtp_2)
                         -0.04   -0.04   library hold time
                                 -0.04   data required time
-----------------------------------------------------------------------------
                                 -0.04   data required time
                                 -0.44   data arrival time
-----------------------------------------------------------------------------
                                  0.48   slack (MET)


Startpoint: _6144_ (rising edge-triggered flip-flop clocked by core_clock)
Endpoint: _6144_ (rising edge-triggered flip-flop clocked by core_clock)
Path Group: core_clock
Path Type: min

Fanout     Cap    Slew   Delay    Time   Description
-----------------------------------------------------------------------------
                  0.00    0.00    0.00   clock core_clock (rise edge)
                          0.00    0.00   clock network delay (ideal)
                  0.00    0.00    0.00 ^ _6144_/CLK (sky130_fd_sc_hd__dfxtp_2)
     2    0.00    0.04    0.29    0.29 ^ _6144_/Q (sky130_fd_sc_hd__dfxtp_2)
                                         reg_file.memory[1][14] (net)
                  0.04    0.00    0.29 ^ _5484_/A (sky130_fd_sc_hd__buf_1)
     1    0.00    0.04    0.07    0.37 ^ _5484_/X (sky130_fd_sc_hd__buf_1)
                                         _2740_ (net)
                  0.04    0.00    0.37 ^ _5485_/A (sky130_fd_sc_hd__buf_1)
     1    0.00    0.03    0.07    0.44 ^ _5485_/X (sky130_fd_sc_hd__buf_1)
                                         _0379_ (net)
                  0.03    0.00    0.44 ^ _6144_/D (sky130_fd_sc_hd__dfxtp_2)
                                  0.44   data arrival time

                  0.00    0.00    0.00   clock core_clock (rise edge)
                          0.00    0.00   clock network delay (ideal)
                          0.00    0.00   clock reconvergence pessimism
                                  0.00 ^ _6144_/CLK (sky130_fd_sc_hd__dfxtp_2)
                         -0.04   -0.04   library hold time
                                 -0.04   data required time
-----------------------------------------------------------------------------
                                 -0.04   data required time
                                 -0.44   data arrival time
-----------------------------------------------------------------------------
                                  0.48   slack (MET)


Startpoint: _6159_ (rising edge-triggered flip-flop clocked by core_clock)
Endpoint: _6159_ (rising edge-triggered flip-flop clocked by core_clock)
Path Group: core_clock
Path Type: min

Fanout     Cap    Slew   Delay    Time   Description
-----------------------------------------------------------------------------
                  0.00    0.00    0.00   clock core_clock (rise edge)
                          0.00    0.00   clock network delay (ideal)
                  0.00    0.00    0.00 ^ _6159_/CLK (sky130_fd_sc_hd__dfxtp_2)
     2    0.00    0.04    0.30    0.30 ^ _6159_/Q (sky130_fd_sc_hd__dfxtp_2)
                                         reg_file.memory[1][29] (net)
                  0.04    0.00    0.30 ^ _5514_/A (sky130_fd_sc_hd__buf_1)
     1    0.00    0.04    0.07    0.37 ^ _5514_/X (sky130_fd_sc_hd__buf_1)
                                         _2755_ (net)
                  0.04    0.00    0.37 ^ _5515_/A (sky130_fd_sc_hd__buf_1)
     1    0.00    0.03    0.07    0.44 ^ _5515_/X (sky130_fd_sc_hd__buf_1)
                                         _0394_ (net)
                  0.03    0.00    0.44 ^ _6159_/D (sky130_fd_sc_hd__dfxtp_2)
                                  0.44   data arrival time

                  0.00    0.00    0.00   clock core_clock (rise edge)
                          0.00    0.00   clock network delay (ideal)
                          0.00    0.00   clock reconvergence pessimism
                                  0.00 ^ _6159_/CLK (sky130_fd_sc_hd__dfxtp_2)
                         -0.03   -0.03   library hold time
                                 -0.03   data required time
-----------------------------------------------------------------------------
                                 -0.03   data required time
                                 -0.44   data arrival time
-----------------------------------------------------------------------------
                                  0.48   slack (MET)


Startpoint: _5854_ (rising edge-triggered flip-flop clocked by core_clock)
Endpoint: _5854_ (rising edge-triggered flip-flop clocked by core_clock)
Path Group: core_clock
Path Type: min

Fanout     Cap    Slew   Delay    Time   Description
-----------------------------------------------------------------------------
                  0.00    0.00    0.00   clock core_clock (rise edge)
                          0.00    0.00   clock network delay (ideal)
                  0.00    0.00    0.00 ^ _5854_/CLK (sky130_fd_sc_hd__dfxtp_2)
     2    0.00    0.04    0.30    0.30 ^ _5854_/Q (sky130_fd_sc_hd__dfxtp_2)
                                         reg_file.memory[9][28] (net)
                  0.04    0.00    0.30 ^ _4866_/A (sky130_fd_sc_hd__buf_1)
     1    0.00    0.04    0.07    0.37 ^ _4866_/X (sky130_fd_sc_hd__buf_1)
                                         _2397_ (net)
                  0.04    0.00    0.37 ^ _4867_/A (sky130_fd_sc_hd__buf_1)
     1    0.00    0.03    0.07    0.44 ^ _4867_/X (sky130_fd_sc_hd__buf_1)
                                         _0104_ (net)
                  0.03    0.00    0.44 ^ _5854_/D (sky130_fd_sc_hd__dfxtp_2)
                                  0.44   data arrival time

                  0.00    0.00    0.00   clock core_clock (rise edge)
                          0.00    0.00   clock network delay (ideal)
                          0.00    0.00   clock reconvergence pessimism
                                  0.00 ^ _5854_/CLK (sky130_fd_sc_hd__dfxtp_2)
                         -0.04   -0.04   library hold time
                                 -0.04   data required time
-----------------------------------------------------------------------------
                                 -0.04   data required time
                                 -0.44   data arrival time
-----------------------------------------------------------------------------
                                  0.48   slack (MET)


Startpoint: _6136_ (rising edge-triggered flip-flop clocked by core_clock)
Endpoint: _6136_ (rising edge-triggered flip-flop clocked by core_clock)
Path Group: core_clock
Path Type: min

Fanout     Cap    Slew   Delay    Time   Description
-----------------------------------------------------------------------------
                  0.00    0.00    0.00   clock core_clock (rise edge)
                          0.00    0.00   clock network delay (ideal)
                  0.00    0.00    0.00 ^ _6136_/CLK (sky130_fd_sc_hd__dfxtp_2)
     2    0.00    0.04    0.29    0.29 ^ _6136_/Q (sky130_fd_sc_hd__dfxtp_2)
                                         reg_file.memory[1][6] (net)
                  0.04    0.00    0.29 ^ _5468_/A (sky130_fd_sc_hd__buf_1)
     1    0.00    0.04    0.08    0.37 ^ _5468_/X (sky130_fd_sc_hd__buf_1)
                                         _2732_ (net)
                  0.04    0.00    0.37 ^ _5469_/A (sky130_fd_sc_hd__buf_1)
     1    0.00    0.03    0.07    0.44 ^ _5469_/X (sky130_fd_sc_hd__buf_1)
                                         _0371_ (net)
                  0.03    0.00    0.44 ^ _6136_/D (sky130_fd_sc_hd__dfxtp_2)
                                  0.44   data arrival time

                  0.00    0.00    0.00   clock core_clock (rise edge)
                          0.00    0.00   clock network delay (ideal)
                          0.00    0.00   clock reconvergence pessimism
                                  0.00 ^ _6136_/CLK (sky130_fd_sc_hd__dfxtp_2)
                         -0.04   -0.04   library hold time
                                 -0.04   data required time
-----------------------------------------------------------------------------
                                 -0.04   data required time
                                 -0.44   data arrival time
-----------------------------------------------------------------------------
                                  0.48   slack (MET)


Startpoint: _6143_ (rising edge-triggered flip-flop clocked by core_clock)
Endpoint: _6143_ (rising edge-triggered flip-flop clocked by core_clock)
Path Group: core_clock
Path Type: min

Fanout     Cap    Slew   Delay    Time   Description
-----------------------------------------------------------------------------
                  0.00    0.00    0.00   clock core_clock (rise edge)
                          0.00    0.00   clock network delay (ideal)
                  0.00    0.00    0.00 ^ _6143_/CLK (sky130_fd_sc_hd__dfxtp_2)
     2    0.00    0.04    0.30    0.30 ^ _6143_/Q (sky130_fd_sc_hd__dfxtp_2)
                                         reg_file.memory[1][13] (net)
                  0.04    0.00    0.30 ^ _5482_/A (sky130_fd_sc_hd__buf_1)
     1    0.00    0.04    0.07    0.37 ^ _5482_/X (sky130_fd_sc_hd__buf_1)
                                         _2739_ (net)
                  0.04    0.00    0.37 ^ _5483_/A (sky130_fd_sc_hd__buf_1)
     1    0.00    0.04    0.07    0.44 ^ _5483_/X (sky130_fd_sc_hd__buf_1)
                                         _0378_ (net)
                  0.04    0.00    0.44 ^ _6143_/D (sky130_fd_sc_hd__dfxtp_2)
                                  0.44   data arrival time

                  0.00    0.00    0.00   clock core_clock (rise edge)
                          0.00    0.00   clock network delay (ideal)
                          0.00    0.00   clock reconvergence pessimism
                                  0.00 ^ _6143_/CLK (sky130_fd_sc_hd__dfxtp_2)
                         -0.04   -0.04   library hold time
                                 -0.04   data required time
-----------------------------------------------------------------------------
                                 -0.04   data required time
                                 -0.44   data arrival time
-----------------------------------------------------------------------------
                                  0.48   slack (MET)


Startpoint: _6153_ (rising edge-triggered flip-flop clocked by core_clock)
Endpoint: _6153_ (rising edge-triggered flip-flop clocked by core_clock)
Path Group: core_clock
Path Type: min

Fanout     Cap    Slew   Delay    Time   Description
-----------------------------------------------------------------------------
                  0.00    0.00    0.00   clock core_clock (rise edge)
                          0.00    0.00   clock network delay (ideal)
                  0.00    0.00    0.00 ^ _6153_/CLK (sky130_fd_sc_hd__dfxtp_2)
     2    0.00    0.04    0.30    0.30 ^ _6153_/Q (sky130_fd_sc_hd__dfxtp_2)
                                         reg_file.memory[1][23] (net)
                  0.04    0.00    0.30 ^ _5502_/A (sky130_fd_sc_hd__buf_1)
     1    0.00    0.04    0.07    0.37 ^ _5502_/X (sky130_fd_sc_hd__buf_1)
                                         _2749_ (net)
                  0.04    0.00    0.37 ^ _5503_/A (sky130_fd_sc_hd__buf_1)
     1    0.00    0.03    0.07    0.44 ^ _5503_/X (sky130_fd_sc_hd__buf_1)
                                         _0388_ (net)
                  0.03    0.00    0.44 ^ _6153_/D (sky130_fd_sc_hd__dfxtp_2)
                                  0.44   data arrival time

                  0.00    0.00    0.00   clock core_clock (rise edge)
                          0.00    0.00   clock network delay (ideal)
                          0.00    0.00   clock reconvergence pessimism
                                  0.00 ^ _6153_/CLK (sky130_fd_sc_hd__dfxtp_2)
                         -0.03   -0.03   library hold time
                                 -0.03   data required time
-----------------------------------------------------------------------------
                                 -0.03   data required time
                                 -0.44   data arrival time
-----------------------------------------------------------------------------
                                  0.48   slack (MET)


Startpoint: _6151_ (rising edge-triggered flip-flop clocked by core_clock)
Endpoint: _6151_ (rising edge-triggered flip-flop clocked by core_clock)
Path Group: core_clock
Path Type: min

Fanout     Cap    Slew   Delay    Time   Description
-----------------------------------------------------------------------------
                  0.00    0.00    0.00   clock core_clock (rise edge)
                          0.00    0.00   clock network delay (ideal)
                  0.00    0.00    0.00 ^ _6151_/CLK (sky130_fd_sc_hd__dfxtp_2)
     2    0.01    0.04    0.30    0.30 ^ _6151_/Q (sky130_fd_sc_hd__dfxtp_2)
                                         reg_file.memory[1][21] (net)
                  0.04    0.00    0.30 ^ _5498_/A (sky130_fd_sc_hd__buf_1)
     1    0.00    0.04    0.07    0.37 ^ _5498_/X (sky130_fd_sc_hd__buf_1)
                                         _2747_ (net)
                  0.04    0.00    0.37 ^ _5499_/A (sky130_fd_sc_hd__buf_1)
     1    0.00    0.03    0.07    0.44 ^ _5499_/X (sky130_fd_sc_hd__buf_1)
                                         _0386_ (net)
                  0.03    0.00    0.44 ^ _6151_/D (sky130_fd_sc_hd__dfxtp_2)
                                  0.44   data arrival time

                  0.00    0.00    0.00   clock core_clock (rise edge)
                          0.00    0.00   clock network delay (ideal)
                          0.00    0.00   clock reconvergence pessimism
                                  0.00 ^ _6151_/CLK (sky130_fd_sc_hd__dfxtp_2)
                         -0.03   -0.03   library hold time
                                 -0.03   data required time
-----------------------------------------------------------------------------
                                 -0.03   data required time
                                 -0.44   data arrival time
-----------------------------------------------------------------------------
                                  0.48   slack (MET)


Startpoint: _6130_ (rising edge-triggered flip-flop clocked by core_clock)
Endpoint: _6130_ (rising edge-triggered flip-flop clocked by core_clock)
Path Group: core_clock
Path Type: min

Fanout     Cap    Slew   Delay    Time   Description
-----------------------------------------------------------------------------
                  0.00    0.00    0.00   clock core_clock (rise edge)
                          0.00    0.00   clock network delay (ideal)
                  0.00    0.00    0.00 ^ _6130_/CLK (sky130_fd_sc_hd__dfxtp_2)
     2    0.00    0.04    0.29    0.29 ^ _6130_/Q (sky130_fd_sc_hd__dfxtp_2)
                                         reg_file.memory[1][0] (net)
                  0.04    0.00    0.29 ^ _5456_/A (sky130_fd_sc_hd__buf_1)
     1    0.00    0.04    0.07    0.37 ^ _5456_/X (sky130_fd_sc_hd__buf_1)
                                         _2726_ (net)
                  0.04    0.00    0.37 ^ _5457_/A (sky130_fd_sc_hd__buf_1)
     1    0.00    0.04    0.07    0.44 ^ _5457_/X (sky130_fd_sc_hd__buf_1)
                                         _0365_ (net)
                  0.04    0.00    0.44 ^ _6130_/D (sky130_fd_sc_hd__dfxtp_2)
                                  0.44   data arrival time

                  0.00    0.00    0.00   clock core_clock (rise edge)
                          0.00    0.00   clock network delay (ideal)
                          0.00    0.00   clock reconvergence pessimism
                                  0.00 ^ _6130_/CLK (sky130_fd_sc_hd__dfxtp_2)
                         -0.04   -0.04   library hold time
                                 -0.04   data required time
-----------------------------------------------------------------------------
                                 -0.04   data required time
                                 -0.44   data arrival time
-----------------------------------------------------------------------------
                                  0.48   slack (MET)


Startpoint: _5855_ (rising edge-triggered flip-flop clocked by core_clock)
Endpoint: _5855_ (rising edge-triggered flip-flop clocked by core_clock)
Path Group: core_clock
Path Type: min

Fanout     Cap    Slew   Delay    Time   Description
-----------------------------------------------------------------------------
                  0.00    0.00    0.00   clock core_clock (rise edge)
                          0.00    0.00   clock network delay (ideal)
                  0.00    0.00    0.00 ^ _5855_/CLK (sky130_fd_sc_hd__dfxtp_2)
     2    0.00    0.04    0.30    0.30 ^ _5855_/Q (sky130_fd_sc_hd__dfxtp_2)
                                         reg_file.memory[9][29] (net)
                  0.04    0.00    0.30 ^ _4868_/A (sky130_fd_sc_hd__buf_1)
     1    0.00    0.04    0.08    0.37 ^ _4868_/X (sky130_fd_sc_hd__buf_1)
                                         _2398_ (net)
                  0.04    0.00    0.37 ^ _4869_/A (sky130_fd_sc_hd__buf_1)
     1    0.00    0.04    0.07    0.44 ^ _4869_/X (sky130_fd_sc_hd__buf_1)
                                         _0105_ (net)
                  0.04    0.00    0.44 ^ _5855_/D (sky130_fd_sc_hd__dfxtp_2)
                                  0.44   data arrival time

                  0.00    0.00    0.00   clock core_clock (rise edge)
                          0.00    0.00   clock network delay (ideal)
                          0.00    0.00   clock reconvergence pessimism
                                  0.00 ^ _5855_/CLK (sky130_fd_sc_hd__dfxtp_2)
                         -0.04   -0.04   library hold time
                                 -0.04   data required time
-----------------------------------------------------------------------------
                                 -0.04   data required time
                                 -0.44   data arrival time
-----------------------------------------------------------------------------
                                  0.48   slack (MET)


Startpoint: _6134_ (rising edge-triggered flip-flop clocked by core_clock)
Endpoint: _6134_ (rising edge-triggered flip-flop clocked by core_clock)
Path Group: core_clock
Path Type: min

Fanout     Cap    Slew   Delay    Time   Description
-----------------------------------------------------------------------------
                  0.00    0.00    0.00   clock core_clock (rise edge)
                          0.00    0.00   clock network delay (ideal)
                  0.00    0.00    0.00 ^ _6134_/CLK (sky130_fd_sc_hd__dfxtp_2)
     2    0.00    0.04    0.30    0.30 ^ _6134_/Q (sky130_fd_sc_hd__dfxtp_2)
                                         reg_file.memory[1][4] (net)
                  0.04    0.00    0.30 ^ _5464_/A (sky130_fd_sc_hd__buf_1)
     1    0.00    0.04    0.08    0.37 ^ _5464_/X (sky130_fd_sc_hd__buf_1)
                                         _2730_ (net)
                  0.04    0.00    0.37 ^ _5465_/A (sky130_fd_sc_hd__buf_1)
     1    0.00    0.04    0.07    0.44 ^ _5465_/X (sky130_fd_sc_hd__buf_1)
                                         _0369_ (net)
                  0.04    0.00    0.44 ^ _6134_/D (sky130_fd_sc_hd__dfxtp_2)
                                  0.44   data arrival time

                  0.00    0.00    0.00   clock core_clock (rise edge)
                          0.00    0.00   clock network delay (ideal)
                          0.00    0.00   clock reconvergence pessimism
                                  0.00 ^ _6134_/CLK (sky130_fd_sc_hd__dfxtp_2)
                         -0.04   -0.04   library hold time
                                 -0.04   data required time
-----------------------------------------------------------------------------
                                 -0.04   data required time
                                 -0.44   data arrival time
-----------------------------------------------------------------------------
                                  0.48   slack (MET)


Startpoint: _5828_ (rising edge-triggered flip-flop clocked by core_clock)
Endpoint: _5828_ (rising edge-triggered flip-flop clocked by core_clock)
Path Group: core_clock
Path Type: min

Fanout     Cap    Slew   Delay    Time   Description
-----------------------------------------------------------------------------
                  0.00    0.00    0.00   clock core_clock (rise edge)
                          0.00    0.00   clock network delay (ideal)
                  0.00    0.00    0.00 ^ _5828_/CLK (sky130_fd_sc_hd__dfxtp_2)
     2    0.00    0.04    0.30    0.30 ^ _5828_/Q (sky130_fd_sc_hd__dfxtp_2)
                                         reg_file.memory[9][2] (net)
                  0.04    0.00    0.30 ^ _4814_/A (sky130_fd_sc_hd__buf_1)
     1    0.00    0.04    0.08    0.37 ^ _4814_/X (sky130_fd_sc_hd__buf_1)
                                         _2371_ (net)
                  0.04    0.00    0.37 ^ _4815_/A (sky130_fd_sc_hd__buf_1)
     1    0.00    0.04    0.07    0.44 ^ _4815_/X (sky130_fd_sc_hd__buf_1)
                                         _0078_ (net)
                  0.04    0.00    0.44 ^ _5828_/D (sky130_fd_sc_hd__dfxtp_2)
                                  0.44   data arrival time

                  0.00    0.00    0.00   clock core_clock (rise edge)
                          0.00    0.00   clock network delay (ideal)
                          0.00    0.00   clock reconvergence pessimism
                                  0.00 ^ _5828_/CLK (sky130_fd_sc_hd__dfxtp_2)
                         -0.04   -0.04   library hold time
                                 -0.04   data required time
-----------------------------------------------------------------------------
                                 -0.04   data required time
                                 -0.44   data arrival time
-----------------------------------------------------------------------------
                                  0.48   slack (MET)


Startpoint: _6133_ (rising edge-triggered flip-flop clocked by core_clock)
Endpoint: _6133_ (rising edge-triggered flip-flop clocked by core_clock)
Path Group: core_clock
Path Type: min

Fanout     Cap    Slew   Delay    Time   Description
-----------------------------------------------------------------------------
                  0.00    0.00    0.00   clock core_clock (rise edge)
                          0.00    0.00   clock network delay (ideal)
                  0.00    0.00    0.00 ^ _6133_/CLK (sky130_fd_sc_hd__dfxtp_2)
     2    0.00    0.04    0.30    0.30 ^ _6133_/Q (sky130_fd_sc_hd__dfxtp_2)
                                         reg_file.memory[1][3] (net)
                  0.04    0.00    0.30 ^ _5462_/A (sky130_fd_sc_hd__buf_1)
     1    0.00    0.04    0.08    0.37 ^ _5462_/X (sky130_fd_sc_hd__buf_1)
                                         _2729_ (net)
                  0.04    0.00    0.37 ^ _5463_/A (sky130_fd_sc_hd__buf_1)
     1    0.00    0.04    0.07    0.44 ^ _5463_/X (sky130_fd_sc_hd__buf_1)
                                         _0368_ (net)
                  0.04    0.00    0.44 ^ _6133_/D (sky130_fd_sc_hd__dfxtp_2)
                                  0.44   data arrival time

                  0.00    0.00    0.00   clock core_clock (rise edge)
                          0.00    0.00   clock network delay (ideal)
                          0.00    0.00   clock reconvergence pessimism
                                  0.00 ^ _6133_/CLK (sky130_fd_sc_hd__dfxtp_2)
                         -0.04   -0.04   library hold time
                                 -0.04   data required time
-----------------------------------------------------------------------------
                                 -0.04   data required time
                                 -0.44   data arrival time
-----------------------------------------------------------------------------
                                  0.48   slack (MET)


Startpoint: _6255_ (rising edge-triggered flip-flop clocked by core_clock)
Endpoint: _6255_ (rising edge-triggered flip-flop clocked by core_clock)
Path Group: core_clock
Path Type: min

Fanout     Cap    Slew   Delay    Time   Description
-----------------------------------------------------------------------------
                  0.00    0.00    0.00   clock core_clock (rise edge)
                          0.00    0.00   clock network delay (ideal)
                  0.00    0.00    0.00 ^ _6255_/CLK (sky130_fd_sc_hd__dfxtp_2)
     2    0.00    0.04    0.30    0.30 ^ _6255_/Q (sky130_fd_sc_hd__dfxtp_2)
                                         reg_file.memory[2][29] (net)
                  0.04    0.00    0.30 ^ _5716_/A (sky130_fd_sc_hd__buf_1)
     1    0.00    0.04    0.07    0.37 ^ _5716_/X (sky130_fd_sc_hd__buf_1)
                                         _2861_ (net)
                  0.04    0.00    0.37 ^ _5717_/A (sky130_fd_sc_hd__buf_1)
     1    0.00    0.03    0.07    0.44 ^ _5717_/X (sky130_fd_sc_hd__buf_1)
                                         _0490_ (net)
                  0.03    0.00    0.44 ^ _6255_/D (sky130_fd_sc_hd__dfxtp_2)
                                  0.44   data arrival time

                  0.00    0.00    0.00   clock core_clock (rise edge)
                          0.00    0.00   clock network delay (ideal)
                          0.00    0.00   clock reconvergence pessimism
                                  0.00 ^ _6255_/CLK (sky130_fd_sc_hd__dfxtp_2)
                         -0.03   -0.03   library hold time
                                 -0.03   data required time
-----------------------------------------------------------------------------
                                 -0.03   data required time
                                 -0.44   data arrival time
-----------------------------------------------------------------------------
                                  0.48   slack (MET)


Startpoint: _6256_ (rising edge-triggered flip-flop clocked by core_clock)
Endpoint: _6256_ (rising edge-triggered flip-flop clocked by core_clock)
Path Group: core_clock
Path Type: min

Fanout     Cap    Slew   Delay    Time   Description
-----------------------------------------------------------------------------
                  0.00    0.00    0.00   clock core_clock (rise edge)
                          0.00    0.00   clock network delay (ideal)
                  0.00    0.00    0.00 ^ _6256_/CLK (sky130_fd_sc_hd__dfxtp_2)
     2    0.01    0.04    0.30    0.30 ^ _6256_/Q (sky130_fd_sc_hd__dfxtp_2)
                                         reg_file.memory[2][30] (net)
                  0.04    0.00    0.30 ^ _5718_/A (sky130_fd_sc_hd__buf_1)
     1    0.00    0.04    0.07    0.37 ^ _5718_/X (sky130_fd_sc_hd__buf_1)
                                         _2862_ (net)
                  0.04    0.00    0.37 ^ _5719_/A (sky130_fd_sc_hd__buf_1)
     1    0.00    0.03    0.07    0.44 ^ _5719_/X (sky130_fd_sc_hd__buf_1)
                                         _0491_ (net)
                  0.03    0.00    0.44 ^ _6256_/D (sky130_fd_sc_hd__dfxtp_2)
                                  0.44   data arrival time

                  0.00    0.00    0.00   clock core_clock (rise edge)
                          0.00    0.00   clock network delay (ideal)
                          0.00    0.00   clock reconvergence pessimism
                                  0.00 ^ _6256_/CLK (sky130_fd_sc_hd__dfxtp_2)
                         -0.03   -0.03   library hold time
                                 -0.03   data required time
-----------------------------------------------------------------------------
                                 -0.03   data required time
                                 -0.44   data arrival time
-----------------------------------------------------------------------------
                                  0.48   slack (MET)


Startpoint: _6242_ (rising edge-triggered flip-flop clocked by core_clock)
Endpoint: _6242_ (rising edge-triggered flip-flop clocked by core_clock)
Path Group: core_clock
Path Type: min

Fanout     Cap    Slew   Delay    Time   Description
-----------------------------------------------------------------------------
                  0.00    0.00    0.00   clock core_clock (rise edge)
                          0.00    0.00   clock network delay (ideal)
                  0.00    0.00    0.00 ^ _6242_/CLK (sky130_fd_sc_hd__dfxtp_2)
     2    0.00    0.04    0.30    0.30 ^ _6242_/Q (sky130_fd_sc_hd__dfxtp_2)
                                         reg_file.memory[2][16] (net)
                  0.04    0.00    0.30 ^ _5690_/A (sky130_fd_sc_hd__buf_1)
     1    0.00    0.04    0.07    0.37 ^ _5690_/X (sky130_fd_sc_hd__buf_1)
                                         _2848_ (net)
                  0.04    0.00    0.37 ^ _5691_/A (sky130_fd_sc_hd__buf_1)
     1    0.00    0.03    0.07    0.44 ^ _5691_/X (sky130_fd_sc_hd__buf_1)
                                         _0477_ (net)
                  0.03    0.00    0.44 ^ _6242_/D (sky130_fd_sc_hd__dfxtp_2)
                                  0.44   data arrival time

                  0.00    0.00    0.00   clock core_clock (rise edge)
                          0.00    0.00   clock network delay (ideal)
                          0.00    0.00   clock reconvergence pessimism
                                  0.00 ^ _6242_/CLK (sky130_fd_sc_hd__dfxtp_2)
                         -0.03   -0.03   library hold time
                                 -0.03   data required time
-----------------------------------------------------------------------------
                                 -0.03   data required time
                                 -0.44   data arrival time
-----------------------------------------------------------------------------
                                  0.48   slack (MET)


Startpoint: _6249_ (rising edge-triggered flip-flop clocked by core_clock)
Endpoint: _6249_ (rising edge-triggered flip-flop clocked by core_clock)
Path Group: core_clock
Path Type: min

Fanout     Cap    Slew   Delay    Time   Description
-----------------------------------------------------------------------------
                  0.00    0.00    0.00   clock core_clock (rise edge)
                          0.00    0.00   clock network delay (ideal)
                  0.00    0.00    0.00 ^ _6249_/CLK (sky130_fd_sc_hd__dfxtp_2)
     2    0.01    0.04    0.30    0.30 ^ _6249_/Q (sky130_fd_sc_hd__dfxtp_2)
                                         reg_file.memory[2][23] (net)
                  0.04    0.00    0.30 ^ _5704_/A (sky130_fd_sc_hd__buf_1)
     1    0.00    0.04    0.07    0.37 ^ _5704_/X (sky130_fd_sc_hd__buf_1)
                                         _2855_ (net)
                  0.04    0.00    0.37 ^ _5705_/A (sky130_fd_sc_hd__buf_1)
     1    0.00    0.03    0.07    0.44 ^ _5705_/X (sky130_fd_sc_hd__buf_1)
                                         _0484_ (net)
                  0.03    0.00    0.44 ^ _6249_/D (sky130_fd_sc_hd__dfxtp_2)
                                  0.44   data arrival time

                  0.00    0.00    0.00   clock core_clock (rise edge)
                          0.00    0.00   clock network delay (ideal)
                          0.00    0.00   clock reconvergence pessimism
                                  0.00 ^ _6249_/CLK (sky130_fd_sc_hd__dfxtp_2)
                         -0.03   -0.03   library hold time
                                 -0.03   data required time
-----------------------------------------------------------------------------
                                 -0.03   data required time
                                 -0.44   data arrival time
-----------------------------------------------------------------------------
                                  0.48   slack (MET)


Startpoint: _6142_ (rising edge-triggered flip-flop clocked by core_clock)
Endpoint: _6142_ (rising edge-triggered flip-flop clocked by core_clock)
Path Group: core_clock
Path Type: min

Fanout     Cap    Slew   Delay    Time   Description
-----------------------------------------------------------------------------
                  0.00    0.00    0.00   clock core_clock (rise edge)
                          0.00    0.00   clock network delay (ideal)
                  0.00    0.00    0.00 ^ _6142_/CLK (sky130_fd_sc_hd__dfxtp_2)
     2    0.00    0.04    0.30    0.30 ^ _6142_/Q (sky130_fd_sc_hd__dfxtp_2)
                                         reg_file.memory[1][12] (net)
                  0.04    0.00    0.30 ^ _5480_/A (sky130_fd_sc_hd__buf_1)
     1    0.00    0.04    0.08    0.37 ^ _5480_/X (sky130_fd_sc_hd__buf_1)
                                         _2738_ (net)
                  0.04    0.00    0.37 ^ _5481_/A (sky130_fd_sc_hd__buf_1)
     1    0.00    0.04    0.07    0.44 ^ _5481_/X (sky130_fd_sc_hd__buf_1)
                                         _0377_ (net)
                  0.04    0.00    0.44 ^ _6142_/D (sky130_fd_sc_hd__dfxtp_2)
                                  0.44   data arrival time

                  0.00    0.00    0.00   clock core_clock (rise edge)
                          0.00    0.00   clock network delay (ideal)
                          0.00    0.00   clock reconvergence pessimism
                                  0.00 ^ _6142_/CLK (sky130_fd_sc_hd__dfxtp_2)
                         -0.04   -0.04   library hold time
                                 -0.04   data required time
-----------------------------------------------------------------------------
                                 -0.04   data required time
                                 -0.44   data arrival time
-----------------------------------------------------------------------------
                                  0.48   slack (MET)


Startpoint: _6228_ (rising edge-triggered flip-flop clocked by core_clock)
Endpoint: _6228_ (rising edge-triggered flip-flop clocked by core_clock)
Path Group: core_clock
Path Type: min

Fanout     Cap    Slew   Delay    Time   Description
-----------------------------------------------------------------------------
                  0.00    0.00    0.00   clock core_clock (rise edge)
                          0.00    0.00   clock network delay (ideal)
                  0.00    0.00    0.00 ^ _6228_/CLK (sky130_fd_sc_hd__dfxtp_2)
     2    0.00    0.04    0.30    0.30 ^ _6228_/Q (sky130_fd_sc_hd__dfxtp_2)
                                         reg_file.memory[2][2] (net)
                  0.04    0.00    0.30 ^ _5662_/A (sky130_fd_sc_hd__buf_1)
     1    0.00    0.04    0.08    0.37 ^ _5662_/X (sky130_fd_sc_hd__buf_1)
                                         _2834_ (net)
                  0.04    0.00    0.37 ^ _5663_/A (sky130_fd_sc_hd__buf_1)
     1    0.00    0.03    0.07    0.44 ^ _5663_/X (sky130_fd_sc_hd__buf_1)
                                         _0463_ (net)
                  0.03    0.00    0.44 ^ _6228_/D (sky130_fd_sc_hd__dfxtp_2)
                                  0.44   data arrival time

                  0.00    0.00    0.00   clock core_clock (rise edge)
                          0.00    0.00   clock network delay (ideal)
                          0.00    0.00   clock reconvergence pessimism
                                  0.00 ^ _6228_/CLK (sky130_fd_sc_hd__dfxtp_2)
                         -0.04   -0.04   library hold time
                                 -0.04   data required time
-----------------------------------------------------------------------------
                                 -0.04   data required time
                                 -0.44   data arrival time
-----------------------------------------------------------------------------
                                  0.48   slack (MET)


Startpoint: _6226_ (rising edge-triggered flip-flop clocked by core_clock)
Endpoint: _6226_ (rising edge-triggered flip-flop clocked by core_clock)
Path Group: core_clock
Path Type: min

Fanout     Cap    Slew   Delay    Time   Description
-----------------------------------------------------------------------------
                  0.00    0.00    0.00   clock core_clock (rise edge)
                          0.00    0.00   clock network delay (ideal)
                  0.00    0.00    0.00 ^ _6226_/CLK (sky130_fd_sc_hd__dfxtp_2)
     2    0.01    0.04    0.30    0.30 ^ _6226_/Q (sky130_fd_sc_hd__dfxtp_2)
                                         reg_file.memory[2][0] (net)
                  0.04    0.00    0.30 ^ _5658_/A (sky130_fd_sc_hd__buf_1)
     1    0.00    0.04    0.07    0.37 ^ _5658_/X (sky130_fd_sc_hd__buf_1)
                                         _2832_ (net)
                  0.04    0.00    0.37 ^ _5659_/A (sky130_fd_sc_hd__buf_1)
     1    0.00    0.03    0.07    0.44 ^ _5659_/X (sky130_fd_sc_hd__buf_1)
                                         _0461_ (net)
                  0.03    0.00    0.44 ^ _6226_/D (sky130_fd_sc_hd__dfxtp_2)
                                  0.44   data arrival time

                  0.00    0.00    0.00   clock core_clock (rise edge)
                          0.00    0.00   clock network delay (ideal)
                          0.00    0.00   clock reconvergence pessimism
                                  0.00 ^ _6226_/CLK (sky130_fd_sc_hd__dfxtp_2)
                         -0.04   -0.04   library hold time
                                 -0.04   data required time
-----------------------------------------------------------------------------
                                 -0.04   data required time
                                 -0.44   data arrival time
-----------------------------------------------------------------------------
                                  0.48   slack (MET)


Startpoint: _6235_ (rising edge-triggered flip-flop clocked by core_clock)
Endpoint: _6235_ (rising edge-triggered flip-flop clocked by core_clock)
Path Group: core_clock
Path Type: min

Fanout     Cap    Slew   Delay    Time   Description
-----------------------------------------------------------------------------
                  0.00    0.00    0.00   clock core_clock (rise edge)
                          0.00    0.00   clock network delay (ideal)
                  0.00    0.00    0.00 ^ _6235_/CLK (sky130_fd_sc_hd__dfxtp_2)
     2    0.01    0.04    0.30    0.30 ^ _6235_/Q (sky130_fd_sc_hd__dfxtp_2)
                                         reg_file.memory[2][9] (net)
                  0.04    0.00    0.30 ^ _5676_/A (sky130_fd_sc_hd__buf_1)
     1    0.00    0.04    0.07    0.37 ^ _5676_/X (sky130_fd_sc_hd__buf_1)
                                         _2841_ (net)
                  0.04    0.00    0.37 ^ _5677_/A (sky130_fd_sc_hd__buf_1)
     1    0.00    0.03    0.07    0.44 ^ _5677_/X (sky130_fd_sc_hd__buf_1)
                                         _0470_ (net)
                  0.03    0.00    0.44 ^ _6235_/D (sky130_fd_sc_hd__dfxtp_2)
                                  0.44   data arrival time

                  0.00    0.00    0.00   clock core_clock (rise edge)
                          0.00    0.00   clock network delay (ideal)
                          0.00    0.00   clock reconvergence pessimism
                                  0.00 ^ _6235_/CLK (sky130_fd_sc_hd__dfxtp_2)
                         -0.04   -0.04   library hold time
                                 -0.04   data required time
-----------------------------------------------------------------------------
                                 -0.04   data required time
                                 -0.44   data arrival time
-----------------------------------------------------------------------------
                                  0.48   slack (MET)


Startpoint: _6253_ (rising edge-triggered flip-flop clocked by core_clock)
Endpoint: _6253_ (rising edge-triggered flip-flop clocked by core_clock)
Path Group: core_clock
Path Type: min

Fanout     Cap    Slew   Delay    Time   Description
-----------------------------------------------------------------------------
                  0.00    0.00    0.00   clock core_clock (rise edge)
                          0.00    0.00   clock network delay (ideal)
                  0.00    0.00    0.00 ^ _6253_/CLK (sky130_fd_sc_hd__dfxtp_2)
     2    0.01    0.04    0.30    0.30 ^ _6253_/Q (sky130_fd_sc_hd__dfxtp_2)
                                         reg_file.memory[2][27] (net)
                  0.04    0.00    0.30 ^ _5712_/A (sky130_fd_sc_hd__buf_1)
     1    0.00    0.04    0.07    0.37 ^ _5712_/X (sky130_fd_sc_hd__buf_1)
                                         _2859_ (net)
                  0.04    0.00    0.37 ^ _5713_/A (sky130_fd_sc_hd__buf_1)
     1    0.00    0.03    0.07    0.44 ^ _5713_/X (sky130_fd_sc_hd__buf_1)
                                         _0488_ (net)
                  0.03    0.00    0.44 ^ _6253_/D (sky130_fd_sc_hd__dfxtp_2)
                                  0.44   data arrival time

                  0.00    0.00    0.00   clock core_clock (rise edge)
                          0.00    0.00   clock network delay (ideal)
                          0.00    0.00   clock reconvergence pessimism
                                  0.00 ^ _6253_/CLK (sky130_fd_sc_hd__dfxtp_2)
                         -0.03   -0.03   library hold time
                                 -0.03   data required time
-----------------------------------------------------------------------------
                                 -0.03   data required time
                                 -0.44   data arrival time
-----------------------------------------------------------------------------
                                  0.48   slack (MET)


Startpoint: _6239_ (rising edge-triggered flip-flop clocked by core_clock)
Endpoint: _6239_ (rising edge-triggered flip-flop clocked by core_clock)
Path Group: core_clock
Path Type: min

Fanout     Cap    Slew   Delay    Time   Description
-----------------------------------------------------------------------------
                  0.00    0.00    0.00   clock core_clock (rise edge)
                          0.00    0.00   clock network delay (ideal)
                  0.00    0.00    0.00 ^ _6239_/CLK (sky130_fd_sc_hd__dfxtp_2)
     2    0.01    0.04    0.30    0.30 ^ _6239_/Q (sky130_fd_sc_hd__dfxtp_2)
                                         reg_file.memory[2][13] (net)
                  0.04    0.00    0.30 ^ _5684_/A (sky130_fd_sc_hd__buf_1)
     1    0.00    0.04    0.07    0.37 ^ _5684_/X (sky130_fd_sc_hd__buf_1)
                                         _2845_ (net)
                  0.04    0.00    0.37 ^ _5685_/A (sky130_fd_sc_hd__buf_1)
     1    0.00    0.03    0.07    0.44 ^ _5685_/X (sky130_fd_sc_hd__buf_1)
                                         _0474_ (net)
                  0.03    0.00    0.44 ^ _6239_/D (sky130_fd_sc_hd__dfxtp_2)
                                  0.44   data arrival time

                  0.00    0.00    0.00   clock core_clock (rise edge)
                          0.00    0.00   clock network delay (ideal)
                          0.00    0.00   clock reconvergence pessimism
                                  0.00 ^ _6239_/CLK (sky130_fd_sc_hd__dfxtp_2)
                         -0.03   -0.03   library hold time
                                 -0.03   data required time
-----------------------------------------------------------------------------
                                 -0.03   data required time
                                 -0.44   data arrival time
-----------------------------------------------------------------------------
                                  0.48   slack (MET)


Startpoint: _6230_ (rising edge-triggered flip-flop clocked by core_clock)
Endpoint: _6230_ (rising edge-triggered flip-flop clocked by core_clock)
Path Group: core_clock
Path Type: min

Fanout     Cap    Slew   Delay    Time   Description
-----------------------------------------------------------------------------
                  0.00    0.00    0.00   clock core_clock (rise edge)
                          0.00    0.00   clock network delay (ideal)
                  0.00    0.00    0.00 ^ _6230_/CLK (sky130_fd_sc_hd__dfxtp_2)
     2    0.00    0.04    0.30    0.30 ^ _6230_/Q (sky130_fd_sc_hd__dfxtp_2)
                                         reg_file.memory[2][4] (net)
                  0.04    0.00    0.30 ^ _5666_/A (sky130_fd_sc_hd__buf_1)
     1    0.00    0.04    0.08    0.37 ^ _5666_/X (sky130_fd_sc_hd__buf_1)
                                         _2836_ (net)
                  0.04    0.00    0.37 ^ _5667_/A (sky130_fd_sc_hd__buf_1)
     1    0.00    0.03    0.07    0.44 ^ _5667_/X (sky130_fd_sc_hd__buf_1)
                                         _0465_ (net)
                  0.03    0.00    0.44 ^ _6230_/D (sky130_fd_sc_hd__dfxtp_2)
                                  0.44   data arrival time

                  0.00    0.00    0.00   clock core_clock (rise edge)
                          0.00    0.00   clock network delay (ideal)
                          0.00    0.00   clock reconvergence pessimism
                                  0.00 ^ _6230_/CLK (sky130_fd_sc_hd__dfxtp_2)
                         -0.04   -0.04   library hold time
                                 -0.04   data required time
-----------------------------------------------------------------------------
                                 -0.04   data required time
                                 -0.44   data arrival time
-----------------------------------------------------------------------------
                                  0.48   slack (MET)


Startpoint: _6237_ (rising edge-triggered flip-flop clocked by core_clock)
Endpoint: _6237_ (rising edge-triggered flip-flop clocked by core_clock)
Path Group: core_clock
Path Type: min

Fanout     Cap    Slew   Delay    Time   Description
-----------------------------------------------------------------------------
                  0.00    0.00    0.00   clock core_clock (rise edge)
                          0.00    0.00   clock network delay (ideal)
                  0.00    0.00    0.00 ^ _6237_/CLK (sky130_fd_sc_hd__dfxtp_2)
     2    0.01    0.04    0.30    0.30 ^ _6237_/Q (sky130_fd_sc_hd__dfxtp_2)
                                         reg_file.memory[2][11] (net)
                  0.04    0.00    0.30 ^ _5680_/A (sky130_fd_sc_hd__buf_1)
     1    0.00    0.04    0.08    0.37 ^ _5680_/X (sky130_fd_sc_hd__buf_1)
                                         _2843_ (net)
                  0.04    0.00    0.37 ^ _5681_/A (sky130_fd_sc_hd__buf_1)
     1    0.00    0.03    0.07    0.44 ^ _5681_/X (sky130_fd_sc_hd__buf_1)
                                         _0472_ (net)
                  0.03    0.00    0.44 ^ _6237_/D (sky130_fd_sc_hd__dfxtp_2)
                                  0.44   data arrival time

                  0.00    0.00    0.00   clock core_clock (rise edge)
                          0.00    0.00   clock network delay (ideal)
                          0.00    0.00   clock reconvergence pessimism
                                  0.00 ^ _6237_/CLK (sky130_fd_sc_hd__dfxtp_2)
                         -0.04   -0.04   library hold time
                                 -0.04   data required time
-----------------------------------------------------------------------------
                                 -0.04   data required time
                                 -0.44   data arrival time
-----------------------------------------------------------------------------
                                  0.48   slack (MET)


Startpoint: _6240_ (rising edge-triggered flip-flop clocked by core_clock)
Endpoint: _6240_ (rising edge-triggered flip-flop clocked by core_clock)
Path Group: core_clock
Path Type: min

Fanout     Cap    Slew   Delay    Time   Description
-----------------------------------------------------------------------------
                  0.00    0.00    0.00   clock core_clock (rise edge)
                          0.00    0.00   clock network delay (ideal)
                  0.00    0.00    0.00 ^ _6240_/CLK (sky130_fd_sc_hd__dfxtp_2)
     2    0.01    0.04    0.30    0.30 ^ _6240_/Q (sky130_fd_sc_hd__dfxtp_2)
                                         reg_file.memory[2][14] (net)
                  0.04    0.00    0.30 ^ _5686_/A (sky130_fd_sc_hd__buf_1)
     1    0.00    0.04    0.08    0.37 ^ _5686_/X (sky130_fd_sc_hd__buf_1)
                                         _2846_ (net)
                  0.04    0.00    0.37 ^ _5687_/A (sky130_fd_sc_hd__buf_1)
     1    0.00    0.03    0.07    0.44 ^ _5687_/X (sky130_fd_sc_hd__buf_1)
                                         _0475_ (net)
                  0.03    0.00    0.44 ^ _6240_/D (sky130_fd_sc_hd__dfxtp_2)
                                  0.44   data arrival time

                  0.00    0.00    0.00   clock core_clock (rise edge)
                          0.00    0.00   clock network delay (ideal)
                          0.00    0.00   clock reconvergence pessimism
                                  0.00 ^ _6240_/CLK (sky130_fd_sc_hd__dfxtp_2)
                         -0.04   -0.04   library hold time
                                 -0.04   data required time
-----------------------------------------------------------------------------
                                 -0.04   data required time
                                 -0.44   data arrival time
-----------------------------------------------------------------------------
                                  0.48   slack (MET)


Startpoint: _6250_ (rising edge-triggered flip-flop clocked by core_clock)
Endpoint: _6250_ (rising edge-triggered flip-flop clocked by core_clock)
Path Group: core_clock
Path Type: min

Fanout     Cap    Slew   Delay    Time   Description
-----------------------------------------------------------------------------
                  0.00    0.00    0.00   clock core_clock (rise edge)
                          0.00    0.00   clock network delay (ideal)
                  0.00    0.00    0.00 ^ _6250_/CLK (sky130_fd_sc_hd__dfxtp_2)
     2    0.00    0.04    0.30    0.30 ^ _6250_/Q (sky130_fd_sc_hd__dfxtp_2)
                                         reg_file.memory[2][24] (net)
                  0.04    0.00    0.30 ^ _5706_/A (sky130_fd_sc_hd__buf_1)
     1    0.00    0.04    0.08    0.37 ^ _5706_/X (sky130_fd_sc_hd__buf_1)
                                         _2856_ (net)
                  0.04    0.00    0.37 ^ _5707_/A (sky130_fd_sc_hd__buf_1)
     1    0.00    0.03    0.07    0.44 ^ _5707_/X (sky130_fd_sc_hd__buf_1)
                                         _0485_ (net)
                  0.03    0.00    0.44 ^ _6250_/D (sky130_fd_sc_hd__dfxtp_2)
                                  0.44   data arrival time

                  0.00    0.00    0.00   clock core_clock (rise edge)
                          0.00    0.00   clock network delay (ideal)
                          0.00    0.00   clock reconvergence pessimism
                                  0.00 ^ _6250_/CLK (sky130_fd_sc_hd__dfxtp_2)
                         -0.04   -0.04   library hold time
                                 -0.04   data required time
-----------------------------------------------------------------------------
                                 -0.04   data required time
                                 -0.44   data arrival time
-----------------------------------------------------------------------------
                                  0.48   slack (MET)


Startpoint: _6248_ (rising edge-triggered flip-flop clocked by core_clock)
Endpoint: _6248_ (rising edge-triggered flip-flop clocked by core_clock)
Path Group: core_clock
Path Type: min

Fanout     Cap    Slew   Delay    Time   Description
-----------------------------------------------------------------------------
                  0.00    0.00    0.00   clock core_clock (rise edge)
                          0.00    0.00   clock network delay (ideal)
                  0.00    0.00    0.00 ^ _6248_/CLK (sky130_fd_sc_hd__dfxtp_2)
     2    0.00    0.04    0.30    0.30 ^ _6248_/Q (sky130_fd_sc_hd__dfxtp_2)
                                         reg_file.memory[2][22] (net)
                  0.04    0.00    0.30 ^ _5702_/A (sky130_fd_sc_hd__buf_1)
     1    0.00    0.04    0.08    0.37 ^ _5702_/X (sky130_fd_sc_hd__buf_1)
                                         _2854_ (net)
                  0.04    0.00    0.37 ^ _5703_/A (sky130_fd_sc_hd__buf_1)
     1    0.00    0.03    0.07    0.44 ^ _5703_/X (sky130_fd_sc_hd__buf_1)
                                         _0483_ (net)
                  0.03    0.00    0.44 ^ _6248_/D (sky130_fd_sc_hd__dfxtp_2)
                                  0.44   data arrival time

                  0.00    0.00    0.00   clock core_clock (rise edge)
                          0.00    0.00   clock network delay (ideal)
                          0.00    0.00   clock reconvergence pessimism
                                  0.00 ^ _6248_/CLK (sky130_fd_sc_hd__dfxtp_2)
                         -0.04   -0.04   library hold time
                                 -0.04   data required time
-----------------------------------------------------------------------------
                                 -0.04   data required time
                                 -0.44   data arrival time
-----------------------------------------------------------------------------
                                  0.48   slack (MET)


Startpoint: _6227_ (rising edge-triggered flip-flop clocked by core_clock)
Endpoint: _6227_ (rising edge-triggered flip-flop clocked by core_clock)
Path Group: core_clock
Path Type: min

Fanout     Cap    Slew   Delay    Time   Description
-----------------------------------------------------------------------------
                  0.00    0.00    0.00   clock core_clock (rise edge)
                          0.00    0.00   clock network delay (ideal)
                  0.00    0.00    0.00 ^ _6227_/CLK (sky130_fd_sc_hd__dfxtp_2)
     2    0.00    0.04    0.30    0.30 ^ _6227_/Q (sky130_fd_sc_hd__dfxtp_2)
                                         reg_file.memory[2][1] (net)
                  0.04    0.00    0.30 ^ _5660_/A (sky130_fd_sc_hd__buf_1)
     1    0.00    0.04    0.08    0.37 ^ _5660_/X (sky130_fd_sc_hd__buf_1)
                                         _2833_ (net)
                  0.04    0.00    0.37 ^ _5661_/A (sky130_fd_sc_hd__buf_1)
     1    0.00    0.03    0.07    0.44 ^ _5661_/X (sky130_fd_sc_hd__buf_1)
                                         _0462_ (net)
                  0.03    0.00    0.44 ^ _6227_/D (sky130_fd_sc_hd__dfxtp_2)
                                  0.44   data arrival time

                  0.00    0.00    0.00   clock core_clock (rise edge)
                          0.00    0.00   clock network delay (ideal)
                          0.00    0.00   clock reconvergence pessimism
                                  0.00 ^ _6227_/CLK (sky130_fd_sc_hd__dfxtp_2)
                         -0.04   -0.04   library hold time
                                 -0.04   data required time
-----------------------------------------------------------------------------
                                 -0.04   data required time
                                 -0.44   data arrival time
-----------------------------------------------------------------------------
                                  0.48   slack (MET)


Startpoint: _6236_ (rising edge-triggered flip-flop clocked by core_clock)
Endpoint: _6236_ (rising edge-triggered flip-flop clocked by core_clock)
Path Group: core_clock
Path Type: min

Fanout     Cap    Slew   Delay    Time   Description
-----------------------------------------------------------------------------
                  0.00    0.00    0.00   clock core_clock (rise edge)
                          0.00    0.00   clock network delay (ideal)
                  0.00    0.00    0.00 ^ _6236_/CLK (sky130_fd_sc_hd__dfxtp_2)
     2    0.00    0.04    0.30    0.30 ^ _6236_/Q (sky130_fd_sc_hd__dfxtp_2)
                                         reg_file.memory[2][10] (net)
                  0.04    0.00    0.30 ^ _5678_/A (sky130_fd_sc_hd__buf_1)
     1    0.00    0.04    0.08    0.37 ^ _5678_/X (sky130_fd_sc_hd__buf_1)
                                         _2842_ (net)
                  0.04    0.00    0.37 ^ _5679_/A (sky130_fd_sc_hd__buf_1)
     1    0.00    0.04    0.07    0.44 ^ _5679_/X (sky130_fd_sc_hd__buf_1)
                                         _0471_ (net)
                  0.04    0.00    0.44 ^ _6236_/D (sky130_fd_sc_hd__dfxtp_2)
                                  0.44   data arrival time

                  0.00    0.00    0.00   clock core_clock (rise edge)
                          0.00    0.00   clock network delay (ideal)
                          0.00    0.00   clock reconvergence pessimism
                                  0.00 ^ _6236_/CLK (sky130_fd_sc_hd__dfxtp_2)
                         -0.04   -0.04   library hold time
                                 -0.04   data required time
-----------------------------------------------------------------------------
                                 -0.04   data required time
                                 -0.44   data arrival time
-----------------------------------------------------------------------------
                                  0.48   slack (MET)


Startpoint: _6229_ (rising edge-triggered flip-flop clocked by core_clock)
Endpoint: _6229_ (rising edge-triggered flip-flop clocked by core_clock)
Path Group: core_clock
Path Type: min

Fanout     Cap    Slew   Delay    Time   Description
-----------------------------------------------------------------------------
                  0.00    0.00    0.00   clock core_clock (rise edge)
                          0.00    0.00   clock network delay (ideal)
                  0.00    0.00    0.00 ^ _6229_/CLK (sky130_fd_sc_hd__dfxtp_2)
     2    0.00    0.04    0.30    0.30 ^ _6229_/Q (sky130_fd_sc_hd__dfxtp_2)
                                         reg_file.memory[2][3] (net)
                  0.04    0.00    0.30 ^ _5664_/A (sky130_fd_sc_hd__buf_1)
     1    0.00    0.04    0.08    0.37 ^ _5664_/X (sky130_fd_sc_hd__buf_1)
                                         _2835_ (net)
                  0.04    0.00    0.37 ^ _5665_/A (sky130_fd_sc_hd__buf_1)
     1    0.00    0.03    0.07    0.44 ^ _5665_/X (sky130_fd_sc_hd__buf_1)
                                         _0464_ (net)
                  0.03    0.00    0.44 ^ _6229_/D (sky130_fd_sc_hd__dfxtp_2)
                                  0.44   data arrival time

                  0.00    0.00    0.00   clock core_clock (rise edge)
                          0.00    0.00   clock network delay (ideal)
                          0.00    0.00   clock reconvergence pessimism
                                  0.00 ^ _6229_/CLK (sky130_fd_sc_hd__dfxtp_2)
                         -0.04   -0.04   library hold time
                                 -0.04   data required time
-----------------------------------------------------------------------------
                                 -0.04   data required time
                                 -0.44   data arrival time
-----------------------------------------------------------------------------
                                  0.48   slack (MET)


Startpoint: _6257_ (rising edge-triggered flip-flop clocked by core_clock)
Endpoint: _6257_ (rising edge-triggered flip-flop clocked by core_clock)
Path Group: core_clock
Path Type: min

Fanout     Cap    Slew   Delay    Time   Description
-----------------------------------------------------------------------------
                  0.00    0.00    0.00   clock core_clock (rise edge)
                          0.00    0.00   clock network delay (ideal)
                  0.00    0.00    0.00 ^ _6257_/CLK (sky130_fd_sc_hd__dfxtp_2)
     2    0.00    0.04    0.30    0.30 ^ _6257_/Q (sky130_fd_sc_hd__dfxtp_2)
                                         reg_file.memory[2][31] (net)
                  0.04    0.00    0.30 ^ _5720_/A (sky130_fd_sc_hd__buf_1)
     1    0.00    0.04    0.08    0.37 ^ _5720_/X (sky130_fd_sc_hd__buf_1)
                                         _2863_ (net)
                  0.04    0.00    0.37 ^ _5721_/A (sky130_fd_sc_hd__buf_1)
     1    0.00    0.03    0.07    0.44 ^ _5721_/X (sky130_fd_sc_hd__buf_1)
                                         _0492_ (net)
                  0.03    0.00    0.44 ^ _6257_/D (sky130_fd_sc_hd__dfxtp_2)
                                  0.44   data arrival time

                  0.00    0.00    0.00   clock core_clock (rise edge)
                          0.00    0.00   clock network delay (ideal)
                          0.00    0.00   clock reconvergence pessimism
                                  0.00 ^ _6257_/CLK (sky130_fd_sc_hd__dfxtp_2)
                         -0.04   -0.04   library hold time
                                 -0.04   data required time
-----------------------------------------------------------------------------
                                 -0.04   data required time
                                 -0.44   data arrival time
-----------------------------------------------------------------------------
                                  0.48   slack (MET)


Startpoint: _6231_ (rising edge-triggered flip-flop clocked by core_clock)
Endpoint: _6231_ (rising edge-triggered flip-flop clocked by core_clock)
Path Group: core_clock
Path Type: min

Fanout     Cap    Slew   Delay    Time   Description
-----------------------------------------------------------------------------
                  0.00    0.00    0.00   clock core_clock (rise edge)
                          0.00    0.00   clock network delay (ideal)
                  0.00    0.00    0.00 ^ _6231_/CLK (sky130_fd_sc_hd__dfxtp_2)
     2    0.00    0.04    0.30    0.30 ^ _6231_/Q (sky130_fd_sc_hd__dfxtp_2)
                                         reg_file.memory[2][5] (net)
                  0.04    0.00    0.30 ^ _5668_/A (sky130_fd_sc_hd__buf_1)
     1    0.00    0.04    0.08    0.37 ^ _5668_/X (sky130_fd_sc_hd__buf_1)
                                         _2837_ (net)
                  0.04    0.00    0.37 ^ _5669_/A (sky130_fd_sc_hd__buf_1)
     1    0.00    0.03    0.07    0.44 ^ _5669_/X (sky130_fd_sc_hd__buf_1)
                                         _0466_ (net)
                  0.03    0.00    0.44 ^ _6231_/D (sky130_fd_sc_hd__dfxtp_2)
                                  0.44   data arrival time

                  0.00    0.00    0.00   clock core_clock (rise edge)
                          0.00    0.00   clock network delay (ideal)
                          0.00    0.00   clock reconvergence pessimism
                                  0.00 ^ _6231_/CLK (sky130_fd_sc_hd__dfxtp_2)
                         -0.04   -0.04   library hold time
                                 -0.04   data required time
-----------------------------------------------------------------------------
                                 -0.04   data required time
                                 -0.44   data arrival time
-----------------------------------------------------------------------------
                                  0.48   slack (MET)


Startpoint: _6247_ (rising edge-triggered flip-flop clocked by core_clock)
Endpoint: _6247_ (rising edge-triggered flip-flop clocked by core_clock)
Path Group: core_clock
Path Type: min

Fanout     Cap    Slew   Delay    Time   Description
-----------------------------------------------------------------------------
                  0.00    0.00    0.00   clock core_clock (rise edge)
                          0.00    0.00   clock network delay (ideal)
                  0.00    0.00    0.00 ^ _6247_/CLK (sky130_fd_sc_hd__dfxtp_2)
     2    0.01    0.04    0.30    0.30 ^ _6247_/Q (sky130_fd_sc_hd__dfxtp_2)
                                         reg_file.memory[2][21] (net)
                  0.04    0.00    0.30 ^ _5700_/A (sky130_fd_sc_hd__buf_1)
     1    0.00    0.04    0.08    0.37 ^ _5700_/X (sky130_fd_sc_hd__buf_1)
                                         _2853_ (net)
                  0.04    0.00    0.37 ^ _5701_/A (sky130_fd_sc_hd__buf_1)
     1    0.00    0.03    0.07    0.44 ^ _5701_/X (sky130_fd_sc_hd__buf_1)
                                         _0482_ (net)
                  0.03    0.00    0.44 ^ _6247_/D (sky130_fd_sc_hd__dfxtp_2)
                                  0.44   data arrival time

                  0.00    0.00    0.00   clock core_clock (rise edge)
                          0.00    0.00   clock network delay (ideal)
                          0.00    0.00   clock reconvergence pessimism
                                  0.00 ^ _6247_/CLK (sky130_fd_sc_hd__dfxtp_2)
                         -0.04   -0.04   library hold time
                                 -0.04   data required time
-----------------------------------------------------------------------------
                                 -0.04   data required time
                                 -0.44   data arrival time
-----------------------------------------------------------------------------
                                  0.48   slack (MET)


Startpoint: _6241_ (rising edge-triggered flip-flop clocked by core_clock)
Endpoint: _6241_ (rising edge-triggered flip-flop clocked by core_clock)
Path Group: core_clock
Path Type: min

Fanout     Cap    Slew   Delay    Time   Description
-----------------------------------------------------------------------------
                  0.00    0.00    0.00   clock core_clock (rise edge)
                          0.00    0.00   clock network delay (ideal)
                  0.00    0.00    0.00 ^ _6241_/CLK (sky130_fd_sc_hd__dfxtp_2)
     2    0.01    0.04    0.30    0.30 ^ _6241_/Q (sky130_fd_sc_hd__dfxtp_2)
                                         reg_file.memory[2][15] (net)
                  0.04    0.00    0.30 ^ _5688_/A (sky130_fd_sc_hd__buf_1)
     1    0.00    0.04    0.08    0.37 ^ _5688_/X (sky130_fd_sc_hd__buf_1)
                                         _2847_ (net)
                  0.04    0.00    0.37 ^ _5689_/A (sky130_fd_sc_hd__buf_1)
     1    0.00    0.03    0.07    0.44 ^ _5689_/X (sky130_fd_sc_hd__buf_1)
                                         _0476_ (net)
                  0.03    0.00    0.44 ^ _6241_/D (sky130_fd_sc_hd__dfxtp_2)
                                  0.44   data arrival time

                  0.00    0.00    0.00   clock core_clock (rise edge)
                          0.00    0.00   clock network delay (ideal)
                          0.00    0.00   clock reconvergence pessimism
                                  0.00 ^ _6241_/CLK (sky130_fd_sc_hd__dfxtp_2)
                         -0.04   -0.04   library hold time
                                 -0.04   data required time
-----------------------------------------------------------------------------
                                 -0.04   data required time
                                 -0.44   data arrival time
-----------------------------------------------------------------------------
                                  0.48   slack (MET)


Startpoint: _6254_ (rising edge-triggered flip-flop clocked by core_clock)
Endpoint: _6254_ (rising edge-triggered flip-flop clocked by core_clock)
Path Group: core_clock
Path Type: min

Fanout     Cap    Slew   Delay    Time   Description
-----------------------------------------------------------------------------
                  0.00    0.00    0.00   clock core_clock (rise edge)
                          0.00    0.00   clock network delay (ideal)
                  0.00    0.00    0.00 ^ _6254_/CLK (sky130_fd_sc_hd__dfxtp_2)
     2    0.01    0.04    0.30    0.30 ^ _6254_/Q (sky130_fd_sc_hd__dfxtp_2)
                                         reg_file.memory[2][28] (net)
                  0.04    0.00    0.30 ^ _5714_/A (sky130_fd_sc_hd__buf_1)
     1    0.00    0.04    0.08    0.37 ^ _5714_/X (sky130_fd_sc_hd__buf_1)
                                         _2860_ (net)
                  0.04    0.00    0.37 ^ _5715_/A (sky130_fd_sc_hd__buf_1)
     1    0.00    0.03    0.07    0.44 ^ _5715_/X (sky130_fd_sc_hd__buf_1)
                                         _0489_ (net)
                  0.03    0.00    0.44 ^ _6254_/D (sky130_fd_sc_hd__dfxtp_2)
                                  0.44   data arrival time

                  0.00    0.00    0.00   clock core_clock (rise edge)
                          0.00    0.00   clock network delay (ideal)
                          0.00    0.00   clock reconvergence pessimism
                                  0.00 ^ _6254_/CLK (sky130_fd_sc_hd__dfxtp_2)
                         -0.04   -0.04   library hold time
                                 -0.04   data required time
-----------------------------------------------------------------------------
                                 -0.04   data required time
                                 -0.44   data arrival time
-----------------------------------------------------------------------------
                                  0.48   slack (MET)


Startpoint: _6238_ (rising edge-triggered flip-flop clocked by core_clock)
Endpoint: _6238_ (rising edge-triggered flip-flop clocked by core_clock)
Path Group: core_clock
Path Type: min

Fanout     Cap    Slew   Delay    Time   Description
-----------------------------------------------------------------------------
                  0.00    0.00    0.00   clock core_clock (rise edge)
                          0.00    0.00   clock network delay (ideal)
                  0.00    0.00    0.00 ^ _6238_/CLK (sky130_fd_sc_hd__dfxtp_2)
     2    0.01    0.04    0.30    0.30 ^ _6238_/Q (sky130_fd_sc_hd__dfxtp_2)
                                         reg_file.memory[2][12] (net)
                  0.04    0.00    0.30 ^ _5682_/A (sky130_fd_sc_hd__buf_1)
     1    0.00    0.04    0.08    0.37 ^ _5682_/X (sky130_fd_sc_hd__buf_1)
                                         _2844_ (net)
                  0.04    0.00    0.37 ^ _5683_/A (sky130_fd_sc_hd__buf_1)
     1    0.00    0.03    0.07    0.44 ^ _5683_/X (sky130_fd_sc_hd__buf_1)
                                         _0473_ (net)
                  0.03    0.00    0.44 ^ _6238_/D (sky130_fd_sc_hd__dfxtp_2)
                                  0.44   data arrival time

                  0.00    0.00    0.00   clock core_clock (rise edge)
                          0.00    0.00   clock network delay (ideal)
                          0.00    0.00   clock reconvergence pessimism
                                  0.00 ^ _6238_/CLK (sky130_fd_sc_hd__dfxtp_2)
                         -0.04   -0.04   library hold time
                                 -0.04   data required time
-----------------------------------------------------------------------------
                                 -0.04   data required time
                                 -0.44   data arrival time
-----------------------------------------------------------------------------
                                  0.48   slack (MET)


Startpoint: _6243_ (rising edge-triggered flip-flop clocked by core_clock)
Endpoint: _6243_ (rising edge-triggered flip-flop clocked by core_clock)
Path Group: core_clock
Path Type: min

Fanout     Cap    Slew   Delay    Time   Description
-----------------------------------------------------------------------------
                  0.00    0.00    0.00   clock core_clock (rise edge)
                          0.00    0.00   clock network delay (ideal)
                  0.00    0.00    0.00 ^ _6243_/CLK (sky130_fd_sc_hd__dfxtp_2)
     2    0.01    0.04    0.30    0.30 ^ _6243_/Q (sky130_fd_sc_hd__dfxtp_2)
                                         reg_file.memory[2][17] (net)
                  0.04    0.00    0.30 ^ _5692_/A (sky130_fd_sc_hd__buf_1)
     1    0.00    0.04    0.08    0.37 ^ _5692_/X (sky130_fd_sc_hd__buf_1)
                                         _2849_ (net)
                  0.04    0.00    0.37 ^ _5693_/A (sky130_fd_sc_hd__buf_1)
     1    0.00    0.03    0.07    0.44 ^ _5693_/X (sky130_fd_sc_hd__buf_1)
                                         _0478_ (net)
                  0.03    0.00    0.44 ^ _6243_/D (sky130_fd_sc_hd__dfxtp_2)
                                  0.44   data arrival time

                  0.00    0.00    0.00   clock core_clock (rise edge)
                          0.00    0.00   clock network delay (ideal)
                          0.00    0.00   clock reconvergence pessimism
                                  0.00 ^ _6243_/CLK (sky130_fd_sc_hd__dfxtp_2)
                         -0.04   -0.04   library hold time
                                 -0.04   data required time
-----------------------------------------------------------------------------
                                 -0.04   data required time
                                 -0.44   data arrival time
-----------------------------------------------------------------------------
                                  0.48   slack (MET)


Startpoint: _6251_ (rising edge-triggered flip-flop clocked by core_clock)
Endpoint: _6251_ (rising edge-triggered flip-flop clocked by core_clock)
Path Group: core_clock
Path Type: min

Fanout     Cap    Slew   Delay    Time   Description
-----------------------------------------------------------------------------
                  0.00    0.00    0.00   clock core_clock (rise edge)
                          0.00    0.00   clock network delay (ideal)
                  0.00    0.00    0.00 ^ _6251_/CLK (sky130_fd_sc_hd__dfxtp_2)
     2    0.01    0.04    0.30    0.30 ^ _6251_/Q (sky130_fd_sc_hd__dfxtp_2)
                                         reg_file.memory[2][25] (net)
                  0.04    0.00    0.30 ^ _5708_/A (sky130_fd_sc_hd__buf_1)
     1    0.00    0.04    0.08    0.37 ^ _5708_/X (sky130_fd_sc_hd__buf_1)
                                         _2857_ (net)
                  0.04    0.00    0.37 ^ _5709_/A (sky130_fd_sc_hd__buf_1)
     1    0.00    0.03    0.07    0.44 ^ _5709_/X (sky130_fd_sc_hd__buf_1)
                                         _0486_ (net)
                  0.03    0.00    0.44 ^ _6251_/D (sky130_fd_sc_hd__dfxtp_2)
                                  0.44   data arrival time

                  0.00    0.00    0.00   clock core_clock (rise edge)
                          0.00    0.00   clock network delay (ideal)
                          0.00    0.00   clock reconvergence pessimism
                                  0.00 ^ _6251_/CLK (sky130_fd_sc_hd__dfxtp_2)
                         -0.04   -0.04   library hold time
                                 -0.04   data required time
-----------------------------------------------------------------------------
                                 -0.04   data required time
                                 -0.44   data arrival time
-----------------------------------------------------------------------------
                                  0.48   slack (MET)


Startpoint: _6246_ (rising edge-triggered flip-flop clocked by core_clock)
Endpoint: _6246_ (rising edge-triggered flip-flop clocked by core_clock)
Path Group: core_clock
Path Type: min

Fanout     Cap    Slew   Delay    Time   Description
-----------------------------------------------------------------------------
                  0.00    0.00    0.00   clock core_clock (rise edge)
                          0.00    0.00   clock network delay (ideal)
                  0.00    0.00    0.00 ^ _6246_/CLK (sky130_fd_sc_hd__dfxtp_2)
     2    0.01    0.04    0.30    0.30 ^ _6246_/Q (sky130_fd_sc_hd__dfxtp_2)
                                         reg_file.memory[2][20] (net)
                  0.04    0.00    0.30 ^ _5698_/A (sky130_fd_sc_hd__buf_1)
     1    0.00    0.04    0.08    0.37 ^ _5698_/X (sky130_fd_sc_hd__buf_1)
                                         _2852_ (net)
                  0.04    0.00    0.37 ^ _5699_/A (sky130_fd_sc_hd__buf_1)
     1    0.00    0.03    0.07    0.44 ^ _5699_/X (sky130_fd_sc_hd__buf_1)
                                         _0481_ (net)
                  0.03    0.00    0.44 ^ _6246_/D (sky130_fd_sc_hd__dfxtp_2)
                                  0.44   data arrival time

                  0.00    0.00    0.00   clock core_clock (rise edge)
                          0.00    0.00   clock network delay (ideal)
                          0.00    0.00   clock reconvergence pessimism
                                  0.00 ^ _6246_/CLK (sky130_fd_sc_hd__dfxtp_2)
                         -0.04   -0.04   library hold time
                                 -0.04   data required time
-----------------------------------------------------------------------------
                                 -0.04   data required time
                                 -0.44   data arrival time
-----------------------------------------------------------------------------
                                  0.48   slack (MET)


Startpoint: _6233_ (rising edge-triggered flip-flop clocked by core_clock)
Endpoint: _6233_ (rising edge-triggered flip-flop clocked by core_clock)
Path Group: core_clock
Path Type: min

Fanout     Cap    Slew   Delay    Time   Description
-----------------------------------------------------------------------------
                  0.00    0.00    0.00   clock core_clock (rise edge)
                          0.00    0.00   clock network delay (ideal)
                  0.00    0.00    0.00 ^ _6233_/CLK (sky130_fd_sc_hd__dfxtp_2)
     2    0.01    0.04    0.30    0.30 ^ _6233_/Q (sky130_fd_sc_hd__dfxtp_2)
                                         reg_file.memory[2][7] (net)
                  0.04    0.00    0.30 ^ _5672_/A (sky130_fd_sc_hd__buf_1)
     1    0.00    0.04    0.08    0.37 ^ _5672_/X (sky130_fd_sc_hd__buf_1)
                                         _2839_ (net)
                  0.04    0.00    0.37 ^ _5673_/A (sky130_fd_sc_hd__buf_1)
     1    0.00    0.03    0.07    0.44 ^ _5673_/X (sky130_fd_sc_hd__buf_1)
                                         _0468_ (net)
                  0.03    0.00    0.44 ^ _6233_/D (sky130_fd_sc_hd__dfxtp_2)
                                  0.44   data arrival time

                  0.00    0.00    0.00   clock core_clock (rise edge)
                          0.00    0.00   clock network delay (ideal)
                          0.00    0.00   clock reconvergence pessimism
                                  0.00 ^ _6233_/CLK (sky130_fd_sc_hd__dfxtp_2)
                         -0.04   -0.04   library hold time
                                 -0.04   data required time
-----------------------------------------------------------------------------
                                 -0.04   data required time
                                 -0.44   data arrival time
-----------------------------------------------------------------------------
                                  0.48   slack (MET)


Startpoint: _6232_ (rising edge-triggered flip-flop clocked by core_clock)
Endpoint: _6232_ (rising edge-triggered flip-flop clocked by core_clock)
Path Group: core_clock
Path Type: min

Fanout     Cap    Slew   Delay    Time   Description
-----------------------------------------------------------------------------
                  0.00    0.00    0.00   clock core_clock (rise edge)
                          0.00    0.00   clock network delay (ideal)
                  0.00    0.00    0.00 ^ _6232_/CLK (sky130_fd_sc_hd__dfxtp_2)
     2    0.01    0.04    0.30    0.30 ^ _6232_/Q (sky130_fd_sc_hd__dfxtp_2)
                                         reg_file.memory[2][6] (net)
                  0.04    0.00    0.30 ^ _5670_/A (sky130_fd_sc_hd__buf_1)
     1    0.00    0.04    0.08    0.37 ^ _5670_/X (sky130_fd_sc_hd__buf_1)
                                         _2838_ (net)
                  0.04    0.00    0.37 ^ _5671_/A (sky130_fd_sc_hd__buf_1)
     1    0.00    0.03    0.07    0.44 ^ _5671_/X (sky130_fd_sc_hd__buf_1)
                                         _0467_ (net)
                  0.03    0.00    0.44 ^ _6232_/D (sky130_fd_sc_hd__dfxtp_2)
                                  0.44   data arrival time

                  0.00    0.00    0.00   clock core_clock (rise edge)
                          0.00    0.00   clock network delay (ideal)
                          0.00    0.00   clock reconvergence pessimism
                                  0.00 ^ _6232_/CLK (sky130_fd_sc_hd__dfxtp_2)
                         -0.04   -0.04   library hold time
                                 -0.04   data required time
-----------------------------------------------------------------------------
                                 -0.04   data required time
                                 -0.44   data arrival time
-----------------------------------------------------------------------------
                                  0.48   slack (MET)


Startpoint: _6234_ (rising edge-triggered flip-flop clocked by core_clock)
Endpoint: _6234_ (rising edge-triggered flip-flop clocked by core_clock)
Path Group: core_clock
Path Type: min

Fanout     Cap    Slew   Delay    Time   Description
-----------------------------------------------------------------------------
                  0.00    0.00    0.00   clock core_clock (rise edge)
                          0.00    0.00   clock network delay (ideal)
                  0.00    0.00    0.00 ^ _6234_/CLK (sky130_fd_sc_hd__dfxtp_2)
     2    0.01    0.04    0.30    0.30 ^ _6234_/Q (sky130_fd_sc_hd__dfxtp_2)
                                         reg_file.memory[2][8] (net)
                  0.04    0.00    0.30 ^ _5674_/A (sky130_fd_sc_hd__buf_1)
     1    0.00    0.04    0.08    0.37 ^ _5674_/X (sky130_fd_sc_hd__buf_1)
                                         _2840_ (net)
                  0.04    0.00    0.37 ^ _5675_/A (sky130_fd_sc_hd__buf_1)
     1    0.00    0.03    0.07    0.44 ^ _5675_/X (sky130_fd_sc_hd__buf_1)
                                         _0469_ (net)
                  0.03    0.00    0.44 ^ _6234_/D (sky130_fd_sc_hd__dfxtp_2)
                                  0.44   data arrival time

                  0.00    0.00    0.00   clock core_clock (rise edge)
                          0.00    0.00   clock network delay (ideal)
                          0.00    0.00   clock reconvergence pessimism
                                  0.00 ^ _6234_/CLK (sky130_fd_sc_hd__dfxtp_2)
                         -0.04   -0.04   library hold time
                                 -0.04   data required time
-----------------------------------------------------------------------------
                                 -0.04   data required time
                                 -0.44   data arrival time
-----------------------------------------------------------------------------
                                  0.48   slack (MET)


Startpoint: _5826_ (rising edge-triggered flip-flop clocked by core_clock)
Endpoint: _5826_ (rising edge-triggered flip-flop clocked by core_clock)
Path Group: core_clock
Path Type: min

Fanout     Cap    Slew   Delay    Time   Description
-----------------------------------------------------------------------------
                  0.00    0.00    0.00   clock core_clock (rise edge)
                          0.00    0.00   clock network delay (ideal)
                  0.00    0.00    0.00 ^ _5826_/CLK (sky130_fd_sc_hd__dfxtp_2)
     2    0.01    0.04    0.30    0.30 ^ _5826_/Q (sky130_fd_sc_hd__dfxtp_2)
                                         reg_file.memory[9][0] (net)
                  0.04    0.00    0.30 ^ _4810_/A (sky130_fd_sc_hd__buf_1)
     1    0.00    0.04    0.08    0.37 ^ _4810_/X (sky130_fd_sc_hd__buf_1)
                                         _2369_ (net)
                  0.04    0.00    0.37 ^ _4811_/A (sky130_fd_sc_hd__buf_1)
     1    0.00    0.04    0.07    0.44 ^ _4811_/X (sky130_fd_sc_hd__buf_1)
                                         _0076_ (net)
                  0.04    0.00    0.44 ^ _5826_/D (sky130_fd_sc_hd__dfxtp_2)
                                  0.44   data arrival time

                  0.00    0.00    0.00   clock core_clock (rise edge)
                          0.00    0.00   clock network delay (ideal)
                          0.00    0.00   clock reconvergence pessimism
                                  0.00 ^ _5826_/CLK (sky130_fd_sc_hd__dfxtp_2)
                         -0.04   -0.04   library hold time
                                 -0.04   data required time
-----------------------------------------------------------------------------
                                 -0.04   data required time
                                 -0.44   data arrival time
-----------------------------------------------------------------------------
                                  0.48   slack (MET)


Startpoint: _6245_ (rising edge-triggered flip-flop clocked by core_clock)
Endpoint: _6245_ (rising edge-triggered flip-flop clocked by core_clock)
Path Group: core_clock
Path Type: min

Fanout     Cap    Slew   Delay    Time   Description
-----------------------------------------------------------------------------
                  0.00    0.00    0.00   clock core_clock (rise edge)
                          0.00    0.00   clock network delay (ideal)
                  0.00    0.00    0.00 ^ _6245_/CLK (sky130_fd_sc_hd__dfxtp_2)
     2    0.01    0.04    0.30    0.30 ^ _6245_/Q (sky130_fd_sc_hd__dfxtp_2)
                                         reg_file.memory[2][19] (net)
                  0.04    0.00    0.30 ^ _5696_/A (sky130_fd_sc_hd__buf_1)
     1    0.00    0.04    0.08    0.37 ^ _5696_/X (sky130_fd_sc_hd__buf_1)
                                         _2851_ (net)
                  0.04    0.00    0.37 ^ _5697_/A (sky130_fd_sc_hd__buf_1)
     1    0.00    0.03    0.07    0.45 ^ _5697_/X (sky130_fd_sc_hd__buf_1)
                                         _0480_ (net)
                  0.03    0.00    0.45 ^ _6245_/D (sky130_fd_sc_hd__dfxtp_2)
                                  0.45   data arrival time

                  0.00    0.00    0.00   clock core_clock (rise edge)
                          0.00    0.00   clock network delay (ideal)
                          0.00    0.00   clock reconvergence pessimism
                                  0.00 ^ _6245_/CLK (sky130_fd_sc_hd__dfxtp_2)
                         -0.03   -0.03   library hold time
                                 -0.03   data required time
-----------------------------------------------------------------------------
                                 -0.03   data required time
                                 -0.45   data arrival time
-----------------------------------------------------------------------------
                                  0.48   slack (MET)


Startpoint: _6252_ (rising edge-triggered flip-flop clocked by core_clock)
Endpoint: _6252_ (rising edge-triggered flip-flop clocked by core_clock)
Path Group: core_clock
Path Type: min

Fanout     Cap    Slew   Delay    Time   Description
-----------------------------------------------------------------------------
                  0.00    0.00    0.00   clock core_clock (rise edge)
                          0.00    0.00   clock network delay (ideal)
                  0.00    0.00    0.00 ^ _6252_/CLK (sky130_fd_sc_hd__dfxtp_2)
     2    0.01    0.04    0.30    0.30 ^ _6252_/Q (sky130_fd_sc_hd__dfxtp_2)
                                         reg_file.memory[2][26] (net)
                  0.04    0.00    0.30 ^ _5710_/A (sky130_fd_sc_hd__buf_1)
     1    0.00    0.04    0.08    0.37 ^ _5710_/X (sky130_fd_sc_hd__buf_1)
                                         _2858_ (net)
                  0.04    0.00    0.37 ^ _5711_/A (sky130_fd_sc_hd__buf_1)
     1    0.00    0.04    0.07    0.45 ^ _5711_/X (sky130_fd_sc_hd__buf_1)
                                         _0487_ (net)
                  0.04    0.00    0.45 ^ _6252_/D (sky130_fd_sc_hd__dfxtp_2)
                                  0.45   data arrival time

                  0.00    0.00    0.00   clock core_clock (rise edge)
                          0.00    0.00   clock network delay (ideal)
                          0.00    0.00   clock reconvergence pessimism
                                  0.00 ^ _6252_/CLK (sky130_fd_sc_hd__dfxtp_2)
                         -0.04   -0.04   library hold time
                                 -0.04   data required time
-----------------------------------------------------------------------------
                                 -0.04   data required time
                                 -0.45   data arrival time
-----------------------------------------------------------------------------
                                  0.48   slack (MET)


Startpoint: _6244_ (rising edge-triggered flip-flop clocked by core_clock)
Endpoint: _6244_ (rising edge-triggered flip-flop clocked by core_clock)
Path Group: core_clock
Path Type: min

Fanout     Cap    Slew   Delay    Time   Description
-----------------------------------------------------------------------------
                  0.00    0.00    0.00   clock core_clock (rise edge)
                          0.00    0.00   clock network delay (ideal)
                  0.00    0.00    0.00 ^ _6244_/CLK (sky130_fd_sc_hd__dfxtp_2)
     2    0.01    0.04    0.30    0.30 ^ _6244_/Q (sky130_fd_sc_hd__dfxtp_2)
                                         reg_file.memory[2][18] (net)
                  0.04    0.00    0.30 ^ _5694_/A (sky130_fd_sc_hd__buf_1)
     1    0.00    0.04    0.08    0.38 ^ _5694_/X (sky130_fd_sc_hd__buf_1)
                                         _2850_ (net)
                  0.04    0.00    0.38 ^ _5695_/A (sky130_fd_sc_hd__buf_1)
     1    0.00    0.03    0.07    0.45 ^ _5695_/X (sky130_fd_sc_hd__buf_1)
                                         _0479_ (net)
                  0.03    0.00    0.45 ^ _6244_/D (sky130_fd_sc_hd__dfxtp_2)
                                  0.45   data arrival time

                  0.00    0.00    0.00   clock core_clock (rise edge)
                          0.00    0.00   clock network delay (ideal)
                          0.00    0.00   clock reconvergence pessimism
                                  0.00 ^ _6244_/CLK (sky130_fd_sc_hd__dfxtp_2)
                         -0.03   -0.03   library hold time
                                 -0.03   data required time
-----------------------------------------------------------------------------
                                 -0.03   data required time
                                 -0.45   data arrival time
-----------------------------------------------------------------------------
                                  0.48   slack (MET)


Startpoint: _5757_ (rising edge-triggered flip-flop clocked by core_clock)
Endpoint: _5757_ (rising edge-triggered flip-flop clocked by core_clock)
Path Group: core_clock
Path Type: min

Fanout     Cap    Slew   Delay    Time   Description
-----------------------------------------------------------------------------
                  0.00    0.00    0.00   clock core_clock (rise edge)
                          0.00    0.00   clock network delay (ideal)
                  0.00    0.00    0.00 ^ _5757_/CLK (sky130_fd_sc_hd__dfxtp_2)
     5    0.01    0.08    0.33    0.33 ^ _5757_/Q (sky130_fd_sc_hd__dfxtp_2)
                                         clk_div.counter[12] (net)
                  0.08    0.00    0.33 ^ _4730_/A1 (sky130_fd_sc_hd__o21a_2)
     1    0.00    0.03    0.12    0.45 ^ _4730_/X (sky130_fd_sc_hd__o21a_2)
                                         _0041_ (net)
                  0.03    0.00    0.45 ^ _5757_/D (sky130_fd_sc_hd__dfxtp_2)
                                  0.45   data arrival time

                  0.00    0.00    0.00   clock core_clock (rise edge)
                          0.00    0.00   clock network delay (ideal)
                          0.00    0.00   clock reconvergence pessimism
                                  0.00 ^ _5757_/CLK (sky130_fd_sc_hd__dfxtp_2)
                         -0.03   -0.03   library hold time
                                 -0.03   data required time
-----------------------------------------------------------------------------
                                 -0.03   data required time
                                 -0.45   data arrival time
-----------------------------------------------------------------------------
                                  0.48   slack (MET)


Startpoint: _6064_ (rising edge-triggered flip-flop clocked by core_clock)
Endpoint: _6064_ (rising edge-triggered flip-flop clocked by core_clock)
Path Group: core_clock
Path Type: min

Fanout     Cap    Slew   Delay    Time   Description
-----------------------------------------------------------------------------
                  0.00    0.00    0.00   clock core_clock (rise edge)
                          0.00    0.00   clock network delay (ideal)
                  0.00    0.00    0.00 ^ _6064_/CLK (sky130_fd_sc_hd__dfxtp_2)
     3    0.01    0.05    0.30    0.30 ^ _6064_/Q (sky130_fd_sc_hd__dfxtp_2)
                                         reg_file.memory[0][30] (net)
                  0.05    0.00    0.30 ^ _5315_/A (sky130_fd_sc_hd__buf_1)
     1    0.00    0.04    0.08    0.38 ^ _5315_/X (sky130_fd_sc_hd__buf_1)
                                         _2651_ (net)
                  0.04    0.00    0.38 ^ _5316_/A (sky130_fd_sc_hd__buf_1)
     1    0.00    0.03    0.07    0.45 ^ _5316_/X (sky130_fd_sc_hd__buf_1)
                                         _0299_ (net)
                  0.03    0.00    0.45 ^ _6064_/D (sky130_fd_sc_hd__dfxtp_2)
                                  0.45   data arrival time

                  0.00    0.00    0.00   clock core_clock (rise edge)
                          0.00    0.00   clock network delay (ideal)
                          0.00    0.00   clock reconvergence pessimism
                                  0.00 ^ _6064_/CLK (sky130_fd_sc_hd__dfxtp_2)
                         -0.03   -0.03   library hold time
                                 -0.03   data required time
-----------------------------------------------------------------------------
                                 -0.03   data required time
                                 -0.45   data arrival time
-----------------------------------------------------------------------------
                                  0.49   slack (MET)


Startpoint: _6058_ (rising edge-triggered flip-flop clocked by core_clock)
Endpoint: _6058_ (rising edge-triggered flip-flop clocked by core_clock)
Path Group: core_clock
Path Type: min

Fanout     Cap    Slew   Delay    Time   Description
-----------------------------------------------------------------------------
                  0.00    0.00    0.00   clock core_clock (rise edge)
                          0.00    0.00   clock network delay (ideal)
                  0.00    0.00    0.00 ^ _6058_/CLK (sky130_fd_sc_hd__dfxtp_2)
     3    0.01    0.05    0.30    0.30 ^ _6058_/Q (sky130_fd_sc_hd__dfxtp_2)
                                         reg_file.memory[0][24] (net)
                  0.05    0.00    0.30 ^ _5303_/A (sky130_fd_sc_hd__buf_1)
     1    0.00    0.04    0.08    0.38 ^ _5303_/X (sky130_fd_sc_hd__buf_1)
                                         _2645_ (net)
                  0.04    0.00    0.38 ^ _5304_/A (sky130_fd_sc_hd__buf_1)
     1    0.00    0.03    0.07    0.45 ^ _5304_/X (sky130_fd_sc_hd__buf_1)
                                         _0293_ (net)
                  0.03    0.00    0.45 ^ _6058_/D (sky130_fd_sc_hd__dfxtp_2)
                                  0.45   data arrival time

                  0.00    0.00    0.00   clock core_clock (rise edge)
                          0.00    0.00   clock network delay (ideal)
                          0.00    0.00   clock reconvergence pessimism
                                  0.00 ^ _6058_/CLK (sky130_fd_sc_hd__dfxtp_2)
                         -0.03   -0.03   library hold time
                                 -0.03   data required time
-----------------------------------------------------------------------------
                                 -0.03   data required time
                                 -0.45   data arrival time
-----------------------------------------------------------------------------
                                  0.49   slack (MET)


Startpoint: _6054_ (rising edge-triggered flip-flop clocked by core_clock)
Endpoint: _6054_ (rising edge-triggered flip-flop clocked by core_clock)
Path Group: core_clock
Path Type: min

Fanout     Cap    Slew   Delay    Time   Description
-----------------------------------------------------------------------------
                  0.00    0.00    0.00   clock core_clock (rise edge)
                          0.00    0.00   clock network delay (ideal)
                  0.00    0.00    0.00 ^ _6054_/CLK (sky130_fd_sc_hd__dfxtp_2)
     3    0.01    0.05    0.30    0.30 ^ _6054_/Q (sky130_fd_sc_hd__dfxtp_2)
                                         reg_file.memory[0][20] (net)
                  0.05    0.00    0.30 ^ _5295_/A (sky130_fd_sc_hd__buf_1)
     1    0.00    0.04    0.08    0.38 ^ _5295_/X (sky130_fd_sc_hd__buf_1)
                                         _2641_ (net)
                  0.04    0.00    0.38 ^ _5296_/A (sky130_fd_sc_hd__buf_1)
     1    0.00    0.03    0.07    0.45 ^ _5296_/X (sky130_fd_sc_hd__buf_1)
                                         _0289_ (net)
                  0.03    0.00    0.45 ^ _6054_/D (sky130_fd_sc_hd__dfxtp_2)
                                  0.45   data arrival time

                  0.00    0.00    0.00   clock core_clock (rise edge)
                          0.00    0.00   clock network delay (ideal)
                          0.00    0.00   clock reconvergence pessimism
                                  0.00 ^ _6054_/CLK (sky130_fd_sc_hd__dfxtp_2)
                         -0.03   -0.03   library hold time
                                 -0.03   data required time
-----------------------------------------------------------------------------
                                 -0.03   data required time
                                 -0.45   data arrival time
-----------------------------------------------------------------------------
                                  0.49   slack (MET)


Startpoint: _6055_ (rising edge-triggered flip-flop clocked by core_clock)
Endpoint: _6055_ (rising edge-triggered flip-flop clocked by core_clock)
Path Group: core_clock
Path Type: min

Fanout     Cap    Slew   Delay    Time   Description
-----------------------------------------------------------------------------
                  0.00    0.00    0.00   clock core_clock (rise edge)
                          0.00    0.00   clock network delay (ideal)
                  0.00    0.00    0.00 ^ _6055_/CLK (sky130_fd_sc_hd__dfxtp_2)
     3    0.01    0.05    0.30    0.30 ^ _6055_/Q (sky130_fd_sc_hd__dfxtp_2)
                                         reg_file.memory[0][21] (net)
                  0.05    0.00    0.30 ^ _5297_/A (sky130_fd_sc_hd__buf_1)
     1    0.00    0.04    0.08    0.38 ^ _5297_/X (sky130_fd_sc_hd__buf_1)
                                         _2642_ (net)
                  0.04    0.00    0.38 ^ _5298_/A (sky130_fd_sc_hd__buf_1)
     1    0.00    0.03    0.07    0.45 ^ _5298_/X (sky130_fd_sc_hd__buf_1)
                                         _0290_ (net)
                  0.03    0.00    0.45 ^ _6055_/D (sky130_fd_sc_hd__dfxtp_2)
                                  0.45   data arrival time

                  0.00    0.00    0.00   clock core_clock (rise edge)
                          0.00    0.00   clock network delay (ideal)
                          0.00    0.00   clock reconvergence pessimism
                                  0.00 ^ _6055_/CLK (sky130_fd_sc_hd__dfxtp_2)
                         -0.03   -0.03   library hold time
                                 -0.03   data required time
-----------------------------------------------------------------------------
                                 -0.03   data required time
                                 -0.45   data arrival time
-----------------------------------------------------------------------------
                                  0.49   slack (MET)


Startpoint: _6043_ (rising edge-triggered flip-flop clocked by core_clock)
Endpoint: _6043_ (rising edge-triggered flip-flop clocked by core_clock)
Path Group: core_clock
Path Type: min

Fanout     Cap    Slew   Delay    Time   Description
-----------------------------------------------------------------------------
                  0.00    0.00    0.00   clock core_clock (rise edge)
                          0.00    0.00   clock network delay (ideal)
                  0.00    0.00    0.00 ^ _6043_/CLK (sky130_fd_sc_hd__dfxtp_2)
     3    0.01    0.05    0.30    0.30 ^ _6043_/Q (sky130_fd_sc_hd__dfxtp_2)
                                         reg_file.memory[0][9] (net)
                  0.05    0.00    0.30 ^ _5273_/A (sky130_fd_sc_hd__buf_1)
     1    0.00    0.04    0.08    0.38 ^ _5273_/X (sky130_fd_sc_hd__buf_1)
                                         _2630_ (net)
                  0.04    0.00    0.38 ^ _5274_/A (sky130_fd_sc_hd__buf_1)
     1    0.00    0.03    0.07    0.45 ^ _5274_/X (sky130_fd_sc_hd__buf_1)
                                         _0278_ (net)
                  0.03    0.00    0.45 ^ _6043_/D (sky130_fd_sc_hd__dfxtp_2)
                                  0.45   data arrival time

                  0.00    0.00    0.00   clock core_clock (rise edge)
                          0.00    0.00   clock network delay (ideal)
                          0.00    0.00   clock reconvergence pessimism
                                  0.00 ^ _6043_/CLK (sky130_fd_sc_hd__dfxtp_2)
                         -0.03   -0.03   library hold time
                                 -0.03   data required time
-----------------------------------------------------------------------------
                                 -0.03   data required time
                                 -0.45   data arrival time
-----------------------------------------------------------------------------
                                  0.49   slack (MET)


Startpoint: _6065_ (rising edge-triggered flip-flop clocked by core_clock)
Endpoint: _6065_ (rising edge-triggered flip-flop clocked by core_clock)
Path Group: core_clock
Path Type: min

Fanout     Cap    Slew   Delay    Time   Description
-----------------------------------------------------------------------------
                  0.00    0.00    0.00   clock core_clock (rise edge)
                          0.00    0.00   clock network delay (ideal)
                  0.00    0.00    0.00 ^ _6065_/CLK (sky130_fd_sc_hd__dfxtp_2)
     3    0.01    0.05    0.30    0.30 ^ _6065_/Q (sky130_fd_sc_hd__dfxtp_2)
                                         reg_file.memory[0][31] (net)
                  0.05    0.00    0.30 ^ _5317_/A (sky130_fd_sc_hd__buf_1)
     1    0.00    0.04    0.08    0.38 ^ _5317_/X (sky130_fd_sc_hd__buf_1)
                                         _2652_ (net)
                  0.04    0.00    0.38 ^ _5318_/A (sky130_fd_sc_hd__buf_1)
     1    0.00    0.03    0.07    0.45 ^ _5318_/X (sky130_fd_sc_hd__buf_1)
                                         _0300_ (net)
                  0.03    0.00    0.45 ^ _6065_/D (sky130_fd_sc_hd__dfxtp_2)
                                  0.45   data arrival time

                  0.00    0.00    0.00   clock core_clock (rise edge)
                          0.00    0.00   clock network delay (ideal)
                          0.00    0.00   clock reconvergence pessimism
                                  0.00 ^ _6065_/CLK (sky130_fd_sc_hd__dfxtp_2)
                         -0.03   -0.03   library hold time
                                 -0.03   data required time
-----------------------------------------------------------------------------
                                 -0.03   data required time
                                 -0.45   data arrival time
-----------------------------------------------------------------------------
                                  0.49   slack (MET)


Startpoint: _6037_ (rising edge-triggered flip-flop clocked by core_clock)
Endpoint: _6037_ (rising edge-triggered flip-flop clocked by core_clock)
Path Group: core_clock
Path Type: min

Fanout     Cap    Slew   Delay    Time   Description
-----------------------------------------------------------------------------
                  0.00    0.00    0.00   clock core_clock (rise edge)
                          0.00    0.00   clock network delay (ideal)
                  0.00    0.00    0.00 ^ _6037_/CLK (sky130_fd_sc_hd__dfxtp_2)
     3    0.01    0.05    0.30    0.30 ^ _6037_/Q (sky130_fd_sc_hd__dfxtp_2)
                                         reg_file.memory[0][3] (net)
                  0.05    0.00    0.30 ^ _5261_/A (sky130_fd_sc_hd__buf_1)
     1    0.00    0.04    0.08    0.38 ^ _5261_/X (sky130_fd_sc_hd__buf_1)
                                         _2624_ (net)
                  0.04    0.00    0.38 ^ _5262_/A (sky130_fd_sc_hd__buf_1)
     1    0.00    0.03    0.07    0.45 ^ _5262_/X (sky130_fd_sc_hd__buf_1)
                                         _0272_ (net)
                  0.03    0.00    0.45 ^ _6037_/D (sky130_fd_sc_hd__dfxtp_2)
                                  0.45   data arrival time

                  0.00    0.00    0.00   clock core_clock (rise edge)
                          0.00    0.00   clock network delay (ideal)
                          0.00    0.00   clock reconvergence pessimism
                                  0.00 ^ _6037_/CLK (sky130_fd_sc_hd__dfxtp_2)
                         -0.03   -0.03   library hold time
                                 -0.03   data required time
-----------------------------------------------------------------------------
                                 -0.03   data required time
                                 -0.45   data arrival time
-----------------------------------------------------------------------------
                                  0.49   slack (MET)


Startpoint: _6059_ (rising edge-triggered flip-flop clocked by core_clock)
Endpoint: _6059_ (rising edge-triggered flip-flop clocked by core_clock)
Path Group: core_clock
Path Type: min

Fanout     Cap    Slew   Delay    Time   Description
-----------------------------------------------------------------------------
                  0.00    0.00    0.00   clock core_clock (rise edge)
                          0.00    0.00   clock network delay (ideal)
                  0.00    0.00    0.00 ^ _6059_/CLK (sky130_fd_sc_hd__dfxtp_2)
     3    0.01    0.05    0.30    0.30 ^ _6059_/Q (sky130_fd_sc_hd__dfxtp_2)
                                         reg_file.memory[0][25] (net)
                  0.05    0.00    0.30 ^ _5305_/A (sky130_fd_sc_hd__buf_1)
     1    0.00    0.04    0.08    0.38 ^ _5305_/X (sky130_fd_sc_hd__buf_1)
                                         _2646_ (net)
                  0.04    0.00    0.38 ^ _5306_/A (sky130_fd_sc_hd__buf_1)
     1    0.00    0.03    0.07    0.45 ^ _5306_/X (sky130_fd_sc_hd__buf_1)
                                         _0294_ (net)
                  0.03    0.00    0.45 ^ _6059_/D (sky130_fd_sc_hd__dfxtp_2)
                                  0.45   data arrival time

                  0.00    0.00    0.00   clock core_clock (rise edge)
                          0.00    0.00   clock network delay (ideal)
                          0.00    0.00   clock reconvergence pessimism
                                  0.00 ^ _6059_/CLK (sky130_fd_sc_hd__dfxtp_2)
                         -0.03   -0.03   library hold time
                                 -0.03   data required time
-----------------------------------------------------------------------------
                                 -0.03   data required time
                                 -0.45   data arrival time
-----------------------------------------------------------------------------
                                  0.49   slack (MET)


Startpoint: _6048_ (rising edge-triggered flip-flop clocked by core_clock)
Endpoint: _6048_ (rising edge-triggered flip-flop clocked by core_clock)
Path Group: core_clock
Path Type: min

Fanout     Cap    Slew   Delay    Time   Description
-----------------------------------------------------------------------------
                  0.00    0.00    0.00   clock core_clock (rise edge)
                          0.00    0.00   clock network delay (ideal)
                  0.00    0.00    0.00 ^ _6048_/CLK (sky130_fd_sc_hd__dfxtp_2)
     3    0.01    0.05    0.30    0.30 ^ _6048_/Q (sky130_fd_sc_hd__dfxtp_2)
                                         reg_file.memory[0][14] (net)
                  0.05    0.00    0.30 ^ _5283_/A (sky130_fd_sc_hd__buf_1)
     1    0.00    0.04    0.08    0.38 ^ _5283_/X (sky130_fd_sc_hd__buf_1)
                                         _2635_ (net)
                  0.04    0.00    0.38 ^ _5284_/A (sky130_fd_sc_hd__buf_1)
     1    0.00    0.03    0.07    0.45 ^ _5284_/X (sky130_fd_sc_hd__buf_1)
                                         _0283_ (net)
                  0.03    0.00    0.45 ^ _6048_/D (sky130_fd_sc_hd__dfxtp_2)
                                  0.45   data arrival time

                  0.00    0.00    0.00   clock core_clock (rise edge)
                          0.00    0.00   clock network delay (ideal)
                          0.00    0.00   clock reconvergence pessimism
                                  0.00 ^ _6048_/CLK (sky130_fd_sc_hd__dfxtp_2)
                         -0.03   -0.03   library hold time
                                 -0.03   data required time
-----------------------------------------------------------------------------
                                 -0.03   data required time
                                 -0.45   data arrival time
-----------------------------------------------------------------------------
                                  0.49   slack (MET)


Startpoint: _6049_ (rising edge-triggered flip-flop clocked by core_clock)
Endpoint: _6049_ (rising edge-triggered flip-flop clocked by core_clock)
Path Group: core_clock
Path Type: min

Fanout     Cap    Slew   Delay    Time   Description
-----------------------------------------------------------------------------
                  0.00    0.00    0.00   clock core_clock (rise edge)
                          0.00    0.00   clock network delay (ideal)
                  0.00    0.00    0.00 ^ _6049_/CLK (sky130_fd_sc_hd__dfxtp_2)
     3    0.01    0.05    0.30    0.30 ^ _6049_/Q (sky130_fd_sc_hd__dfxtp_2)
                                         reg_file.memory[0][15] (net)
                  0.05    0.00    0.30 ^ _5285_/A (sky130_fd_sc_hd__buf_1)
     1    0.00    0.04    0.08    0.38 ^ _5285_/X (sky130_fd_sc_hd__buf_1)
                                         _2636_ (net)
                  0.04    0.00    0.38 ^ _5286_/A (sky130_fd_sc_hd__buf_1)
     1    0.00    0.03    0.07    0.45 ^ _5286_/X (sky130_fd_sc_hd__buf_1)
                                         _0284_ (net)
                  0.03    0.00    0.45 ^ _6049_/D (sky130_fd_sc_hd__dfxtp_2)
                                  0.45   data arrival time

                  0.00    0.00    0.00   clock core_clock (rise edge)
                          0.00    0.00   clock network delay (ideal)
                          0.00    0.00   clock reconvergence pessimism
                                  0.00 ^ _6049_/CLK (sky130_fd_sc_hd__dfxtp_2)
                         -0.03   -0.03   library hold time
                                 -0.03   data required time
-----------------------------------------------------------------------------
                                 -0.03   data required time
                                 -0.45   data arrival time
-----------------------------------------------------------------------------
                                  0.49   slack (MET)


Startpoint: _6045_ (rising edge-triggered flip-flop clocked by core_clock)
Endpoint: _6045_ (rising edge-triggered flip-flop clocked by core_clock)
Path Group: core_clock
Path Type: min

Fanout     Cap    Slew   Delay    Time   Description
-----------------------------------------------------------------------------
                  0.00    0.00    0.00   clock core_clock (rise edge)
                          0.00    0.00   clock network delay (ideal)
                  0.00    0.00    0.00 ^ _6045_/CLK (sky130_fd_sc_hd__dfxtp_2)
     3    0.01    0.05    0.30    0.30 ^ _6045_/Q (sky130_fd_sc_hd__dfxtp_2)
                                         reg_file.memory[0][11] (net)
                  0.05    0.00    0.30 ^ _5277_/A (sky130_fd_sc_hd__buf_1)
     1    0.00    0.04    0.08    0.38 ^ _5277_/X (sky130_fd_sc_hd__buf_1)
                                         _2632_ (net)
                  0.04    0.00    0.38 ^ _5278_/A (sky130_fd_sc_hd__buf_1)
     1    0.00    0.03    0.07    0.45 ^ _5278_/X (sky130_fd_sc_hd__buf_1)
                                         _0280_ (net)
                  0.03    0.00    0.45 ^ _6045_/D (sky130_fd_sc_hd__dfxtp_2)
                                  0.45   data arrival time

                  0.00    0.00    0.00   clock core_clock (rise edge)
                          0.00    0.00   clock network delay (ideal)
                          0.00    0.00   clock reconvergence pessimism
                                  0.00 ^ _6045_/CLK (sky130_fd_sc_hd__dfxtp_2)
                         -0.03   -0.03   library hold time
                                 -0.03   data required time
-----------------------------------------------------------------------------
                                 -0.03   data required time
                                 -0.45   data arrival time
-----------------------------------------------------------------------------
                                  0.49   slack (MET)


Startpoint: _6046_ (rising edge-triggered flip-flop clocked by core_clock)
Endpoint: _6046_ (rising edge-triggered flip-flop clocked by core_clock)
Path Group: core_clock
Path Type: min

Fanout     Cap    Slew   Delay    Time   Description
-----------------------------------------------------------------------------
                  0.00    0.00    0.00   clock core_clock (rise edge)
                          0.00    0.00   clock network delay (ideal)
                  0.00    0.00    0.00 ^ _6046_/CLK (sky130_fd_sc_hd__dfxtp_2)
     3    0.01    0.05    0.30    0.30 ^ _6046_/Q (sky130_fd_sc_hd__dfxtp_2)
                                         reg_file.memory[0][12] (net)
                  0.05    0.00    0.30 ^ _5279_/A (sky130_fd_sc_hd__buf_1)
     1    0.00    0.04    0.08    0.38 ^ _5279_/X (sky130_fd_sc_hd__buf_1)
                                         _2633_ (net)
                  0.04    0.00    0.38 ^ _5280_/A (sky130_fd_sc_hd__buf_1)
     1    0.00    0.03    0.07    0.45 ^ _5280_/X (sky130_fd_sc_hd__buf_1)
                                         _0281_ (net)
                  0.03    0.00    0.45 ^ _6046_/D (sky130_fd_sc_hd__dfxtp_2)
                                  0.45   data arrival time

                  0.00    0.00    0.00   clock core_clock (rise edge)
                          0.00    0.00   clock network delay (ideal)
                          0.00    0.00   clock reconvergence pessimism
                                  0.00 ^ _6046_/CLK (sky130_fd_sc_hd__dfxtp_2)
                         -0.03   -0.03   library hold time
                                 -0.03   data required time
-----------------------------------------------------------------------------
                                 -0.03   data required time
                                 -0.45   data arrival time
-----------------------------------------------------------------------------
                                  0.49   slack (MET)


Startpoint: _6053_ (rising edge-triggered flip-flop clocked by core_clock)
Endpoint: _6053_ (rising edge-triggered flip-flop clocked by core_clock)
Path Group: core_clock
Path Type: min

Fanout     Cap    Slew   Delay    Time   Description
-----------------------------------------------------------------------------
                  0.00    0.00    0.00   clock core_clock (rise edge)
                          0.00    0.00   clock network delay (ideal)
                  0.00    0.00    0.00 ^ _6053_/CLK (sky130_fd_sc_hd__dfxtp_2)
     3    0.01    0.05    0.30    0.30 ^ _6053_/Q (sky130_fd_sc_hd__dfxtp_2)
                                         reg_file.memory[0][19] (net)
                  0.05    0.00    0.30 ^ _5293_/A (sky130_fd_sc_hd__buf_1)
     1    0.00    0.04    0.08    0.38 ^ _5293_/X (sky130_fd_sc_hd__buf_1)
                                         _2640_ (net)
                  0.04    0.00    0.38 ^ _5294_/A (sky130_fd_sc_hd__buf_1)
     1    0.00    0.03    0.07    0.45 ^ _5294_/X (sky130_fd_sc_hd__buf_1)
                                         _0288_ (net)
                  0.03    0.00    0.45 ^ _6053_/D (sky130_fd_sc_hd__dfxtp_2)
                                  0.45   data arrival time

                  0.00    0.00    0.00   clock core_clock (rise edge)
                          0.00    0.00   clock network delay (ideal)
                          0.00    0.00   clock reconvergence pessimism
                                  0.00 ^ _6053_/CLK (sky130_fd_sc_hd__dfxtp_2)
                         -0.03   -0.03   library hold time
                                 -0.03   data required time
-----------------------------------------------------------------------------
                                 -0.03   data required time
                                 -0.45   data arrival time
-----------------------------------------------------------------------------
                                  0.49   slack (MET)


Startpoint: _6052_ (rising edge-triggered flip-flop clocked by core_clock)
Endpoint: _6052_ (rising edge-triggered flip-flop clocked by core_clock)
Path Group: core_clock
Path Type: min

Fanout     Cap    Slew   Delay    Time   Description
-----------------------------------------------------------------------------
                  0.00    0.00    0.00   clock core_clock (rise edge)
                          0.00    0.00   clock network delay (ideal)
                  0.00    0.00    0.00 ^ _6052_/CLK (sky130_fd_sc_hd__dfxtp_2)
     3    0.01    0.05    0.31    0.31 ^ _6052_/Q (sky130_fd_sc_hd__dfxtp_2)
                                         reg_file.memory[0][18] (net)
                  0.05    0.00    0.31 ^ _5291_/A (sky130_fd_sc_hd__buf_1)
     1    0.00    0.04    0.08    0.38 ^ _5291_/X (sky130_fd_sc_hd__buf_1)
                                         _2639_ (net)
                  0.04    0.00    0.38 ^ _5292_/A (sky130_fd_sc_hd__buf_1)
     1    0.00    0.03    0.07    0.45 ^ _5292_/X (sky130_fd_sc_hd__buf_1)
                                         _0287_ (net)
                  0.03    0.00    0.45 ^ _6052_/D (sky130_fd_sc_hd__dfxtp_2)
                                  0.45   data arrival time

                  0.00    0.00    0.00   clock core_clock (rise edge)
                          0.00    0.00   clock network delay (ideal)
                          0.00    0.00   clock reconvergence pessimism
                                  0.00 ^ _6052_/CLK (sky130_fd_sc_hd__dfxtp_2)
                         -0.03   -0.03   library hold time
                                 -0.03   data required time
-----------------------------------------------------------------------------
                                 -0.03   data required time
                                 -0.45   data arrival time
-----------------------------------------------------------------------------
                                  0.49   slack (MET)


Startpoint: _6047_ (rising edge-triggered flip-flop clocked by core_clock)
Endpoint: _6047_ (rising edge-triggered flip-flop clocked by core_clock)
Path Group: core_clock
Path Type: min

Fanout     Cap    Slew   Delay    Time   Description
-----------------------------------------------------------------------------
                  0.00    0.00    0.00   clock core_clock (rise edge)
                          0.00    0.00   clock network delay (ideal)
                  0.00    0.00    0.00 ^ _6047_/CLK (sky130_fd_sc_hd__dfxtp_2)
     3    0.01    0.05    0.30    0.30 ^ _6047_/Q (sky130_fd_sc_hd__dfxtp_2)
                                         reg_file.memory[0][13] (net)
                  0.05    0.00    0.30 ^ _5281_/A (sky130_fd_sc_hd__buf_1)
     1    0.00    0.04    0.08    0.38 ^ _5281_/X (sky130_fd_sc_hd__buf_1)
                                         _2634_ (net)
                  0.04    0.00    0.38 ^ _5282_/A (sky130_fd_sc_hd__buf_1)
     1    0.00    0.03    0.07    0.45 ^ _5282_/X (sky130_fd_sc_hd__buf_1)
                                         _0282_ (net)
                  0.03    0.00    0.45 ^ _6047_/D (sky130_fd_sc_hd__dfxtp_2)
                                  0.45   data arrival time

                  0.00    0.00    0.00   clock core_clock (rise edge)
                          0.00    0.00   clock network delay (ideal)
                          0.00    0.00   clock reconvergence pessimism
                                  0.00 ^ _6047_/CLK (sky130_fd_sc_hd__dfxtp_2)
                         -0.04   -0.04   library hold time
                                 -0.04   data required time
-----------------------------------------------------------------------------
                                 -0.04   data required time
                                 -0.45   data arrival time
-----------------------------------------------------------------------------
                                  0.49   slack (MET)


Startpoint: _6042_ (rising edge-triggered flip-flop clocked by core_clock)
Endpoint: _6042_ (rising edge-triggered flip-flop clocked by core_clock)
Path Group: core_clock
Path Type: min

Fanout     Cap    Slew   Delay    Time   Description
-----------------------------------------------------------------------------
                  0.00    0.00    0.00   clock core_clock (rise edge)
                          0.00    0.00   clock network delay (ideal)
                  0.00    0.00    0.00 ^ _6042_/CLK (sky130_fd_sc_hd__dfxtp_2)
     3    0.01    0.05    0.30    0.30 ^ _6042_/Q (sky130_fd_sc_hd__dfxtp_2)
                                         reg_file.memory[0][8] (net)
                  0.05    0.00    0.30 ^ _5271_/A (sky130_fd_sc_hd__buf_1)
     1    0.00    0.04    0.08    0.38 ^ _5271_/X (sky130_fd_sc_hd__buf_1)
                                         _2629_ (net)
                  0.04    0.00    0.38 ^ _5272_/A (sky130_fd_sc_hd__buf_1)
     1    0.00    0.03    0.07    0.45 ^ _5272_/X (sky130_fd_sc_hd__buf_1)
                                         _0277_ (net)
                  0.03    0.00    0.45 ^ _6042_/D (sky130_fd_sc_hd__dfxtp_2)
                                  0.45   data arrival time

                  0.00    0.00    0.00   clock core_clock (rise edge)
                          0.00    0.00   clock network delay (ideal)
                          0.00    0.00   clock reconvergence pessimism
                                  0.00 ^ _6042_/CLK (sky130_fd_sc_hd__dfxtp_2)
                         -0.03   -0.03   library hold time
                                 -0.03   data required time
-----------------------------------------------------------------------------
                                 -0.03   data required time
                                 -0.45   data arrival time
-----------------------------------------------------------------------------
                                  0.49   slack (MET)


Startpoint: _6036_ (rising edge-triggered flip-flop clocked by core_clock)
Endpoint: _6036_ (rising edge-triggered flip-flop clocked by core_clock)
Path Group: core_clock
Path Type: min

Fanout     Cap    Slew   Delay    Time   Description
-----------------------------------------------------------------------------
                  0.00    0.00    0.00   clock core_clock (rise edge)
                          0.00    0.00   clock network delay (ideal)
                  0.00    0.00    0.00 ^ _6036_/CLK (sky130_fd_sc_hd__dfxtp_2)
     3    0.01    0.05    0.30    0.30 ^ _6036_/Q (sky130_fd_sc_hd__dfxtp_2)
                                         reg_file.memory[0][2] (net)
                  0.05    0.00    0.30 ^ _5259_/A (sky130_fd_sc_hd__buf_1)
     1    0.00    0.04    0.08    0.38 ^ _5259_/X (sky130_fd_sc_hd__buf_1)
                                         _2623_ (net)
                  0.04    0.00    0.38 ^ _5260_/A (sky130_fd_sc_hd__buf_1)
     1    0.00    0.03    0.07    0.45 ^ _5260_/X (sky130_fd_sc_hd__buf_1)
                                         _0271_ (net)
                  0.03    0.00    0.45 ^ _6036_/D (sky130_fd_sc_hd__dfxtp_2)
                                  0.45   data arrival time

                  0.00    0.00    0.00   clock core_clock (rise edge)
                          0.00    0.00   clock network delay (ideal)
                          0.00    0.00   clock reconvergence pessimism
                                  0.00 ^ _6036_/CLK (sky130_fd_sc_hd__dfxtp_2)
                         -0.04   -0.04   library hold time
                                 -0.04   data required time
-----------------------------------------------------------------------------
                                 -0.04   data required time
                                 -0.45   data arrival time
-----------------------------------------------------------------------------
                                  0.49   slack (MET)


Startpoint: _6044_ (rising edge-triggered flip-flop clocked by core_clock)
Endpoint: _6044_ (rising edge-triggered flip-flop clocked by core_clock)
Path Group: core_clock
Path Type: min

Fanout     Cap    Slew   Delay    Time   Description
-----------------------------------------------------------------------------
                  0.00    0.00    0.00   clock core_clock (rise edge)
                          0.00    0.00   clock network delay (ideal)
                  0.00    0.00    0.00 ^ _6044_/CLK (sky130_fd_sc_hd__dfxtp_2)
     3    0.01    0.05    0.30    0.30 ^ _6044_/Q (sky130_fd_sc_hd__dfxtp_2)
                                         reg_file.memory[0][10] (net)
                  0.05    0.00    0.30 ^ _5275_/A (sky130_fd_sc_hd__buf_1)
     1    0.00    0.04    0.08    0.38 ^ _5275_/X (sky130_fd_sc_hd__buf_1)
                                         _2631_ (net)
                  0.04    0.00    0.38 ^ _5276_/A (sky130_fd_sc_hd__buf_1)
     1    0.00    0.03    0.07    0.45 ^ _5276_/X (sky130_fd_sc_hd__buf_1)
                                         _0279_ (net)
                  0.03    0.00    0.45 ^ _6044_/D (sky130_fd_sc_hd__dfxtp_2)
                                  0.45   data arrival time

                  0.00    0.00    0.00   clock core_clock (rise edge)
                          0.00    0.00   clock network delay (ideal)
                          0.00    0.00   clock reconvergence pessimism
                                  0.00 ^ _6044_/CLK (sky130_fd_sc_hd__dfxtp_2)
                         -0.04   -0.04   library hold time
                                 -0.04   data required time
-----------------------------------------------------------------------------
                                 -0.04   data required time
                                 -0.45   data arrival time
-----------------------------------------------------------------------------
                                  0.49   slack (MET)


Startpoint: _6041_ (rising edge-triggered flip-flop clocked by core_clock)
Endpoint: _6041_ (rising edge-triggered flip-flop clocked by core_clock)
Path Group: core_clock
Path Type: min

Fanout     Cap    Slew   Delay    Time   Description
-----------------------------------------------------------------------------
                  0.00    0.00    0.00   clock core_clock (rise edge)
                          0.00    0.00   clock network delay (ideal)
                  0.00    0.00    0.00 ^ _6041_/CLK (sky130_fd_sc_hd__dfxtp_2)
     3    0.01    0.05    0.30    0.30 ^ _6041_/Q (sky130_fd_sc_hd__dfxtp_2)
                                         reg_file.memory[0][7] (net)
                  0.05    0.00    0.30 ^ _5269_/A (sky130_fd_sc_hd__buf_1)
     1    0.00    0.04    0.08    0.38 ^ _5269_/X (sky130_fd_sc_hd__buf_1)
                                         _2628_ (net)
                  0.04    0.00    0.38 ^ _5270_/A (sky130_fd_sc_hd__buf_1)
     1    0.00    0.03    0.07    0.45 ^ _5270_/X (sky130_fd_sc_hd__buf_1)
                                         _0276_ (net)
                  0.03    0.00    0.45 ^ _6041_/D (sky130_fd_sc_hd__dfxtp_2)
                                  0.45   data arrival time

                  0.00    0.00    0.00   clock core_clock (rise edge)
                          0.00    0.00   clock network delay (ideal)
                          0.00    0.00   clock reconvergence pessimism
                                  0.00 ^ _6041_/CLK (sky130_fd_sc_hd__dfxtp_2)
                         -0.03   -0.03   library hold time
                                 -0.03   data required time
-----------------------------------------------------------------------------
                                 -0.03   data required time
                                 -0.45   data arrival time
-----------------------------------------------------------------------------
                                  0.49   slack (MET)


Startpoint: _6057_ (rising edge-triggered flip-flop clocked by core_clock)
Endpoint: _6057_ (rising edge-triggered flip-flop clocked by core_clock)
Path Group: core_clock
Path Type: min

Fanout     Cap    Slew   Delay    Time   Description
-----------------------------------------------------------------------------
                  0.00    0.00    0.00   clock core_clock (rise edge)
                          0.00    0.00   clock network delay (ideal)
                  0.00    0.00    0.00 ^ _6057_/CLK (sky130_fd_sc_hd__dfxtp_2)
     3    0.01    0.05    0.31    0.31 ^ _6057_/Q (sky130_fd_sc_hd__dfxtp_2)
                                         reg_file.memory[0][23] (net)
                  0.05    0.00    0.31 ^ _5301_/A (sky130_fd_sc_hd__buf_1)
     1    0.00    0.04    0.08    0.38 ^ _5301_/X (sky130_fd_sc_hd__buf_1)
                                         _2644_ (net)
                  0.04    0.00    0.38 ^ _5302_/A (sky130_fd_sc_hd__buf_1)
     1    0.00    0.03    0.07    0.45 ^ _5302_/X (sky130_fd_sc_hd__buf_1)
                                         _0292_ (net)
                  0.03    0.00    0.45 ^ _6057_/D (sky130_fd_sc_hd__dfxtp_2)
                                  0.45   data arrival time

                  0.00    0.00    0.00   clock core_clock (rise edge)
                          0.00    0.00   clock network delay (ideal)
                          0.00    0.00   clock reconvergence pessimism
                                  0.00 ^ _6057_/CLK (sky130_fd_sc_hd__dfxtp_2)
                         -0.03   -0.03   library hold time
                                 -0.03   data required time
-----------------------------------------------------------------------------
                                 -0.03   data required time
                                 -0.45   data arrival time
-----------------------------------------------------------------------------
                                  0.49   slack (MET)


Startpoint: _6056_ (rising edge-triggered flip-flop clocked by core_clock)
Endpoint: _6056_ (rising edge-triggered flip-flop clocked by core_clock)
Path Group: core_clock
Path Type: min

Fanout     Cap    Slew   Delay    Time   Description
-----------------------------------------------------------------------------
                  0.00    0.00    0.00   clock core_clock (rise edge)
                          0.00    0.00   clock network delay (ideal)
                  0.00    0.00    0.00 ^ _6056_/CLK (sky130_fd_sc_hd__dfxtp_2)
     3    0.01    0.05    0.31    0.31 ^ _6056_/Q (sky130_fd_sc_hd__dfxtp_2)
                                         reg_file.memory[0][22] (net)
                  0.05    0.00    0.31 ^ _5299_/A (sky130_fd_sc_hd__buf_1)
     1    0.00    0.04    0.08    0.38 ^ _5299_/X (sky130_fd_sc_hd__buf_1)
                                         _2643_ (net)
                  0.04    0.00    0.38 ^ _5300_/A (sky130_fd_sc_hd__buf_1)
     1    0.00    0.03    0.07    0.45 ^ _5300_/X (sky130_fd_sc_hd__buf_1)
                                         _0291_ (net)
                  0.03    0.00    0.45 ^ _6056_/D (sky130_fd_sc_hd__dfxtp_2)
                                  0.45   data arrival time

                  0.00    0.00    0.00   clock core_clock (rise edge)
                          0.00    0.00   clock network delay (ideal)
                          0.00    0.00   clock reconvergence pessimism
                                  0.00 ^ _6056_/CLK (sky130_fd_sc_hd__dfxtp_2)
                         -0.03   -0.03   library hold time
                                 -0.03   data required time
-----------------------------------------------------------------------------
                                 -0.03   data required time
                                 -0.45   data arrival time
-----------------------------------------------------------------------------
                                  0.49   slack (MET)


Startpoint: _6040_ (rising edge-triggered flip-flop clocked by core_clock)
Endpoint: _6040_ (rising edge-triggered flip-flop clocked by core_clock)
Path Group: core_clock
Path Type: min

Fanout     Cap    Slew   Delay    Time   Description
-----------------------------------------------------------------------------
                  0.00    0.00    0.00   clock core_clock (rise edge)
                          0.00    0.00   clock network delay (ideal)
                  0.00    0.00    0.00 ^ _6040_/CLK (sky130_fd_sc_hd__dfxtp_2)
     3    0.01    0.05    0.30    0.30 ^ _6040_/Q (sky130_fd_sc_hd__dfxtp_2)
                                         reg_file.memory[0][6] (net)
                  0.05    0.00    0.30 ^ _5267_/A (sky130_fd_sc_hd__buf_1)
     1    0.00    0.04    0.08    0.38 ^ _5267_/X (sky130_fd_sc_hd__buf_1)
                                         _2627_ (net)
                  0.04    0.00    0.38 ^ _5268_/A (sky130_fd_sc_hd__buf_1)
     1    0.00    0.03    0.07    0.45 ^ _5268_/X (sky130_fd_sc_hd__buf_1)
                                         _0275_ (net)
                  0.03    0.00    0.45 ^ _6040_/D (sky130_fd_sc_hd__dfxtp_2)
                                  0.45   data arrival time

                  0.00    0.00    0.00   clock core_clock (rise edge)
                          0.00    0.00   clock network delay (ideal)
                          0.00    0.00   clock reconvergence pessimism
                                  0.00 ^ _6040_/CLK (sky130_fd_sc_hd__dfxtp_2)
                         -0.03   -0.03   library hold time
                                 -0.03   data required time
-----------------------------------------------------------------------------
                                 -0.03   data required time
                                 -0.45   data arrival time
-----------------------------------------------------------------------------
                                  0.49   slack (MET)


Startpoint: _6050_ (rising edge-triggered flip-flop clocked by core_clock)
Endpoint: _6050_ (rising edge-triggered flip-flop clocked by core_clock)
Path Group: core_clock
Path Type: min

Fanout     Cap    Slew   Delay    Time   Description
-----------------------------------------------------------------------------
                  0.00    0.00    0.00   clock core_clock (rise edge)
                          0.00    0.00   clock network delay (ideal)
                  0.00    0.00    0.00 ^ _6050_/CLK (sky130_fd_sc_hd__dfxtp_2)
     3    0.01    0.05    0.30    0.30 ^ _6050_/Q (sky130_fd_sc_hd__dfxtp_2)
                                         reg_file.memory[0][16] (net)
                  0.05    0.00    0.30 ^ _5287_/A (sky130_fd_sc_hd__buf_1)
     1    0.00    0.04    0.08    0.38 ^ _5287_/X (sky130_fd_sc_hd__buf_1)
                                         _2637_ (net)
                  0.04    0.00    0.38 ^ _5288_/A (sky130_fd_sc_hd__buf_1)
     1    0.00    0.03    0.07    0.45 ^ _5288_/X (sky130_fd_sc_hd__buf_1)
                                         _0285_ (net)
                  0.03    0.00    0.45 ^ _6050_/D (sky130_fd_sc_hd__dfxtp_2)
                                  0.45   data arrival time

                  0.00    0.00    0.00   clock core_clock (rise edge)
                          0.00    0.00   clock network delay (ideal)
                          0.00    0.00   clock reconvergence pessimism
                                  0.00 ^ _6050_/CLK (sky130_fd_sc_hd__dfxtp_2)
                         -0.04   -0.04   library hold time
                                 -0.04   data required time
-----------------------------------------------------------------------------
                                 -0.04   data required time
                                 -0.45   data arrival time
-----------------------------------------------------------------------------
                                  0.49   slack (MET)


Startpoint: _6051_ (rising edge-triggered flip-flop clocked by core_clock)
Endpoint: _6051_ (rising edge-triggered flip-flop clocked by core_clock)
Path Group: core_clock
Path Type: min

Fanout     Cap    Slew   Delay    Time   Description
-----------------------------------------------------------------------------
                  0.00    0.00    0.00   clock core_clock (rise edge)
                          0.00    0.00   clock network delay (ideal)
                  0.00    0.00    0.00 ^ _6051_/CLK (sky130_fd_sc_hd__dfxtp_2)
     3    0.01    0.05    0.30    0.30 ^ _6051_/Q (sky130_fd_sc_hd__dfxtp_2)
                                         reg_file.memory[0][17] (net)
                  0.05    0.00    0.30 ^ _5289_/A (sky130_fd_sc_hd__buf_1)
     1    0.00    0.04    0.08    0.38 ^ _5289_/X (sky130_fd_sc_hd__buf_1)
                                         _2638_ (net)
                  0.04    0.00    0.38 ^ _5290_/A (sky130_fd_sc_hd__buf_1)
     1    0.00    0.03    0.07    0.45 ^ _5290_/X (sky130_fd_sc_hd__buf_1)
                                         _0286_ (net)
                  0.03    0.00    0.45 ^ _6051_/D (sky130_fd_sc_hd__dfxtp_2)
                                  0.45   data arrival time

                  0.00    0.00    0.00   clock core_clock (rise edge)
                          0.00    0.00   clock network delay (ideal)
                          0.00    0.00   clock reconvergence pessimism
                                  0.00 ^ _6051_/CLK (sky130_fd_sc_hd__dfxtp_2)
                         -0.04   -0.04   library hold time
                                 -0.04   data required time
-----------------------------------------------------------------------------
                                 -0.04   data required time
                                 -0.45   data arrival time
-----------------------------------------------------------------------------
                                  0.49   slack (MET)


Startpoint: _6060_ (rising edge-triggered flip-flop clocked by core_clock)
Endpoint: _6060_ (rising edge-triggered flip-flop clocked by core_clock)
Path Group: core_clock
Path Type: min

Fanout     Cap    Slew   Delay    Time   Description
-----------------------------------------------------------------------------
                  0.00    0.00    0.00   clock core_clock (rise edge)
                          0.00    0.00   clock network delay (ideal)
                  0.00    0.00    0.00 ^ _6060_/CLK (sky130_fd_sc_hd__dfxtp_2)
     3    0.01    0.05    0.30    0.30 ^ _6060_/Q (sky130_fd_sc_hd__dfxtp_2)
                                         reg_file.memory[0][26] (net)
                  0.05    0.00    0.30 ^ _5307_/A (sky130_fd_sc_hd__buf_1)
     1    0.00    0.04    0.08    0.38 ^ _5307_/X (sky130_fd_sc_hd__buf_1)
                                         _2647_ (net)
                  0.04    0.00    0.38 ^ _5308_/A (sky130_fd_sc_hd__buf_1)
     1    0.00    0.03    0.07    0.45 ^ _5308_/X (sky130_fd_sc_hd__buf_1)
                                         _0295_ (net)
                  0.03    0.00    0.45 ^ _6060_/D (sky130_fd_sc_hd__dfxtp_2)
                                  0.45   data arrival time

                  0.00    0.00    0.00   clock core_clock (rise edge)
                          0.00    0.00   clock network delay (ideal)
                          0.00    0.00   clock reconvergence pessimism
                                  0.00 ^ _6060_/CLK (sky130_fd_sc_hd__dfxtp_2)
                         -0.04   -0.04   library hold time
                                 -0.04   data required time
-----------------------------------------------------------------------------
                                 -0.04   data required time
                                 -0.45   data arrival time
-----------------------------------------------------------------------------
                                  0.49   slack (MET)


Startpoint: _6034_ (rising edge-triggered flip-flop clocked by core_clock)
Endpoint: _6034_ (rising edge-triggered flip-flop clocked by core_clock)
Path Group: core_clock
Path Type: min

Fanout     Cap    Slew   Delay    Time   Description
-----------------------------------------------------------------------------
                  0.00    0.00    0.00   clock core_clock (rise edge)
                          0.00    0.00   clock network delay (ideal)
                  0.00    0.00    0.00 ^ _6034_/CLK (sky130_fd_sc_hd__dfxtp_2)
     3    0.01    0.05    0.30    0.30 ^ _6034_/Q (sky130_fd_sc_hd__dfxtp_2)
                                         reg_file.memory[0][0] (net)
                  0.05    0.00    0.30 ^ _5255_/A (sky130_fd_sc_hd__buf_1)
     1    0.00    0.04    0.08    0.38 ^ _5255_/X (sky130_fd_sc_hd__buf_1)
                                         _2621_ (net)
                  0.04    0.00    0.38 ^ _5256_/A (sky130_fd_sc_hd__buf_1)
     1    0.00    0.04    0.07    0.45 ^ _5256_/X (sky130_fd_sc_hd__buf_1)
                                         _0269_ (net)
                  0.04    0.00    0.45 ^ _6034_/D (sky130_fd_sc_hd__dfxtp_2)
                                  0.45   data arrival time

                  0.00    0.00    0.00   clock core_clock (rise edge)
                          0.00    0.00   clock network delay (ideal)
                          0.00    0.00   clock reconvergence pessimism
                                  0.00 ^ _6034_/CLK (sky130_fd_sc_hd__dfxtp_2)
                         -0.04   -0.04   library hold time
                                 -0.04   data required time
-----------------------------------------------------------------------------
                                 -0.04   data required time
                                 -0.45   data arrival time
-----------------------------------------------------------------------------
                                  0.49   slack (MET)


Startpoint: _6038_ (rising edge-triggered flip-flop clocked by core_clock)
Endpoint: _6038_ (rising edge-triggered flip-flop clocked by core_clock)
Path Group: core_clock
Path Type: min

Fanout     Cap    Slew   Delay    Time   Description
-----------------------------------------------------------------------------
                  0.00    0.00    0.00   clock core_clock (rise edge)
                          0.00    0.00   clock network delay (ideal)
                  0.00    0.00    0.00 ^ _6038_/CLK (sky130_fd_sc_hd__dfxtp_2)
     3    0.01    0.05    0.30    0.30 ^ _6038_/Q (sky130_fd_sc_hd__dfxtp_2)
                                         reg_file.memory[0][4] (net)
                  0.05    0.00    0.30 ^ _5263_/A (sky130_fd_sc_hd__buf_1)
     1    0.00    0.04    0.08    0.38 ^ _5263_/X (sky130_fd_sc_hd__buf_1)
                                         _2625_ (net)
                  0.04    0.00    0.38 ^ _5264_/A (sky130_fd_sc_hd__buf_1)
     1    0.00    0.04    0.07    0.46 ^ _5264_/X (sky130_fd_sc_hd__buf_1)
                                         _0273_ (net)
                  0.04    0.00    0.46 ^ _6038_/D (sky130_fd_sc_hd__dfxtp_2)
                                  0.46   data arrival time

                  0.00    0.00    0.00   clock core_clock (rise edge)
                          0.00    0.00   clock network delay (ideal)
                          0.00    0.00   clock reconvergence pessimism
                                  0.00 ^ _6038_/CLK (sky130_fd_sc_hd__dfxtp_2)
                         -0.04   -0.04   library hold time
                                 -0.04   data required time
-----------------------------------------------------------------------------
                                 -0.04   data required time
                                 -0.46   data arrival time
-----------------------------------------------------------------------------
                                  0.49   slack (MET)


Startpoint: _6035_ (rising edge-triggered flip-flop clocked by core_clock)
Endpoint: _6035_ (rising edge-triggered flip-flop clocked by core_clock)
Path Group: core_clock
Path Type: min

Fanout     Cap    Slew   Delay    Time   Description
-----------------------------------------------------------------------------
                  0.00    0.00    0.00   clock core_clock (rise edge)
                          0.00    0.00   clock network delay (ideal)
                  0.00    0.00    0.00 ^ _6035_/CLK (sky130_fd_sc_hd__dfxtp_2)
     3    0.01    0.05    0.31    0.31 ^ _6035_/Q (sky130_fd_sc_hd__dfxtp_2)
                                         reg_file.memory[0][1] (net)
                  0.05    0.00    0.31 ^ _5257_/A (sky130_fd_sc_hd__buf_1)
     1    0.00    0.04    0.08    0.38 ^ _5257_/X (sky130_fd_sc_hd__buf_1)
                                         _2622_ (net)
                  0.04    0.00    0.38 ^ _5258_/A (sky130_fd_sc_hd__buf_1)
     1    0.00    0.04    0.07    0.46 ^ _5258_/X (sky130_fd_sc_hd__buf_1)
                                         _0270_ (net)
                  0.04    0.00    0.46 ^ _6035_/D (sky130_fd_sc_hd__dfxtp_2)
                                  0.46   data arrival time

                  0.00    0.00    0.00   clock core_clock (rise edge)
                          0.00    0.00   clock network delay (ideal)
                          0.00    0.00   clock reconvergence pessimism
                                  0.00 ^ _6035_/CLK (sky130_fd_sc_hd__dfxtp_2)
                         -0.04   -0.04   library hold time
                                 -0.04   data required time
-----------------------------------------------------------------------------
                                 -0.04   data required time
                                 -0.46   data arrival time
-----------------------------------------------------------------------------
                                  0.49   slack (MET)


Startpoint: _6039_ (rising edge-triggered flip-flop clocked by core_clock)
Endpoint: _6039_ (rising edge-triggered flip-flop clocked by core_clock)
Path Group: core_clock
Path Type: min

Fanout     Cap    Slew   Delay    Time   Description
-----------------------------------------------------------------------------
                  0.00    0.00    0.00   clock core_clock (rise edge)
                          0.00    0.00   clock network delay (ideal)
                  0.00    0.00    0.00 ^ _6039_/CLK (sky130_fd_sc_hd__dfxtp_2)
     3    0.01    0.05    0.31    0.31 ^ _6039_/Q (sky130_fd_sc_hd__dfxtp_2)
                                         reg_file.memory[0][5] (net)
                  0.05    0.00    0.31 ^ _5265_/A (sky130_fd_sc_hd__buf_1)
     1    0.00    0.04    0.08    0.39 ^ _5265_/X (sky130_fd_sc_hd__buf_1)
                                         _2626_ (net)
                  0.04    0.00    0.39 ^ _5266_/A (sky130_fd_sc_hd__buf_1)
     1    0.00    0.03    0.07    0.46 ^ _5266_/X (sky130_fd_sc_hd__buf_1)
                                         _0274_ (net)
                  0.03    0.00    0.46 ^ _6039_/D (sky130_fd_sc_hd__dfxtp_2)
                                  0.46   data arrival time

                  0.00    0.00    0.00   clock core_clock (rise edge)
                          0.00    0.00   clock network delay (ideal)
                          0.00    0.00   clock reconvergence pessimism
                                  0.00 ^ _6039_/CLK (sky130_fd_sc_hd__dfxtp_2)
                         -0.04   -0.04   library hold time
                                 -0.04   data required time
-----------------------------------------------------------------------------
                                 -0.04   data required time
                                 -0.46   data arrival time
-----------------------------------------------------------------------------
                                  0.49   slack (MET)


Startpoint: _6063_ (rising edge-triggered flip-flop clocked by core_clock)
Endpoint: _6063_ (rising edge-triggered flip-flop clocked by core_clock)
Path Group: core_clock
Path Type: min

Fanout     Cap    Slew   Delay    Time   Description
-----------------------------------------------------------------------------
                  0.00    0.00    0.00   clock core_clock (rise edge)
                          0.00    0.00   clock network delay (ideal)
                  0.00    0.00    0.00 ^ _6063_/CLK (sky130_fd_sc_hd__dfxtp_2)
     3    0.01    0.05    0.31    0.31 ^ _6063_/Q (sky130_fd_sc_hd__dfxtp_2)
                                         reg_file.memory[0][29] (net)
                  0.05    0.00    0.31 ^ _5313_/A (sky130_fd_sc_hd__buf_1)
     1    0.00    0.04    0.08    0.39 ^ _5313_/X (sky130_fd_sc_hd__buf_1)
                                         _2650_ (net)
                  0.04    0.00    0.39 ^ _5314_/A (sky130_fd_sc_hd__buf_1)
     1    0.00    0.03    0.07    0.46 ^ _5314_/X (sky130_fd_sc_hd__buf_1)
                                         _0298_ (net)
                  0.03    0.00    0.46 ^ _6063_/D (sky130_fd_sc_hd__dfxtp_2)
                                  0.46   data arrival time

                  0.00    0.00    0.00   clock core_clock (rise edge)
                          0.00    0.00   clock network delay (ideal)
                          0.00    0.00   clock reconvergence pessimism
                                  0.00 ^ _6063_/CLK (sky130_fd_sc_hd__dfxtp_2)
                         -0.03   -0.03   library hold time
                                 -0.03   data required time
-----------------------------------------------------------------------------
                                 -0.03   data required time
                                 -0.46   data arrival time
-----------------------------------------------------------------------------
                                  0.49   slack (MET)


Startpoint: _6061_ (rising edge-triggered flip-flop clocked by core_clock)
Endpoint: _6061_ (rising edge-triggered flip-flop clocked by core_clock)
Path Group: core_clock
Path Type: min

Fanout     Cap    Slew   Delay    Time   Description
-----------------------------------------------------------------------------
                  0.00    0.00    0.00   clock core_clock (rise edge)
                          0.00    0.00   clock network delay (ideal)
                  0.00    0.00    0.00 ^ _6061_/CLK (sky130_fd_sc_hd__dfxtp_2)
     3    0.01    0.05    0.31    0.31 ^ _6061_/Q (sky130_fd_sc_hd__dfxtp_2)
                                         reg_file.memory[0][27] (net)
                  0.05    0.00    0.31 ^ _5309_/A (sky130_fd_sc_hd__buf_1)
     1    0.00    0.04    0.08    0.39 ^ _5309_/X (sky130_fd_sc_hd__buf_1)
                                         _2648_ (net)
                  0.04    0.00    0.39 ^ _5310_/A (sky130_fd_sc_hd__buf_1)
     1    0.00    0.03    0.07    0.46 ^ _5310_/X (sky130_fd_sc_hd__buf_1)
                                         _0296_ (net)
                  0.03    0.00    0.46 ^ _6061_/D (sky130_fd_sc_hd__dfxtp_2)
                                  0.46   data arrival time

                  0.00    0.00    0.00   clock core_clock (rise edge)
                          0.00    0.00   clock network delay (ideal)
                          0.00    0.00   clock reconvergence pessimism
                                  0.00 ^ _6061_/CLK (sky130_fd_sc_hd__dfxtp_2)
                         -0.03   -0.03   library hold time
                                 -0.03   data required time
-----------------------------------------------------------------------------
                                 -0.03   data required time
                                 -0.46   data arrival time
-----------------------------------------------------------------------------
                                  0.49   slack (MET)


Startpoint: _6062_ (rising edge-triggered flip-flop clocked by core_clock)
Endpoint: _6062_ (rising edge-triggered flip-flop clocked by core_clock)
Path Group: core_clock
Path Type: min

Fanout     Cap    Slew   Delay    Time   Description
-----------------------------------------------------------------------------
                  0.00    0.00    0.00   clock core_clock (rise edge)
                          0.00    0.00   clock network delay (ideal)
                  0.00    0.00    0.00 ^ _6062_/CLK (sky130_fd_sc_hd__dfxtp_2)
     3    0.01    0.05    0.31    0.31 ^ _6062_/Q (sky130_fd_sc_hd__dfxtp_2)
                                         reg_file.memory[0][28] (net)
                  0.05    0.00    0.31 ^ _5311_/A (sky130_fd_sc_hd__buf_1)
     1    0.00    0.04    0.08    0.39 ^ _5311_/X (sky130_fd_sc_hd__buf_1)
                                         _2649_ (net)
                  0.04    0.00    0.39 ^ _5312_/A (sky130_fd_sc_hd__buf_1)
     1    0.00    0.03    0.07    0.46 ^ _5312_/X (sky130_fd_sc_hd__buf_1)
                                         _0297_ (net)
                  0.03    0.00    0.46 ^ _6062_/D (sky130_fd_sc_hd__dfxtp_2)
                                  0.46   data arrival time

                  0.00    0.00    0.00   clock core_clock (rise edge)
                          0.00    0.00   clock network delay (ideal)
                          0.00    0.00   clock reconvergence pessimism
                                  0.00 ^ _6062_/CLK (sky130_fd_sc_hd__dfxtp_2)
                         -0.03   -0.03   library hold time
                                 -0.03   data required time
-----------------------------------------------------------------------------
                                 -0.03   data required time
                                 -0.46   data arrival time
-----------------------------------------------------------------------------
                                  0.50   slack (MET)


Startpoint: _6164_ (rising edge-triggered flip-flop clocked by core_clock)
Endpoint: _6164_ (rising edge-triggered flip-flop clocked by core_clock)
Path Group: core_clock
Path Type: min

Fanout     Cap    Slew   Delay    Time   Description
-----------------------------------------------------------------------------
                  0.00    0.00    0.00   clock core_clock (rise edge)
                          0.00    0.00   clock network delay (ideal)
                  0.00    0.00    0.00 ^ _6164_/CLK (sky130_fd_sc_hd__dfxtp_2)
     2    0.00    0.03    0.29    0.29 ^ _6164_/Q (sky130_fd_sc_hd__dfxtp_2)
                                         reg_file.memory[21][2] (net)
                  0.03    0.00    0.29 ^ _5527_/A1 (sky130_fd_sc_hd__mux2_2)
     1    0.00    0.04    0.13    0.42 ^ _5527_/X (sky130_fd_sc_hd__mux2_2)
                                         _2763_ (net)
                  0.04    0.00    0.42 ^ _5528_/A (sky130_fd_sc_hd__buf_1)
     1    0.00    0.03    0.07    0.49 ^ _5528_/X (sky130_fd_sc_hd__buf_1)
                                         _0399_ (net)
                  0.03    0.00    0.49 ^ _6164_/D (sky130_fd_sc_hd__dfxtp_2)
                                  0.49   data arrival time

                  0.00    0.00    0.00   clock core_clock (rise edge)
                          0.00    0.00   clock network delay (ideal)
                          0.00    0.00   clock reconvergence pessimism
                                  0.00 ^ _6164_/CLK (sky130_fd_sc_hd__dfxtp_2)
                         -0.03   -0.03   library hold time
                                 -0.03   data required time
-----------------------------------------------------------------------------
                                 -0.03   data required time
                                 -0.49   data arrival time
-----------------------------------------------------------------------------
                                  0.52   slack (MET)


Startpoint: _6087_ (rising edge-triggered flip-flop clocked by core_clock)
Endpoint: _6087_ (rising edge-triggered flip-flop clocked by core_clock)
Path Group: core_clock
Path Type: min

Fanout     Cap    Slew   Delay    Time   Description
-----------------------------------------------------------------------------
                  0.00    0.00    0.00   clock core_clock (rise edge)
                          0.00    0.00   clock network delay (ideal)
                  0.00    0.00    0.00 ^ _6087_/CLK (sky130_fd_sc_hd__dfxtp_2)
     2    0.00    0.04    0.29    0.29 ^ _6087_/Q (sky130_fd_sc_hd__dfxtp_2)
                                         reg_file.memory[10][21] (net)
                  0.04    0.00    0.29 ^ _5365_/A0 (sky130_fd_sc_hd__mux2_2)
     1    0.00    0.03    0.13    0.42 ^ _5365_/X (sky130_fd_sc_hd__mux2_2)
                                         _2678_ (net)
                  0.03    0.00    0.42 ^ _5366_/A (sky130_fd_sc_hd__buf_1)
     1    0.00    0.03    0.07    0.49 ^ _5366_/X (sky130_fd_sc_hd__buf_1)
                                         _0322_ (net)
                  0.03    0.00    0.49 ^ _6087_/D (sky130_fd_sc_hd__dfxtp_2)
                                  0.49   data arrival time

                  0.00    0.00    0.00   clock core_clock (rise edge)
                          0.00    0.00   clock network delay (ideal)
                          0.00    0.00   clock reconvergence pessimism
                                  0.00 ^ _6087_/CLK (sky130_fd_sc_hd__dfxtp_2)
                         -0.03   -0.03   library hold time
                                 -0.03   data required time
-----------------------------------------------------------------------------
                                 -0.03   data required time
                                 -0.49   data arrival time
-----------------------------------------------------------------------------
                                  0.52   slack (MET)


Startpoint: _6093_ (rising edge-triggered flip-flop clocked by core_clock)
Endpoint: _6093_ (rising edge-triggered flip-flop clocked by core_clock)
Path Group: core_clock
Path Type: min

Fanout     Cap    Slew   Delay    Time   Description
-----------------------------------------------------------------------------
                  0.00    0.00    0.00   clock core_clock (rise edge)
                          0.00    0.00   clock network delay (ideal)
                  0.00    0.00    0.00 ^ _6093_/CLK (sky130_fd_sc_hd__dfxtp_2)
     2    0.00    0.04    0.29    0.29 ^ _6093_/Q (sky130_fd_sc_hd__dfxtp_2)
                                         reg_file.memory[10][27] (net)
                  0.04    0.00    0.29 ^ _5377_/A0 (sky130_fd_sc_hd__mux2_2)
     1    0.00    0.04    0.13    0.42 ^ _5377_/X (sky130_fd_sc_hd__mux2_2)
                                         _2684_ (net)
                  0.04    0.00    0.42 ^ _5378_/A (sky130_fd_sc_hd__buf_1)
     1    0.00    0.03    0.07    0.49 ^ _5378_/X (sky130_fd_sc_hd__buf_1)
                                         _0328_ (net)
                  0.03    0.00    0.49 ^ _6093_/D (sky130_fd_sc_hd__dfxtp_2)
                                  0.49   data arrival time

                  0.00    0.00    0.00   clock core_clock (rise edge)
                          0.00    0.00   clock network delay (ideal)
                          0.00    0.00   clock reconvergence pessimism
                                  0.00 ^ _6093_/CLK (sky130_fd_sc_hd__dfxtp_2)
                         -0.03   -0.03   library hold time
                                 -0.03   data required time
-----------------------------------------------------------------------------
                                 -0.03   data required time
                                 -0.49   data arrival time
-----------------------------------------------------------------------------
                                  0.52   slack (MET)


Startpoint: _6078_ (rising edge-triggered flip-flop clocked by core_clock)
Endpoint: _6078_ (rising edge-triggered flip-flop clocked by core_clock)
Path Group: core_clock
Path Type: min

Fanout     Cap    Slew   Delay    Time   Description
-----------------------------------------------------------------------------
                  0.00    0.00    0.00   clock core_clock (rise edge)
                          0.00    0.00   clock network delay (ideal)
                  0.00    0.00    0.00 ^ _6078_/CLK (sky130_fd_sc_hd__dfxtp_2)
     2    0.00    0.04    0.29    0.29 ^ _6078_/Q (sky130_fd_sc_hd__dfxtp_2)
                                         reg_file.memory[10][12] (net)
                  0.04    0.00    0.29 ^ _5346_/A0 (sky130_fd_sc_hd__mux2_2)
     1    0.00    0.04    0.13    0.42 ^ _5346_/X (sky130_fd_sc_hd__mux2_2)
                                         _2668_ (net)
                  0.04    0.00    0.42 ^ _5347_/A (sky130_fd_sc_hd__buf_1)
     1    0.00    0.03    0.07    0.49 ^ _5347_/X (sky130_fd_sc_hd__buf_1)
                                         _0313_ (net)
                  0.03    0.00    0.49 ^ _6078_/D (sky130_fd_sc_hd__dfxtp_2)
                                  0.49   data arrival time

                  0.00    0.00    0.00   clock core_clock (rise edge)
                          0.00    0.00   clock network delay (ideal)
                          0.00    0.00   clock reconvergence pessimism
                                  0.00 ^ _6078_/CLK (sky130_fd_sc_hd__dfxtp_2)
                         -0.03   -0.03   library hold time
                                 -0.03   data required time
-----------------------------------------------------------------------------
                                 -0.03   data required time
                                 -0.49   data arrival time
-----------------------------------------------------------------------------
                                  0.52   slack (MET)


Startpoint: _6088_ (rising edge-triggered flip-flop clocked by core_clock)
Endpoint: _6088_ (rising edge-triggered flip-flop clocked by core_clock)
Path Group: core_clock
Path Type: min

Fanout     Cap    Slew   Delay    Time   Description
-----------------------------------------------------------------------------
                  0.00    0.00    0.00   clock core_clock (rise edge)
                          0.00    0.00   clock network delay (ideal)
                  0.00    0.00    0.00 ^ _6088_/CLK (sky130_fd_sc_hd__dfxtp_2)
     2    0.00    0.04    0.29    0.29 ^ _6088_/Q (sky130_fd_sc_hd__dfxtp_2)
                                         reg_file.memory[10][22] (net)
                  0.04    0.00    0.29 ^ _5367_/A0 (sky130_fd_sc_hd__mux2_2)
     1    0.00    0.03    0.13    0.42 ^ _5367_/X (sky130_fd_sc_hd__mux2_2)
                                         _2679_ (net)
                  0.03    0.00    0.42 ^ _5368_/A (sky130_fd_sc_hd__buf_1)
     1    0.00    0.03    0.07    0.49 ^ _5368_/X (sky130_fd_sc_hd__buf_1)
                                         _0323_ (net)
                  0.03    0.00    0.49 ^ _6088_/D (sky130_fd_sc_hd__dfxtp_2)
                                  0.49   data arrival time

                  0.00    0.00    0.00   clock core_clock (rise edge)
                          0.00    0.00   clock network delay (ideal)
                          0.00    0.00   clock reconvergence pessimism
                                  0.00 ^ _6088_/CLK (sky130_fd_sc_hd__dfxtp_2)
                         -0.03   -0.03   library hold time
                                 -0.03   data required time
-----------------------------------------------------------------------------
                                 -0.03   data required time
                                 -0.49   data arrival time
-----------------------------------------------------------------------------
                                  0.52   slack (MET)


Startpoint: _6066_ (rising edge-triggered flip-flop clocked by core_clock)
Endpoint: _6066_ (rising edge-triggered flip-flop clocked by core_clock)
Path Group: core_clock
Path Type: min

Fanout     Cap    Slew   Delay    Time   Description
-----------------------------------------------------------------------------
                  0.00    0.00    0.00   clock core_clock (rise edge)
                          0.00    0.00   clock network delay (ideal)
                  0.00    0.00    0.00 ^ _6066_/CLK (sky130_fd_sc_hd__dfxtp_2)
     2    0.00    0.04    0.29    0.29 ^ _6066_/Q (sky130_fd_sc_hd__dfxtp_2)
                                         reg_file.memory[10][0] (net)
                  0.04    0.00    0.29 ^ _5321_/A0 (sky130_fd_sc_hd__mux2_2)
     1    0.00    0.04    0.13    0.42 ^ _5321_/X (sky130_fd_sc_hd__mux2_2)
                                         _2655_ (net)
                  0.04    0.00    0.42 ^ _5322_/A (sky130_fd_sc_hd__buf_1)
     1    0.00    0.03    0.07    0.49 ^ _5322_/X (sky130_fd_sc_hd__buf_1)
                                         _0301_ (net)
                  0.03    0.00    0.49 ^ _6066_/D (sky130_fd_sc_hd__dfxtp_2)
                                  0.49   data arrival time

                  0.00    0.00    0.00   clock core_clock (rise edge)
                          0.00    0.00   clock network delay (ideal)
                          0.00    0.00   clock reconvergence pessimism
                                  0.00 ^ _6066_/CLK (sky130_fd_sc_hd__dfxtp_2)
                         -0.03   -0.03   library hold time
                                 -0.03   data required time
-----------------------------------------------------------------------------
                                 -0.03   data required time
                                 -0.49   data arrival time
-----------------------------------------------------------------------------
                                  0.52   slack (MET)


Startpoint: _6077_ (rising edge-triggered flip-flop clocked by core_clock)
Endpoint: _6077_ (rising edge-triggered flip-flop clocked by core_clock)
Path Group: core_clock
Path Type: min

Fanout     Cap    Slew   Delay    Time   Description
-----------------------------------------------------------------------------
                  0.00    0.00    0.00   clock core_clock (rise edge)
                          0.00    0.00   clock network delay (ideal)
                  0.00    0.00    0.00 ^ _6077_/CLK (sky130_fd_sc_hd__dfxtp_2)
     2    0.00    0.04    0.29    0.29 ^ _6077_/Q (sky130_fd_sc_hd__dfxtp_2)
                                         reg_file.memory[10][11] (net)
                  0.04    0.00    0.29 ^ _5344_/A0 (sky130_fd_sc_hd__mux2_2)
     1    0.00    0.04    0.13    0.42 ^ _5344_/X (sky130_fd_sc_hd__mux2_2)
                                         _2667_ (net)
                  0.04    0.00    0.42 ^ _5345_/A (sky130_fd_sc_hd__buf_1)
     1    0.00    0.03    0.07    0.49 ^ _5345_/X (sky130_fd_sc_hd__buf_1)
                                         _0312_ (net)
                  0.03    0.00    0.49 ^ _6077_/D (sky130_fd_sc_hd__dfxtp_2)
                                  0.49   data arrival time

                  0.00    0.00    0.00   clock core_clock (rise edge)
                          0.00    0.00   clock network delay (ideal)
                          0.00    0.00   clock reconvergence pessimism
                                  0.00 ^ _6077_/CLK (sky130_fd_sc_hd__dfxtp_2)
                         -0.03   -0.03   library hold time
                                 -0.03   data required time
-----------------------------------------------------------------------------
                                 -0.03   data required time
                                 -0.49   data arrival time
-----------------------------------------------------------------------------
                                  0.52   slack (MET)


Startpoint: _6090_ (rising edge-triggered flip-flop clocked by core_clock)
Endpoint: _6090_ (rising edge-triggered flip-flop clocked by core_clock)
Path Group: core_clock
Path Type: min

Fanout     Cap    Slew   Delay    Time   Description
-----------------------------------------------------------------------------
                  0.00    0.00    0.00   clock core_clock (rise edge)
                          0.00    0.00   clock network delay (ideal)
                  0.00    0.00    0.00 ^ _6090_/CLK (sky130_fd_sc_hd__dfxtp_2)
     2    0.00    0.04    0.29    0.29 ^ _6090_/Q (sky130_fd_sc_hd__dfxtp_2)
                                         reg_file.memory[10][24] (net)
                  0.04    0.00    0.29 ^ _5371_/A0 (sky130_fd_sc_hd__mux2_2)
     1    0.00    0.04    0.13    0.42 ^ _5371_/X (sky130_fd_sc_hd__mux2_2)
                                         _2681_ (net)
                  0.04    0.00    0.42 ^ _5372_/A (sky130_fd_sc_hd__buf_1)
     1    0.00    0.03    0.07    0.49 ^ _5372_/X (sky130_fd_sc_hd__buf_1)
                                         _0325_ (net)
                  0.03    0.00    0.49 ^ _6090_/D (sky130_fd_sc_hd__dfxtp_2)
                                  0.49   data arrival time

                  0.00    0.00    0.00   clock core_clock (rise edge)
                          0.00    0.00   clock network delay (ideal)
                          0.00    0.00   clock reconvergence pessimism
                                  0.00 ^ _6090_/CLK (sky130_fd_sc_hd__dfxtp_2)
                         -0.03   -0.03   library hold time
                                 -0.03   data required time
-----------------------------------------------------------------------------
                                 -0.03   data required time
                                 -0.49   data arrival time
-----------------------------------------------------------------------------
                                  0.52   slack (MET)


Startpoint: _6069_ (rising edge-triggered flip-flop clocked by core_clock)
Endpoint: _6069_ (rising edge-triggered flip-flop clocked by core_clock)
Path Group: core_clock
Path Type: min

Fanout     Cap    Slew   Delay    Time   Description
-----------------------------------------------------------------------------
                  0.00    0.00    0.00   clock core_clock (rise edge)
                          0.00    0.00   clock network delay (ideal)
                  0.00    0.00    0.00 ^ _6069_/CLK (sky130_fd_sc_hd__dfxtp_2)
     2    0.00    0.04    0.29    0.29 ^ _6069_/Q (sky130_fd_sc_hd__dfxtp_2)
                                         reg_file.memory[10][3] (net)
                  0.04    0.00    0.29 ^ _5327_/A0 (sky130_fd_sc_hd__mux2_2)
     1    0.00    0.04    0.13    0.42 ^ _5327_/X (sky130_fd_sc_hd__mux2_2)
                                         _2658_ (net)
                  0.04    0.00    0.42 ^ _5328_/A (sky130_fd_sc_hd__buf_1)
     1    0.00    0.03    0.07    0.49 ^ _5328_/X (sky130_fd_sc_hd__buf_1)
                                         _0304_ (net)
                  0.03    0.00    0.49 ^ _6069_/D (sky130_fd_sc_hd__dfxtp_2)
                                  0.49   data arrival time

                  0.00    0.00    0.00   clock core_clock (rise edge)
                          0.00    0.00   clock network delay (ideal)
                          0.00    0.00   clock reconvergence pessimism
                                  0.00 ^ _6069_/CLK (sky130_fd_sc_hd__dfxtp_2)
                         -0.03   -0.03   library hold time
                                 -0.03   data required time
-----------------------------------------------------------------------------
                                 -0.03   data required time
                                 -0.49   data arrival time
-----------------------------------------------------------------------------
                                  0.52   slack (MET)


Startpoint: _6021_ (rising edge-triggered flip-flop clocked by core_clock)
Endpoint: _6021_ (rising edge-triggered flip-flop clocked by core_clock)
Path Group: core_clock
Path Type: min

Fanout     Cap    Slew   Delay    Time   Description
-----------------------------------------------------------------------------
                  0.00    0.00    0.00   clock core_clock (rise edge)
                          0.00    0.00   clock network delay (ideal)
                  0.00    0.00    0.00 ^ _6021_/CLK (sky130_fd_sc_hd__dfxtp_2)
     2    0.00    0.04    0.29    0.29 ^ _6021_/Q (sky130_fd_sc_hd__dfxtp_2)
                                         reg_file.memory[8][19] (net)
                  0.04    0.00    0.29 ^ _5228_/A0 (sky130_fd_sc_hd__mux2_2)
     1    0.00    0.03    0.13    0.42 ^ _5228_/X (sky130_fd_sc_hd__mux2_2)
                                         _2607_ (net)
                  0.03    0.00    0.42 ^ _5229_/A (sky130_fd_sc_hd__buf_1)
     1    0.00    0.03    0.07    0.49 ^ _5229_/X (sky130_fd_sc_hd__buf_1)
                                         _0256_ (net)
                  0.03    0.00    0.49 ^ _6021_/D (sky130_fd_sc_hd__dfxtp_2)
                                  0.49   data arrival time

                  0.00    0.00    0.00   clock core_clock (rise edge)
                          0.00    0.00   clock network delay (ideal)
                          0.00    0.00   clock reconvergence pessimism
                                  0.00 ^ _6021_/CLK (sky130_fd_sc_hd__dfxtp_2)
                         -0.03   -0.03   library hold time
                                 -0.03   data required time
-----------------------------------------------------------------------------
                                 -0.03   data required time
                                 -0.49   data arrival time
-----------------------------------------------------------------------------
                                  0.52   slack (MET)


Startpoint: _6203_ (rising edge-triggered flip-flop clocked by core_clock)
Endpoint: _6203_ (rising edge-triggered flip-flop clocked by core_clock)
Path Group: core_clock
Path Type: min

Fanout     Cap    Slew   Delay    Time   Description
-----------------------------------------------------------------------------
                  0.00    0.00    0.00   clock core_clock (rise edge)
                          0.00    0.00   clock network delay (ideal)
                  0.00    0.00    0.00 ^ _6203_/CLK (sky130_fd_sc_hd__dfxtp_2)
     2    0.00    0.04    0.29    0.29 ^ _6203_/Q (sky130_fd_sc_hd__dfxtp_2)
                                         reg_file.memory[25][9] (net)
                  0.04    0.00    0.29 ^ _5610_/A1 (sky130_fd_sc_hd__mux2_2)
     1    0.00    0.03    0.13    0.42 ^ _5610_/X (sky130_fd_sc_hd__mux2_2)
                                         _2807_ (net)
                  0.03    0.00    0.42 ^ _5611_/A (sky130_fd_sc_hd__buf_1)
     1    0.00    0.03    0.07    0.49 ^ _5611_/X (sky130_fd_sc_hd__buf_1)
                                         _0438_ (net)
                  0.03    0.00    0.49 ^ _6203_/D (sky130_fd_sc_hd__dfxtp_2)
                                  0.49   data arrival time

                  0.00    0.00    0.00   clock core_clock (rise edge)
                          0.00    0.00   clock network delay (ideal)
                          0.00    0.00   clock reconvergence pessimism
                                  0.00 ^ _6203_/CLK (sky130_fd_sc_hd__dfxtp_2)
                         -0.03   -0.03   library hold time
                                 -0.03   data required time
-----------------------------------------------------------------------------
                                 -0.03   data required time
                                 -0.49   data arrival time
-----------------------------------------------------------------------------
                                  0.52   slack (MET)


Startpoint: _6072_ (rising edge-triggered flip-flop clocked by core_clock)
Endpoint: _6072_ (rising edge-triggered flip-flop clocked by core_clock)
Path Group: core_clock
Path Type: min

Fanout     Cap    Slew   Delay    Time   Description
-----------------------------------------------------------------------------
                  0.00    0.00    0.00   clock core_clock (rise edge)
                          0.00    0.00   clock network delay (ideal)
                  0.00    0.00    0.00 ^ _6072_/CLK (sky130_fd_sc_hd__dfxtp_2)
     2    0.00    0.04    0.29    0.29 ^ _6072_/Q (sky130_fd_sc_hd__dfxtp_2)
                                         reg_file.memory[10][6] (net)
                  0.04    0.00    0.29 ^ _5333_/A0 (sky130_fd_sc_hd__mux2_2)
     1    0.00    0.04    0.13    0.42 ^ _5333_/X (sky130_fd_sc_hd__mux2_2)
                                         _2661_ (net)
                  0.04    0.00    0.42 ^ _5334_/A (sky130_fd_sc_hd__buf_1)
     1    0.00    0.03    0.07    0.49 ^ _5334_/X (sky130_fd_sc_hd__buf_1)
                                         _0307_ (net)
                  0.03    0.00    0.49 ^ _6072_/D (sky130_fd_sc_hd__dfxtp_2)
                                  0.49   data arrival time

                  0.00    0.00    0.00   clock core_clock (rise edge)
                          0.00    0.00   clock network delay (ideal)
                          0.00    0.00   clock reconvergence pessimism
                                  0.00 ^ _6072_/CLK (sky130_fd_sc_hd__dfxtp_2)
                         -0.03   -0.03   library hold time
                                 -0.03   data required time
-----------------------------------------------------------------------------
                                 -0.03   data required time
                                 -0.49   data arrival time
-----------------------------------------------------------------------------
                                  0.52   slack (MET)


Startpoint: _6080_ (rising edge-triggered flip-flop clocked by core_clock)
Endpoint: _6080_ (rising edge-triggered flip-flop clocked by core_clock)
Path Group: core_clock
Path Type: min

Fanout     Cap    Slew   Delay    Time   Description
-----------------------------------------------------------------------------
                  0.00    0.00    0.00   clock core_clock (rise edge)
                          0.00    0.00   clock network delay (ideal)
                  0.00    0.00    0.00 ^ _6080_/CLK (sky130_fd_sc_hd__dfxtp_2)
     2    0.00    0.04    0.29    0.29 ^ _6080_/Q (sky130_fd_sc_hd__dfxtp_2)
                                         reg_file.memory[10][14] (net)
                  0.04    0.00    0.29 ^ _5350_/A0 (sky130_fd_sc_hd__mux2_2)
     1    0.00    0.04    0.13    0.42 ^ _5350_/X (sky130_fd_sc_hd__mux2_2)
                                         _2670_ (net)
                  0.04    0.00    0.42 ^ _5351_/A (sky130_fd_sc_hd__buf_1)
     1    0.00    0.03    0.07    0.49 ^ _5351_/X (sky130_fd_sc_hd__buf_1)
                                         _0315_ (net)
                  0.03    0.00    0.49 ^ _6080_/D (sky130_fd_sc_hd__dfxtp_2)
                                  0.49   data arrival time

                  0.00    0.00    0.00   clock core_clock (rise edge)
                          0.00    0.00   clock network delay (ideal)
                          0.00    0.00   clock reconvergence pessimism
                                  0.00 ^ _6080_/CLK (sky130_fd_sc_hd__dfxtp_2)
                         -0.03   -0.03   library hold time
                                 -0.03   data required time
-----------------------------------------------------------------------------
                                 -0.03   data required time
                                 -0.49   data arrival time
-----------------------------------------------------------------------------
                                  0.52   slack (MET)


Startpoint: _5947_ (rising edge-triggered flip-flop clocked by core_clock)
Endpoint: _5947_ (rising edge-triggered flip-flop clocked by core_clock)
Path Group: core_clock
Path Type: min

Fanout     Cap    Slew   Delay    Time   Description
-----------------------------------------------------------------------------
                  0.00    0.00    0.00   clock core_clock (rise edge)
                          0.00    0.00   clock network delay (ideal)
                  0.00    0.00    0.00 ^ _5947_/CLK (sky130_fd_sc_hd__dfxtp_2)
     2    0.00    0.04    0.29    0.29 ^ _5947_/Q (sky130_fd_sc_hd__dfxtp_2)
                                         reg_file.memory[6][9] (net)
                  0.04    0.00    0.29 ^ _5069_/A1 (sky130_fd_sc_hd__mux2_2)
     1    0.00    0.03    0.13    0.42 ^ _5069_/X (sky130_fd_sc_hd__mux2_2)
                                         _2522_ (net)
                  0.03    0.00    0.42 ^ _5070_/A (sky130_fd_sc_hd__buf_1)
     1    0.00    0.03    0.07    0.49 ^ _5070_/X (sky130_fd_sc_hd__buf_1)
                                         _0182_ (net)
                  0.03    0.00    0.49 ^ _5947_/D (sky130_fd_sc_hd__dfxtp_2)
                                  0.49   data arrival time

                  0.00    0.00    0.00   clock core_clock (rise edge)
                          0.00    0.00   clock network delay (ideal)
                          0.00    0.00   clock reconvergence pessimism
                                  0.00 ^ _5947_/CLK (sky130_fd_sc_hd__dfxtp_2)
                         -0.03   -0.03   library hold time
                                 -0.03   data required time
-----------------------------------------------------------------------------
                                 -0.03   data required time
                                 -0.49   data arrival time
-----------------------------------------------------------------------------
                                  0.52   slack (MET)


Startpoint: _6213_ (rising edge-triggered flip-flop clocked by core_clock)
Endpoint: _6213_ (rising edge-triggered flip-flop clocked by core_clock)
Path Group: core_clock
Path Type: min

Fanout     Cap    Slew   Delay    Time   Description
-----------------------------------------------------------------------------
                  0.00    0.00    0.00   clock core_clock (rise edge)
                          0.00    0.00   clock network delay (ideal)
                  0.00    0.00    0.00 ^ _6213_/CLK (sky130_fd_sc_hd__dfxtp_2)
     2    0.00    0.04    0.29    0.29 ^ _6213_/Q (sky130_fd_sc_hd__dfxtp_2)
                                         reg_file.memory[25][19] (net)
                  0.04    0.00    0.29 ^ _5631_/A1 (sky130_fd_sc_hd__mux2_2)
     1    0.00    0.04    0.13    0.42 ^ _5631_/X (sky130_fd_sc_hd__mux2_2)
                                         _2818_ (net)
                  0.04    0.00    0.42 ^ _5632_/A (sky130_fd_sc_hd__buf_1)
     1    0.00    0.03    0.07    0.49 ^ _5632_/X (sky130_fd_sc_hd__buf_1)
                                         _0448_ (net)
                  0.03    0.00    0.49 ^ _6213_/D (sky130_fd_sc_hd__dfxtp_2)
                                  0.49   data arrival time

                  0.00    0.00    0.00   clock core_clock (rise edge)
                          0.00    0.00   clock network delay (ideal)
                          0.00    0.00   clock reconvergence pessimism
                                  0.00 ^ _6213_/CLK (sky130_fd_sc_hd__dfxtp_2)
                         -0.03   -0.03   library hold time
                                 -0.03   data required time
-----------------------------------------------------------------------------
                                 -0.03   data required time
                                 -0.49   data arrival time
-----------------------------------------------------------------------------
                                  0.52   slack (MET)


Startpoint: _6027_ (rising edge-triggered flip-flop clocked by core_clock)
Endpoint: _6027_ (rising edge-triggered flip-flop clocked by core_clock)
Path Group: core_clock
Path Type: min

Fanout     Cap    Slew   Delay    Time   Description
-----------------------------------------------------------------------------
                  0.00    0.00    0.00   clock core_clock (rise edge)
                          0.00    0.00   clock network delay (ideal)
                  0.00    0.00    0.00 ^ _6027_/CLK (sky130_fd_sc_hd__dfxtp_2)
     2    0.00    0.04    0.29    0.29 ^ _6027_/Q (sky130_fd_sc_hd__dfxtp_2)
                                         reg_file.memory[8][25] (net)
                  0.04    0.00    0.29 ^ _5241_/A0 (sky130_fd_sc_hd__mux2_2)
     1    0.00    0.03    0.13    0.42 ^ _5241_/X (sky130_fd_sc_hd__mux2_2)
                                         _2614_ (net)
                  0.03    0.00    0.42 ^ _5242_/A (sky130_fd_sc_hd__buf_1)
     1    0.00    0.03    0.07    0.49 ^ _5242_/X (sky130_fd_sc_hd__buf_1)
                                         _0262_ (net)
                  0.03    0.00    0.49 ^ _6027_/D (sky130_fd_sc_hd__dfxtp_2)
                                  0.49   data arrival time

                  0.00    0.00    0.00   clock core_clock (rise edge)
                          0.00    0.00   clock network delay (ideal)
                          0.00    0.00   clock reconvergence pessimism
                                  0.00 ^ _6027_/CLK (sky130_fd_sc_hd__dfxtp_2)
                         -0.03   -0.03   library hold time
                                 -0.03   data required time
-----------------------------------------------------------------------------
                                 -0.03   data required time
                                 -0.49   data arrival time
-----------------------------------------------------------------------------
                                  0.52   slack (MET)


Startpoint: _5963_ (rising edge-triggered flip-flop clocked by core_clock)
Endpoint: _5963_ (rising edge-triggered flip-flop clocked by core_clock)
Path Group: core_clock
Path Type: min

Fanout     Cap    Slew   Delay    Time   Description
-----------------------------------------------------------------------------
                  0.00    0.00    0.00   clock core_clock (rise edge)
                          0.00    0.00   clock network delay (ideal)
                  0.00    0.00    0.00 ^ _5963_/CLK (sky130_fd_sc_hd__dfxtp_2)
     2    0.00    0.04    0.29    0.29 ^ _5963_/Q (sky130_fd_sc_hd__dfxtp_2)
                                         reg_file.memory[6][25] (net)
                  0.04    0.00    0.29 ^ _5103_/A1 (sky130_fd_sc_hd__mux2_2)
     1    0.00    0.03    0.13    0.42 ^ _5103_/X (sky130_fd_sc_hd__mux2_2)
                                         _2540_ (net)
                  0.03    0.00    0.42 ^ _5104_/A (sky130_fd_sc_hd__buf_1)
     1    0.00    0.03    0.07    0.49 ^ _5104_/X (sky130_fd_sc_hd__buf_1)
                                         _0198_ (net)
                  0.03    0.00    0.49 ^ _5963_/D (sky130_fd_sc_hd__dfxtp_2)
                                  0.49   data arrival time

                  0.00    0.00    0.00   clock core_clock (rise edge)
                          0.00    0.00   clock network delay (ideal)
                          0.00    0.00   clock reconvergence pessimism
                                  0.00 ^ _5963_/CLK (sky130_fd_sc_hd__dfxtp_2)
                         -0.03   -0.03   library hold time
                                 -0.03   data required time
-----------------------------------------------------------------------------
                                 -0.03   data required time
                                 -0.49   data arrival time
-----------------------------------------------------------------------------
                                  0.52   slack (MET)


Startpoint: _5959_ (rising edge-triggered flip-flop clocked by core_clock)
Endpoint: _5959_ (rising edge-triggered flip-flop clocked by core_clock)
Path Group: core_clock
Path Type: min

Fanout     Cap    Slew   Delay    Time   Description
-----------------------------------------------------------------------------
                  0.00    0.00    0.00   clock core_clock (rise edge)
                          0.00    0.00   clock network delay (ideal)
                  0.00    0.00    0.00 ^ _5959_/CLK (sky130_fd_sc_hd__dfxtp_2)
     2    0.00    0.04    0.29    0.29 ^ _5959_/Q (sky130_fd_sc_hd__dfxtp_2)
                                         reg_file.memory[6][21] (net)
                  0.04    0.00    0.29 ^ _5095_/A1 (sky130_fd_sc_hd__mux2_2)
     1    0.00    0.04    0.13    0.42 ^ _5095_/X (sky130_fd_sc_hd__mux2_2)
                                         _2536_ (net)
                  0.04    0.00    0.42 ^ _5096_/A (sky130_fd_sc_hd__buf_1)
     1    0.00    0.03    0.07    0.49 ^ _5096_/X (sky130_fd_sc_hd__buf_1)
                                         _0194_ (net)
                  0.03    0.00    0.49 ^ _5959_/D (sky130_fd_sc_hd__dfxtp_2)
                                  0.49   data arrival time

                  0.00    0.00    0.00   clock core_clock (rise edge)
                          0.00    0.00   clock network delay (ideal)
                          0.00    0.00   clock reconvergence pessimism
                                  0.00 ^ _5959_/CLK (sky130_fd_sc_hd__dfxtp_2)
                         -0.03   -0.03   library hold time
                                 -0.03   data required time
-----------------------------------------------------------------------------
                                 -0.03   data required time
                                 -0.49   data arrival time
-----------------------------------------------------------------------------
                                  0.52   slack (MET)


Startpoint: _6079_ (rising edge-triggered flip-flop clocked by core_clock)
Endpoint: _6079_ (rising edge-triggered flip-flop clocked by core_clock)
Path Group: core_clock
Path Type: min

Fanout     Cap    Slew   Delay    Time   Description
-----------------------------------------------------------------------------
                  0.00    0.00    0.00   clock core_clock (rise edge)
                          0.00    0.00   clock network delay (ideal)
                  0.00    0.00    0.00 ^ _6079_/CLK (sky130_fd_sc_hd__dfxtp_2)
     2    0.00    0.04    0.29    0.29 ^ _6079_/Q (sky130_fd_sc_hd__dfxtp_2)
                                         reg_file.memory[10][13] (net)
                  0.04    0.00    0.29 ^ _5348_/A0 (sky130_fd_sc_hd__mux2_2)
     1    0.00    0.04    0.13    0.42 ^ _5348_/X (sky130_fd_sc_hd__mux2_2)
                                         _2669_ (net)
                  0.04    0.00    0.42 ^ _5349_/A (sky130_fd_sc_hd__buf_1)
     1    0.00    0.03    0.07    0.49 ^ _5349_/X (sky130_fd_sc_hd__buf_1)
                                         _0314_ (net)
                  0.03    0.00    0.49 ^ _6079_/D (sky130_fd_sc_hd__dfxtp_2)
                                  0.49   data arrival time

                  0.00    0.00    0.00   clock core_clock (rise edge)
                          0.00    0.00   clock network delay (ideal)
                          0.00    0.00   clock reconvergence pessimism
                                  0.00 ^ _6079_/CLK (sky130_fd_sc_hd__dfxtp_2)
                         -0.03   -0.03   library hold time
                                 -0.03   data required time
-----------------------------------------------------------------------------
                                 -0.03   data required time
                                 -0.49   data arrival time
-----------------------------------------------------------------------------
                                  0.52   slack (MET)


Startpoint: _5951_ (rising edge-triggered flip-flop clocked by core_clock)
Endpoint: _5951_ (rising edge-triggered flip-flop clocked by core_clock)
Path Group: core_clock
Path Type: min

Fanout     Cap    Slew   Delay    Time   Description
-----------------------------------------------------------------------------
                  0.00    0.00    0.00   clock core_clock (rise edge)
                          0.00    0.00   clock network delay (ideal)
                  0.00    0.00    0.00 ^ _5951_/CLK (sky130_fd_sc_hd__dfxtp_2)
     2    0.00    0.04    0.29    0.29 ^ _5951_/Q (sky130_fd_sc_hd__dfxtp_2)
                                         reg_file.memory[6][13] (net)
                  0.04    0.00    0.29 ^ _5078_/A1 (sky130_fd_sc_hd__mux2_2)
     1    0.00    0.04    0.13    0.42 ^ _5078_/X (sky130_fd_sc_hd__mux2_2)
                                         _2527_ (net)
                  0.04    0.00    0.42 ^ _5079_/A (sky130_fd_sc_hd__buf_1)
     1    0.00    0.03    0.07    0.49 ^ _5079_/X (sky130_fd_sc_hd__buf_1)
                                         _0186_ (net)
                  0.03    0.00    0.49 ^ _5951_/D (sky130_fd_sc_hd__dfxtp_2)
                                  0.49   data arrival time

                  0.00    0.00    0.00   clock core_clock (rise edge)
                          0.00    0.00   clock network delay (ideal)
                          0.00    0.00   clock reconvergence pessimism
                                  0.00 ^ _5951_/CLK (sky130_fd_sc_hd__dfxtp_2)
                         -0.03   -0.03   library hold time
                                 -0.03   data required time
-----------------------------------------------------------------------------
                                 -0.03   data required time
                                 -0.49   data arrival time
-----------------------------------------------------------------------------
                                  0.52   slack (MET)


Startpoint: _5962_ (rising edge-triggered flip-flop clocked by core_clock)
Endpoint: _5962_ (rising edge-triggered flip-flop clocked by core_clock)
Path Group: core_clock
Path Type: min

Fanout     Cap    Slew   Delay    Time   Description
-----------------------------------------------------------------------------
                  0.00    0.00    0.00   clock core_clock (rise edge)
                          0.00    0.00   clock network delay (ideal)
                  0.00    0.00    0.00 ^ _5962_/CLK (sky130_fd_sc_hd__dfxtp_2)
     2    0.00    0.04    0.29    0.29 ^ _5962_/Q (sky130_fd_sc_hd__dfxtp_2)
                                         reg_file.memory[6][24] (net)
                  0.04    0.00    0.29 ^ _5101_/A1 (sky130_fd_sc_hd__mux2_2)
     1    0.00    0.03    0.13    0.42 ^ _5101_/X (sky130_fd_sc_hd__mux2_2)
                                         _2539_ (net)
                  0.03    0.00    0.42 ^ _5102_/A (sky130_fd_sc_hd__buf_1)
     1    0.00    0.03    0.07    0.49 ^ _5102_/X (sky130_fd_sc_hd__buf_1)
                                         _0197_ (net)
                  0.03    0.00    0.49 ^ _5962_/D (sky130_fd_sc_hd__dfxtp_2)
                                  0.49   data arrival time

                  0.00    0.00    0.00   clock core_clock (rise edge)
                          0.00    0.00   clock network delay (ideal)
                          0.00    0.00   clock reconvergence pessimism
                                  0.00 ^ _5962_/CLK (sky130_fd_sc_hd__dfxtp_2)
                         -0.03   -0.03   library hold time
                                 -0.03   data required time
-----------------------------------------------------------------------------
                                 -0.03   data required time
                                 -0.49   data arrival time
-----------------------------------------------------------------------------
                                  0.52   slack (MET)


Startpoint: _6076_ (rising edge-triggered flip-flop clocked by core_clock)
Endpoint: _6076_ (rising edge-triggered flip-flop clocked by core_clock)
Path Group: core_clock
Path Type: min

Fanout     Cap    Slew   Delay    Time   Description
-----------------------------------------------------------------------------
                  0.00    0.00    0.00   clock core_clock (rise edge)
                          0.00    0.00   clock network delay (ideal)
                  0.00    0.00    0.00 ^ _6076_/CLK (sky130_fd_sc_hd__dfxtp_2)
     2    0.00    0.04    0.29    0.29 ^ _6076_/Q (sky130_fd_sc_hd__dfxtp_2)
                                         reg_file.memory[10][10] (net)
                  0.04    0.00    0.29 ^ _5342_/A0 (sky130_fd_sc_hd__mux2_2)
     1    0.00    0.04    0.13    0.42 ^ _5342_/X (sky130_fd_sc_hd__mux2_2)
                                         _2666_ (net)
                  0.04    0.00    0.42 ^ _5343_/A (sky130_fd_sc_hd__buf_1)
     1    0.00    0.03    0.07    0.49 ^ _5343_/X (sky130_fd_sc_hd__buf_1)
                                         _0311_ (net)
                  0.03    0.00    0.49 ^ _6076_/D (sky130_fd_sc_hd__dfxtp_2)
                                  0.49   data arrival time

                  0.00    0.00    0.00   clock core_clock (rise edge)
                          0.00    0.00   clock network delay (ideal)
                          0.00    0.00   clock reconvergence pessimism
                                  0.00 ^ _6076_/CLK (sky130_fd_sc_hd__dfxtp_2)
                         -0.03   -0.03   library hold time
                                 -0.03   data required time
-----------------------------------------------------------------------------
                                 -0.03   data required time
                                 -0.49   data arrival time
-----------------------------------------------------------------------------
                                  0.52   slack (MET)


Startpoint: _5944_ (rising edge-triggered flip-flop clocked by core_clock)
Endpoint: _5944_ (rising edge-triggered flip-flop clocked by core_clock)
Path Group: core_clock
Path Type: min

Fanout     Cap    Slew   Delay    Time   Description
-----------------------------------------------------------------------------
                  0.00    0.00    0.00   clock core_clock (rise edge)
                          0.00    0.00   clock network delay (ideal)
                  0.00    0.00    0.00 ^ _5944_/CLK (sky130_fd_sc_hd__dfxtp_2)
     2    0.00    0.04    0.29    0.29 ^ _5944_/Q (sky130_fd_sc_hd__dfxtp_2)
                                         reg_file.memory[6][6] (net)
                  0.04    0.00    0.29 ^ _5063_/A1 (sky130_fd_sc_hd__mux2_2)
     1    0.00    0.04    0.13    0.42 ^ _5063_/X (sky130_fd_sc_hd__mux2_2)
                                         _2519_ (net)
                  0.04    0.00    0.42 ^ _5064_/A (sky130_fd_sc_hd__buf_1)
     1    0.00    0.03    0.07    0.49 ^ _5064_/X (sky130_fd_sc_hd__buf_1)
                                         _0179_ (net)
                  0.03    0.00    0.49 ^ _5944_/D (sky130_fd_sc_hd__dfxtp_2)
                                  0.49   data arrival time

                  0.00    0.00    0.00   clock core_clock (rise edge)
                          0.00    0.00   clock network delay (ideal)
                          0.00    0.00   clock reconvergence pessimism
                                  0.00 ^ _5944_/CLK (sky130_fd_sc_hd__dfxtp_2)
                         -0.03   -0.03   library hold time
                                 -0.03   data required time
-----------------------------------------------------------------------------
                                 -0.03   data required time
                                 -0.49   data arrival time
-----------------------------------------------------------------------------
                                  0.52   slack (MET)


Startpoint: _5945_ (rising edge-triggered flip-flop clocked by core_clock)
Endpoint: _5945_ (rising edge-triggered flip-flop clocked by core_clock)
Path Group: core_clock
Path Type: min

Fanout     Cap    Slew   Delay    Time   Description
-----------------------------------------------------------------------------
                  0.00    0.00    0.00   clock core_clock (rise edge)
                          0.00    0.00   clock network delay (ideal)
                  0.00    0.00    0.00 ^ _5945_/CLK (sky130_fd_sc_hd__dfxtp_2)
     2    0.00    0.04    0.29    0.29 ^ _5945_/Q (sky130_fd_sc_hd__dfxtp_2)
                                         reg_file.memory[6][7] (net)
                  0.04    0.00    0.29 ^ _5065_/A1 (sky130_fd_sc_hd__mux2_2)
     1    0.00    0.04    0.13    0.42 ^ _5065_/X (sky130_fd_sc_hd__mux2_2)
                                         _2520_ (net)
                  0.04    0.00    0.42 ^ _5066_/A (sky130_fd_sc_hd__buf_1)
     1    0.00    0.03    0.07    0.49 ^ _5066_/X (sky130_fd_sc_hd__buf_1)
                                         _0180_ (net)
                  0.03    0.00    0.49 ^ _5945_/D (sky130_fd_sc_hd__dfxtp_2)
                                  0.49   data arrival time

                  0.00    0.00    0.00   clock core_clock (rise edge)
                          0.00    0.00   clock network delay (ideal)
                          0.00    0.00   clock reconvergence pessimism
                                  0.00 ^ _5945_/CLK (sky130_fd_sc_hd__dfxtp_2)
                         -0.03   -0.03   library hold time
                                 -0.03   data required time
-----------------------------------------------------------------------------
                                 -0.03   data required time
                                 -0.49   data arrival time
-----------------------------------------------------------------------------
                                  0.52   slack (MET)


Startpoint: _5964_ (rising edge-triggered flip-flop clocked by core_clock)
Endpoint: _5964_ (rising edge-triggered flip-flop clocked by core_clock)
Path Group: core_clock
Path Type: min

Fanout     Cap    Slew   Delay    Time   Description
-----------------------------------------------------------------------------
                  0.00    0.00    0.00   clock core_clock (rise edge)
                          0.00    0.00   clock network delay (ideal)
                  0.00    0.00    0.00 ^ _5964_/CLK (sky130_fd_sc_hd__dfxtp_2)
     2    0.00    0.04    0.29    0.29 ^ _5964_/Q (sky130_fd_sc_hd__dfxtp_2)
                                         reg_file.memory[6][26] (net)
                  0.04    0.00    0.29 ^ _5105_/A1 (sky130_fd_sc_hd__mux2_2)
     1    0.00    0.04    0.13    0.42 ^ _5105_/X (sky130_fd_sc_hd__mux2_2)
                                         _2541_ (net)
                  0.04    0.00    0.42 ^ _5106_/A (sky130_fd_sc_hd__buf_1)
     1    0.00    0.03    0.07    0.49 ^ _5106_/X (sky130_fd_sc_hd__buf_1)
                                         _0199_ (net)
                  0.03    0.00    0.49 ^ _5964_/D (sky130_fd_sc_hd__dfxtp_2)
                                  0.49   data arrival time

                  0.00    0.00    0.00   clock core_clock (rise edge)
                          0.00    0.00   clock network delay (ideal)
                          0.00    0.00   clock reconvergence pessimism
                                  0.00 ^ _5964_/CLK (sky130_fd_sc_hd__dfxtp_2)
                         -0.03   -0.03   library hold time
                                 -0.03   data required time
-----------------------------------------------------------------------------
                                 -0.03   data required time
                                 -0.49   data arrival time
-----------------------------------------------------------------------------
                                  0.52   slack (MET)


Startpoint: _5890_ (rising edge-triggered flip-flop clocked by core_clock)
Endpoint: _5890_ (rising edge-triggered flip-flop clocked by core_clock)
Path Group: core_clock
Path Type: min

Fanout     Cap    Slew   Delay    Time   Description
-----------------------------------------------------------------------------
                  0.00    0.00    0.00   clock core_clock (rise edge)
                          0.00    0.00   clock network delay (ideal)
                  0.00    0.00    0.00 ^ _5890_/CLK (sky130_fd_sc_hd__dfxtp_2)
     2    0.00    0.04    0.29    0.29 ^ _5890_/Q (sky130_fd_sc_hd__dfxtp_2)
                                         reg_file.memory[4][16] (net)
                  0.04    0.00    0.29 ^ _4933_/A1 (sky130_fd_sc_hd__mux2_2)
     1    0.00    0.04    0.13    0.42 ^ _4933_/X (sky130_fd_sc_hd__mux2_2)
                                         _2443_ (net)
                  0.04    0.00    0.42 ^ _4934_/A (sky130_fd_sc_hd__buf_1)
     1    0.00    0.03    0.07    0.49 ^ _4934_/X (sky130_fd_sc_hd__buf_1)
                                         _0125_ (net)
                  0.03    0.00    0.49 ^ _5890_/D (sky130_fd_sc_hd__dfxtp_2)
                                  0.49   data arrival time

                  0.00    0.00    0.00   clock core_clock (rise edge)
                          0.00    0.00   clock network delay (ideal)
                          0.00    0.00   clock reconvergence pessimism
                                  0.00 ^ _5890_/CLK (sky130_fd_sc_hd__dfxtp_2)
                         -0.03   -0.03   library hold time
                                 -0.03   data required time
-----------------------------------------------------------------------------
                                 -0.03   data required time
                                 -0.49   data arrival time
-----------------------------------------------------------------------------
                                  0.52   slack (MET)


Startpoint: _5967_ (rising edge-triggered flip-flop clocked by core_clock)
Endpoint: _5967_ (rising edge-triggered flip-flop clocked by core_clock)
Path Group: core_clock
Path Type: min

Fanout     Cap    Slew   Delay    Time   Description
-----------------------------------------------------------------------------
                  0.00    0.00    0.00   clock core_clock (rise edge)
                          0.00    0.00   clock network delay (ideal)
                  0.00    0.00    0.00 ^ _5967_/CLK (sky130_fd_sc_hd__dfxtp_2)
     2    0.00    0.04    0.29    0.29 ^ _5967_/Q (sky130_fd_sc_hd__dfxtp_2)
                                         reg_file.memory[6][29] (net)
                  0.04    0.00    0.29 ^ _5111_/A1 (sky130_fd_sc_hd__mux2_2)
     1    0.00    0.04    0.13    0.42 ^ _5111_/X (sky130_fd_sc_hd__mux2_2)
                                         _2544_ (net)
                  0.04    0.00    0.42 ^ _5112_/A (sky130_fd_sc_hd__buf_1)
     1    0.00    0.03    0.07    0.49 ^ _5112_/X (sky130_fd_sc_hd__buf_1)
                                         _0202_ (net)
                  0.03    0.00    0.49 ^ _5967_/D (sky130_fd_sc_hd__dfxtp_2)
                                  0.49   data arrival time

                  0.00    0.00    0.00   clock core_clock (rise edge)
                          0.00    0.00   clock network delay (ideal)
                          0.00    0.00   clock reconvergence pessimism
                                  0.00 ^ _5967_/CLK (sky130_fd_sc_hd__dfxtp_2)
                         -0.03   -0.03   library hold time
                                 -0.03   data required time
-----------------------------------------------------------------------------
                                 -0.03   data required time
                                 -0.49   data arrival time
-----------------------------------------------------------------------------
                                  0.52   slack (MET)


Startpoint: _6198_ (rising edge-triggered flip-flop clocked by core_clock)
Endpoint: _6198_ (rising edge-triggered flip-flop clocked by core_clock)
Path Group: core_clock
Path Type: min

Fanout     Cap    Slew   Delay    Time   Description
-----------------------------------------------------------------------------
                  0.00    0.00    0.00   clock core_clock (rise edge)
                          0.00    0.00   clock network delay (ideal)
                  0.00    0.00    0.00 ^ _6198_/CLK (sky130_fd_sc_hd__dfxtp_2)
     2    0.00    0.04    0.29    0.29 ^ _6198_/Q (sky130_fd_sc_hd__dfxtp_2)
                                         reg_file.memory[25][4] (net)
                  0.04    0.00    0.29 ^ _5600_/A1 (sky130_fd_sc_hd__mux2_2)
     1    0.00    0.04    0.13    0.42 ^ _5600_/X (sky130_fd_sc_hd__mux2_2)
                                         _2802_ (net)
                  0.04    0.00    0.42 ^ _5601_/A (sky130_fd_sc_hd__buf_1)
     1    0.00    0.03    0.07    0.49 ^ _5601_/X (sky130_fd_sc_hd__buf_1)
                                         _0433_ (net)
                  0.03    0.00    0.49 ^ _6198_/D (sky130_fd_sc_hd__dfxtp_2)
                                  0.49   data arrival time

                  0.00    0.00    0.00   clock core_clock (rise edge)
                          0.00    0.00   clock network delay (ideal)
                          0.00    0.00   clock reconvergence pessimism
                                  0.00 ^ _6198_/CLK (sky130_fd_sc_hd__dfxtp_2)
                         -0.03   -0.03   library hold time
                                 -0.03   data required time
-----------------------------------------------------------------------------
                                 -0.03   data required time
                                 -0.49   data arrival time
-----------------------------------------------------------------------------
                                  0.52   slack (MET)


Startpoint: _5891_ (rising edge-triggered flip-flop clocked by core_clock)
Endpoint: _5891_ (rising edge-triggered flip-flop clocked by core_clock)
Path Group: core_clock
Path Type: min

Fanout     Cap    Slew   Delay    Time   Description
-----------------------------------------------------------------------------
                  0.00    0.00    0.00   clock core_clock (rise edge)
                          0.00    0.00   clock network delay (ideal)
                  0.00    0.00    0.00 ^ _5891_/CLK (sky130_fd_sc_hd__dfxtp_2)
     2    0.00    0.04    0.29    0.29 ^ _5891_/Q (sky130_fd_sc_hd__dfxtp_2)
                                         reg_file.memory[4][17] (net)
                  0.04    0.00    0.29 ^ _4936_/A1 (sky130_fd_sc_hd__mux2_2)
     1    0.00    0.04    0.13    0.42 ^ _4936_/X (sky130_fd_sc_hd__mux2_2)
                                         _2445_ (net)
                  0.04    0.00    0.42 ^ _4937_/A (sky130_fd_sc_hd__buf_1)
     1    0.00    0.03    0.07    0.49 ^ _4937_/X (sky130_fd_sc_hd__buf_1)
                                         _0126_ (net)
                  0.03    0.00    0.49 ^ _5891_/D (sky130_fd_sc_hd__dfxtp_2)
                                  0.49   data arrival time

                  0.00    0.00    0.00   clock core_clock (rise edge)
                          0.00    0.00   clock network delay (ideal)
                          0.00    0.00   clock reconvergence pessimism
                                  0.00 ^ _5891_/CLK (sky130_fd_sc_hd__dfxtp_2)
                         -0.03   -0.03   library hold time
                                 -0.03   data required time
-----------------------------------------------------------------------------
                                 -0.03   data required time
                                 -0.49   data arrival time
-----------------------------------------------------------------------------
                                  0.52   slack (MET)


Startpoint: _6201_ (rising edge-triggered flip-flop clocked by core_clock)
Endpoint: _6201_ (rising edge-triggered flip-flop clocked by core_clock)
Path Group: core_clock
Path Type: min

Fanout     Cap    Slew   Delay    Time   Description
-----------------------------------------------------------------------------
                  0.00    0.00    0.00   clock core_clock (rise edge)
                          0.00    0.00   clock network delay (ideal)
                  0.00    0.00    0.00 ^ _6201_/CLK (sky130_fd_sc_hd__dfxtp_2)
     2    0.00    0.04    0.29    0.29 ^ _6201_/Q (sky130_fd_sc_hd__dfxtp_2)
                                         reg_file.memory[25][7] (net)
                  0.04    0.00    0.29 ^ _5606_/A1 (sky130_fd_sc_hd__mux2_2)
     1    0.00    0.04    0.13    0.42 ^ _5606_/X (sky130_fd_sc_hd__mux2_2)
                                         _2805_ (net)
                  0.04    0.00    0.42 ^ _5607_/A (sky130_fd_sc_hd__buf_1)
     1    0.00    0.03    0.07    0.49 ^ _5607_/X (sky130_fd_sc_hd__buf_1)
                                         _0436_ (net)
                  0.03    0.00    0.49 ^ _6201_/D (sky130_fd_sc_hd__dfxtp_2)
                                  0.49   data arrival time

                  0.00    0.00    0.00   clock core_clock (rise edge)
                          0.00    0.00   clock network delay (ideal)
                          0.00    0.00   clock reconvergence pessimism
                                  0.00 ^ _6201_/CLK (sky130_fd_sc_hd__dfxtp_2)
                         -0.03   -0.03   library hold time
                                 -0.03   data required time
-----------------------------------------------------------------------------
                                 -0.03   data required time
                                 -0.49   data arrival time
-----------------------------------------------------------------------------
                                  0.52   slack (MET)


Startpoint: _6094_ (rising edge-triggered flip-flop clocked by core_clock)
Endpoint: _6094_ (rising edge-triggered flip-flop clocked by core_clock)
Path Group: core_clock
Path Type: min

Fanout     Cap    Slew   Delay    Time   Description
-----------------------------------------------------------------------------
                  0.00    0.00    0.00   clock core_clock (rise edge)
                          0.00    0.00   clock network delay (ideal)
                  0.00    0.00    0.00 ^ _6094_/CLK (sky130_fd_sc_hd__dfxtp_2)
     2    0.00    0.04    0.29    0.29 ^ _6094_/Q (sky130_fd_sc_hd__dfxtp_2)
                                         reg_file.memory[10][28] (net)
                  0.04    0.00    0.29 ^ _5379_/A0 (sky130_fd_sc_hd__mux2_2)
     1    0.00    0.04    0.13    0.42 ^ _5379_/X (sky130_fd_sc_hd__mux2_2)
                                         _2685_ (net)
                  0.04    0.00    0.42 ^ _5380_/A (sky130_fd_sc_hd__buf_1)
     1    0.00    0.03    0.07    0.49 ^ _5380_/X (sky130_fd_sc_hd__buf_1)
                                         _0329_ (net)
                  0.03    0.00    0.49 ^ _6094_/D (sky130_fd_sc_hd__dfxtp_2)
                                  0.49   data arrival time

                  0.00    0.00    0.00   clock core_clock (rise edge)
                          0.00    0.00   clock network delay (ideal)
                          0.00    0.00   clock reconvergence pessimism
                                  0.00 ^ _6094_/CLK (sky130_fd_sc_hd__dfxtp_2)
                         -0.03   -0.03   library hold time
                                 -0.03   data required time
-----------------------------------------------------------------------------
                                 -0.03   data required time
                                 -0.49   data arrival time
-----------------------------------------------------------------------------
                                  0.52   slack (MET)


Startpoint: _6219_ (rising edge-triggered flip-flop clocked by core_clock)
Endpoint: _6219_ (rising edge-triggered flip-flop clocked by core_clock)
Path Group: core_clock
Path Type: min

Fanout     Cap    Slew   Delay    Time   Description
-----------------------------------------------------------------------------
                  0.00    0.00    0.00   clock core_clock (rise edge)
                          0.00    0.00   clock network delay (ideal)
                  0.00    0.00    0.00 ^ _6219_/CLK (sky130_fd_sc_hd__dfxtp_2)
     2    0.00    0.04    0.29    0.29 ^ _6219_/Q (sky130_fd_sc_hd__dfxtp_2)
                                         reg_file.memory[25][25] (net)
                  0.04    0.00    0.29 ^ _5644_/A1 (sky130_fd_sc_hd__mux2_2)
     1    0.00    0.04    0.13    0.42 ^ _5644_/X (sky130_fd_sc_hd__mux2_2)
                                         _2825_ (net)
                  0.04    0.00    0.42 ^ _5645_/A (sky130_fd_sc_hd__buf_1)
     1    0.00    0.03    0.07    0.49 ^ _5645_/X (sky130_fd_sc_hd__buf_1)
                                         _0454_ (net)
                  0.03    0.00    0.49 ^ _6219_/D (sky130_fd_sc_hd__dfxtp_2)
                                  0.49   data arrival time

                  0.00    0.00    0.00   clock core_clock (rise edge)
                          0.00    0.00   clock network delay (ideal)
                          0.00    0.00   clock reconvergence pessimism
                                  0.00 ^ _6219_/CLK (sky130_fd_sc_hd__dfxtp_2)
                         -0.03   -0.03   library hold time
                                 -0.03   data required time
-----------------------------------------------------------------------------
                                 -0.03   data required time
                                 -0.49   data arrival time
-----------------------------------------------------------------------------
                                  0.52   slack (MET)


Startpoint: _5896_ (rising edge-triggered flip-flop clocked by core_clock)
Endpoint: _5896_ (rising edge-triggered flip-flop clocked by core_clock)
Path Group: core_clock
Path Type: min

Fanout     Cap    Slew   Delay    Time   Description
-----------------------------------------------------------------------------
                  0.00    0.00    0.00   clock core_clock (rise edge)
                          0.00    0.00   clock network delay (ideal)
                  0.00    0.00    0.00 ^ _5896_/CLK (sky130_fd_sc_hd__dfxtp_2)
     2    0.00    0.04    0.29    0.29 ^ _5896_/Q (sky130_fd_sc_hd__dfxtp_2)
                                         reg_file.memory[4][22] (net)
                  0.04    0.00    0.29 ^ _4952_/A1 (sky130_fd_sc_hd__mux2_2)
     1    0.00    0.03    0.13    0.42 ^ _4952_/X (sky130_fd_sc_hd__mux2_2)
                                         _2456_ (net)
                  0.03    0.00    0.42 ^ _4953_/A (sky130_fd_sc_hd__buf_1)
     1    0.00    0.03    0.07    0.49 ^ _4953_/X (sky130_fd_sc_hd__buf_1)
                                         _0131_ (net)
                  0.03    0.00    0.49 ^ _5896_/D (sky130_fd_sc_hd__dfxtp_2)
                                  0.49   data arrival time

                  0.00    0.00    0.00   clock core_clock (rise edge)
                          0.00    0.00   clock network delay (ideal)
                          0.00    0.00   clock reconvergence pessimism
                                  0.00 ^ _5896_/CLK (sky130_fd_sc_hd__dfxtp_2)
                         -0.03   -0.03   library hold time
                                 -0.03   data required time
-----------------------------------------------------------------------------
                                 -0.03   data required time
                                 -0.49   data arrival time
-----------------------------------------------------------------------------
                                  0.52   slack (MET)


Startpoint: _6200_ (rising edge-triggered flip-flop clocked by core_clock)
Endpoint: _6200_ (rising edge-triggered flip-flop clocked by core_clock)
Path Group: core_clock
Path Type: min

Fanout     Cap    Slew   Delay    Time   Description
-----------------------------------------------------------------------------
                  0.00    0.00    0.00   clock core_clock (rise edge)
                          0.00    0.00   clock network delay (ideal)
                  0.00    0.00    0.00 ^ _6200_/CLK (sky130_fd_sc_hd__dfxtp_2)
     2    0.00    0.04    0.29    0.29 ^ _6200_/Q (sky130_fd_sc_hd__dfxtp_2)
                                         reg_file.memory[25][6] (net)
                  0.04    0.00    0.29 ^ _5604_/A1 (sky130_fd_sc_hd__mux2_2)
     1    0.00    0.04    0.13    0.42 ^ _5604_/X (sky130_fd_sc_hd__mux2_2)
                                         _2804_ (net)
                  0.04    0.00    0.42 ^ _5605_/A (sky130_fd_sc_hd__buf_1)
     1    0.00    0.03    0.07    0.49 ^ _5605_/X (sky130_fd_sc_hd__buf_1)
                                         _0435_ (net)
                  0.03    0.00    0.49 ^ _6200_/D (sky130_fd_sc_hd__dfxtp_2)
                                  0.49   data arrival time

                  0.00    0.00    0.00   clock core_clock (rise edge)
                          0.00    0.00   clock network delay (ideal)
                          0.00    0.00   clock reconvergence pessimism
                                  0.00 ^ _6200_/CLK (sky130_fd_sc_hd__dfxtp_2)
                         -0.03   -0.03   library hold time
                                 -0.03   data required time
-----------------------------------------------------------------------------
                                 -0.03   data required time
                                 -0.49   data arrival time
-----------------------------------------------------------------------------
                                  0.52   slack (MET)


Startpoint: _6071_ (rising edge-triggered flip-flop clocked by core_clock)
Endpoint: _6071_ (rising edge-triggered flip-flop clocked by core_clock)
Path Group: core_clock
Path Type: min

Fanout     Cap    Slew   Delay    Time   Description
-----------------------------------------------------------------------------
                  0.00    0.00    0.00   clock core_clock (rise edge)
                          0.00    0.00   clock network delay (ideal)
                  0.00    0.00    0.00 ^ _6071_/CLK (sky130_fd_sc_hd__dfxtp_2)
     2    0.00    0.04    0.29    0.29 ^ _6071_/Q (sky130_fd_sc_hd__dfxtp_2)
                                         reg_file.memory[10][5] (net)
                  0.04    0.00    0.29 ^ _5331_/A0 (sky130_fd_sc_hd__mux2_2)
     1    0.00    0.04    0.13    0.42 ^ _5331_/X (sky130_fd_sc_hd__mux2_2)
                                         _2660_ (net)
                  0.04    0.00    0.42 ^ _5332_/A (sky130_fd_sc_hd__buf_1)
     1    0.00    0.03    0.07    0.49 ^ _5332_/X (sky130_fd_sc_hd__buf_1)
                                         _0306_ (net)
                  0.03    0.00    0.49 ^ _6071_/D (sky130_fd_sc_hd__dfxtp_2)
                                  0.49   data arrival time

                  0.00    0.00    0.00   clock core_clock (rise edge)
                          0.00    0.00   clock network delay (ideal)
                          0.00    0.00   clock reconvergence pessimism
                                  0.00 ^ _6071_/CLK (sky130_fd_sc_hd__dfxtp_2)
                         -0.03   -0.03   library hold time
                                 -0.03   data required time
-----------------------------------------------------------------------------
                                 -0.03   data required time
                                 -0.49   data arrival time
-----------------------------------------------------------------------------
                                  0.52   slack (MET)


Startpoint: _5889_ (rising edge-triggered flip-flop clocked by core_clock)
Endpoint: _5889_ (rising edge-triggered flip-flop clocked by core_clock)
Path Group: core_clock
Path Type: min

Fanout     Cap    Slew   Delay    Time   Description
-----------------------------------------------------------------------------
                  0.00    0.00    0.00   clock core_clock (rise edge)
                          0.00    0.00   clock network delay (ideal)
                  0.00    0.00    0.00 ^ _5889_/CLK (sky130_fd_sc_hd__dfxtp_2)
     2    0.00    0.04    0.29    0.29 ^ _5889_/Q (sky130_fd_sc_hd__dfxtp_2)
                                         reg_file.memory[4][15] (net)
                  0.04    0.00    0.29 ^ _4930_/A1 (sky130_fd_sc_hd__mux2_2)
     1    0.00    0.04    0.13    0.42 ^ _4930_/X (sky130_fd_sc_hd__mux2_2)
                                         _2441_ (net)
                  0.04    0.00    0.42 ^ _4931_/A (sky130_fd_sc_hd__buf_1)
     1    0.00    0.03    0.07    0.49 ^ _4931_/X (sky130_fd_sc_hd__buf_1)
                                         _0124_ (net)
                  0.03    0.00    0.49 ^ _5889_/D (sky130_fd_sc_hd__dfxtp_2)
                                  0.49   data arrival time

                  0.00    0.00    0.00   clock core_clock (rise edge)
                          0.00    0.00   clock network delay (ideal)
                          0.00    0.00   clock reconvergence pessimism
                                  0.00 ^ _5889_/CLK (sky130_fd_sc_hd__dfxtp_2)
                         -0.03   -0.03   library hold time
                                 -0.03   data required time
-----------------------------------------------------------------------------
                                 -0.03   data required time
                                 -0.49   data arrival time
-----------------------------------------------------------------------------
                                  0.52   slack (MET)


Startpoint: _6202_ (rising edge-triggered flip-flop clocked by core_clock)
Endpoint: _6202_ (rising edge-triggered flip-flop clocked by core_clock)
Path Group: core_clock
Path Type: min

Fanout     Cap    Slew   Delay    Time   Description
-----------------------------------------------------------------------------
                  0.00    0.00    0.00   clock core_clock (rise edge)
                          0.00    0.00   clock network delay (ideal)
                  0.00    0.00    0.00 ^ _6202_/CLK (sky130_fd_sc_hd__dfxtp_2)
     2    0.00    0.04    0.29    0.29 ^ _6202_/Q (sky130_fd_sc_hd__dfxtp_2)
                                         reg_file.memory[25][8] (net)
                  0.04    0.00    0.29 ^ _5608_/A1 (sky130_fd_sc_hd__mux2_2)
     1    0.00    0.04    0.13    0.42 ^ _5608_/X (sky130_fd_sc_hd__mux2_2)
                                         _2806_ (net)
                  0.04    0.00    0.42 ^ _5609_/A (sky130_fd_sc_hd__buf_1)
     1    0.00    0.03    0.07    0.49 ^ _5609_/X (sky130_fd_sc_hd__buf_1)
                                         _0437_ (net)
                  0.03    0.00    0.49 ^ _6202_/D (sky130_fd_sc_hd__dfxtp_2)
                                  0.49   data arrival time

                  0.00    0.00    0.00   clock core_clock (rise edge)
                          0.00    0.00   clock network delay (ideal)
                          0.00    0.00   clock reconvergence pessimism
                                  0.00 ^ _6202_/CLK (sky130_fd_sc_hd__dfxtp_2)
                         -0.03   -0.03   library hold time
                                 -0.03   data required time
-----------------------------------------------------------------------------
                                 -0.03   data required time
                                 -0.49   data arrival time
-----------------------------------------------------------------------------
                                  0.52   slack (MET)


Startpoint: _5901_ (rising edge-triggered flip-flop clocked by core_clock)
Endpoint: _5901_ (rising edge-triggered flip-flop clocked by core_clock)
Path Group: core_clock
Path Type: min

Fanout     Cap    Slew   Delay    Time   Description
-----------------------------------------------------------------------------
                  0.00    0.00    0.00   clock core_clock (rise edge)
                          0.00    0.00   clock network delay (ideal)
                  0.00    0.00    0.00 ^ _5901_/CLK (sky130_fd_sc_hd__dfxtp_2)
     2    0.00    0.04    0.29    0.29 ^ _5901_/Q (sky130_fd_sc_hd__dfxtp_2)
                                         reg_file.memory[4][27] (net)
                  0.04    0.00    0.29 ^ _4967_/A1 (sky130_fd_sc_hd__mux2_2)
     1    0.00    0.04    0.13    0.42 ^ _4967_/X (sky130_fd_sc_hd__mux2_2)
                                         _2466_ (net)
                  0.04    0.00    0.42 ^ _4968_/A (sky130_fd_sc_hd__buf_1)
     1    0.00    0.03    0.07    0.49 ^ _4968_/X (sky130_fd_sc_hd__buf_1)
                                         _0136_ (net)
                  0.03    0.00    0.49 ^ _5901_/D (sky130_fd_sc_hd__dfxtp_2)
                                  0.49   data arrival time

                  0.00    0.00    0.00   clock core_clock (rise edge)
                          0.00    0.00   clock network delay (ideal)
                          0.00    0.00   clock reconvergence pessimism
                                  0.00 ^ _5901_/CLK (sky130_fd_sc_hd__dfxtp_2)
                         -0.03   -0.03   library hold time
                                 -0.03   data required time
-----------------------------------------------------------------------------
                                 -0.03   data required time
                                 -0.49   data arrival time
-----------------------------------------------------------------------------
                                  0.52   slack (MET)


Startpoint: _6023_ (rising edge-triggered flip-flop clocked by core_clock)
Endpoint: _6023_ (rising edge-triggered flip-flop clocked by core_clock)
Path Group: core_clock
Path Type: min

Fanout     Cap    Slew   Delay    Time   Description
-----------------------------------------------------------------------------
                  0.00    0.00    0.00   clock core_clock (rise edge)
                          0.00    0.00   clock network delay (ideal)
                  0.00    0.00    0.00 ^ _6023_/CLK (sky130_fd_sc_hd__dfxtp_2)
     2    0.00    0.04    0.29    0.29 ^ _6023_/Q (sky130_fd_sc_hd__dfxtp_2)
                                         reg_file.memory[8][21] (net)
                  0.04    0.00    0.29 ^ _5233_/A0 (sky130_fd_sc_hd__mux2_2)
     1    0.00    0.03    0.13    0.42 ^ _5233_/X (sky130_fd_sc_hd__mux2_2)
                                         _2610_ (net)
                  0.03    0.00    0.42 ^ _5234_/A (sky130_fd_sc_hd__buf_1)
     1    0.00    0.03    0.07    0.49 ^ _5234_/X (sky130_fd_sc_hd__buf_1)
                                         _0258_ (net)
                  0.03    0.00    0.49 ^ _6023_/D (sky130_fd_sc_hd__dfxtp_2)
                                  0.49   data arrival time

                  0.00    0.00    0.00   clock core_clock (rise edge)
                          0.00    0.00   clock network delay (ideal)
                          0.00    0.00   clock reconvergence pessimism
                                  0.00 ^ _6023_/CLK (sky130_fd_sc_hd__dfxtp_2)
                         -0.03   -0.03   library hold time
                                 -0.03   data required time
-----------------------------------------------------------------------------
                                 -0.03   data required time
                                 -0.49   data arrival time
-----------------------------------------------------------------------------
                                  0.52   slack (MET)


Startpoint: _6218_ (rising edge-triggered flip-flop clocked by core_clock)
Endpoint: _6218_ (rising edge-triggered flip-flop clocked by core_clock)
Path Group: core_clock
Path Type: min

Fanout     Cap    Slew   Delay    Time   Description
-----------------------------------------------------------------------------
                  0.00    0.00    0.00   clock core_clock (rise edge)
                          0.00    0.00   clock network delay (ideal)
                  0.00    0.00    0.00 ^ _6218_/CLK (sky130_fd_sc_hd__dfxtp_2)
     2    0.00    0.04    0.29    0.29 ^ _6218_/Q (sky130_fd_sc_hd__dfxtp_2)
                                         reg_file.memory[25][24] (net)
                  0.04    0.00    0.29 ^ _5642_/A1 (sky130_fd_sc_hd__mux2_2)
     1    0.00    0.04    0.13    0.42 ^ _5642_/X (sky130_fd_sc_hd__mux2_2)
                                         _2824_ (net)
                  0.04    0.00    0.42 ^ _5643_/A (sky130_fd_sc_hd__buf_1)
     1    0.00    0.03    0.07    0.49 ^ _5643_/X (sky130_fd_sc_hd__buf_1)
                                         _0453_ (net)
                  0.03    0.00    0.49 ^ _6218_/D (sky130_fd_sc_hd__dfxtp_2)
                                  0.49   data arrival time

                  0.00    0.00    0.00   clock core_clock (rise edge)
                          0.00    0.00   clock network delay (ideal)
                          0.00    0.00   clock reconvergence pessimism
                                  0.00 ^ _6218_/CLK (sky130_fd_sc_hd__dfxtp_2)
                         -0.03   -0.03   library hold time
                                 -0.03   data required time
-----------------------------------------------------------------------------
                                 -0.03   data required time
                                 -0.49   data arrival time
-----------------------------------------------------------------------------
                                  0.52   slack (MET)


Startpoint: _5892_ (rising edge-triggered flip-flop clocked by core_clock)
Endpoint: _5892_ (rising edge-triggered flip-flop clocked by core_clock)
Path Group: core_clock
Path Type: min

Fanout     Cap    Slew   Delay    Time   Description
-----------------------------------------------------------------------------
                  0.00    0.00    0.00   clock core_clock (rise edge)
                          0.00    0.00   clock network delay (ideal)
                  0.00    0.00    0.00 ^ _5892_/CLK (sky130_fd_sc_hd__dfxtp_2)
     2    0.00    0.04    0.29    0.29 ^ _5892_/Q (sky130_fd_sc_hd__dfxtp_2)
                                         reg_file.memory[4][18] (net)
                  0.04    0.00    0.29 ^ _4939_/A1 (sky130_fd_sc_hd__mux2_2)
     1    0.00    0.03    0.13    0.42 ^ _4939_/X (sky130_fd_sc_hd__mux2_2)
                                         _2447_ (net)
                  0.03    0.00    0.42 ^ _4940_/A (sky130_fd_sc_hd__buf_1)
     1    0.00    0.03    0.07    0.49 ^ _4940_/X (sky130_fd_sc_hd__buf_1)
                                         _0127_ (net)
                  0.03    0.00    0.49 ^ _5892_/D (sky130_fd_sc_hd__dfxtp_2)
                                  0.49   data arrival time

                  0.00    0.00    0.00   clock core_clock (rise edge)
                          0.00    0.00   clock network delay (ideal)
                          0.00    0.00   clock reconvergence pessimism
                                  0.00 ^ _5892_/CLK (sky130_fd_sc_hd__dfxtp_2)
                         -0.03   -0.03   library hold time
                                 -0.03   data required time
-----------------------------------------------------------------------------
                                 -0.03   data required time
                                 -0.49   data arrival time
-----------------------------------------------------------------------------
                                  0.52   slack (MET)


Startpoint: _5950_ (rising edge-triggered flip-flop clocked by core_clock)
Endpoint: _5950_ (rising edge-triggered flip-flop clocked by core_clock)
Path Group: core_clock
Path Type: min

Fanout     Cap    Slew   Delay    Time   Description
-----------------------------------------------------------------------------
                  0.00    0.00    0.00   clock core_clock (rise edge)
                          0.00    0.00   clock network delay (ideal)
                  0.00    0.00    0.00 ^ _5950_/CLK (sky130_fd_sc_hd__dfxtp_2)
     2    0.00    0.04    0.29    0.29 ^ _5950_/Q (sky130_fd_sc_hd__dfxtp_2)
                                         reg_file.memory[6][12] (net)
                  0.04    0.00    0.29 ^ _5076_/A1 (sky130_fd_sc_hd__mux2_2)
     1    0.00    0.04    0.13    0.42 ^ _5076_/X (sky130_fd_sc_hd__mux2_2)
                                         _2526_ (net)
                  0.04    0.00    0.42 ^ _5077_/A (sky130_fd_sc_hd__buf_1)
     1    0.00    0.03    0.07    0.49 ^ _5077_/X (sky130_fd_sc_hd__buf_1)
                                         _0185_ (net)
                  0.03    0.00    0.49 ^ _5950_/D (sky130_fd_sc_hd__dfxtp_2)
                                  0.49   data arrival time

                  0.00    0.00    0.00   clock core_clock (rise edge)
                          0.00    0.00   clock network delay (ideal)
                          0.00    0.00   clock reconvergence pessimism
                                  0.00 ^ _5950_/CLK (sky130_fd_sc_hd__dfxtp_2)
                         -0.03   -0.03   library hold time
                                 -0.03   data required time
-----------------------------------------------------------------------------
                                 -0.03   data required time
                                 -0.49   data arrival time
-----------------------------------------------------------------------------
                                  0.52   slack (MET)


Startpoint: _5905_ (rising edge-triggered flip-flop clocked by core_clock)
Endpoint: _5905_ (rising edge-triggered flip-flop clocked by core_clock)
Path Group: core_clock
Path Type: min

Fanout     Cap    Slew   Delay    Time   Description
-----------------------------------------------------------------------------
                  0.00    0.00    0.00   clock core_clock (rise edge)
                          0.00    0.00   clock network delay (ideal)
                  0.00    0.00    0.00 ^ _5905_/CLK (sky130_fd_sc_hd__dfxtp_2)
     2    0.00    0.04    0.29    0.29 ^ _5905_/Q (sky130_fd_sc_hd__dfxtp_2)
                                         reg_file.memory[4][31] (net)
                  0.04    0.00    0.29 ^ _4978_/A1 (sky130_fd_sc_hd__mux2_2)
     1    0.00    0.03    0.13    0.42 ^ _4978_/X (sky130_fd_sc_hd__mux2_2)
                                         _2473_ (net)
                  0.03    0.00    0.42 ^ _4979_/A (sky130_fd_sc_hd__buf_1)
     1    0.00    0.03    0.07    0.49 ^ _4979_/X (sky130_fd_sc_hd__buf_1)
                                         _0140_ (net)
                  0.03    0.00    0.49 ^ _5905_/D (sky130_fd_sc_hd__dfxtp_2)
                                  0.49   data arrival time

                  0.00    0.00    0.00   clock core_clock (rise edge)
                          0.00    0.00   clock network delay (ideal)
                          0.00    0.00   clock reconvergence pessimism
                                  0.00 ^ _5905_/CLK (sky130_fd_sc_hd__dfxtp_2)
                         -0.03   -0.03   library hold time
                                 -0.03   data required time
-----------------------------------------------------------------------------
                                 -0.03   data required time
                                 -0.49   data arrival time
-----------------------------------------------------------------------------
                                  0.52   slack (MET)


Startpoint: _6091_ (rising edge-triggered flip-flop clocked by core_clock)
Endpoint: _6091_ (rising edge-triggered flip-flop clocked by core_clock)
Path Group: core_clock
Path Type: min

Fanout     Cap    Slew   Delay    Time   Description
-----------------------------------------------------------------------------
                  0.00    0.00    0.00   clock core_clock (rise edge)
                          0.00    0.00   clock network delay (ideal)
                  0.00    0.00    0.00 ^ _6091_/CLK (sky130_fd_sc_hd__dfxtp_2)
     2    0.00    0.04    0.29    0.29 ^ _6091_/Q (sky130_fd_sc_hd__dfxtp_2)
                                         reg_file.memory[10][25] (net)
                  0.04    0.00    0.29 ^ _5373_/A0 (sky130_fd_sc_hd__mux2_2)
     1    0.00    0.04    0.13    0.42 ^ _5373_/X (sky130_fd_sc_hd__mux2_2)
                                         _2682_ (net)
                  0.04    0.00    0.42 ^ _5374_/A (sky130_fd_sc_hd__buf_1)
     1    0.00    0.03    0.07    0.49 ^ _5374_/X (sky130_fd_sc_hd__buf_1)
                                         _0326_ (net)
                  0.03    0.00    0.49 ^ _6091_/D (sky130_fd_sc_hd__dfxtp_2)
                                  0.49   data arrival time

                  0.00    0.00    0.00   clock core_clock (rise edge)
                          0.00    0.00   clock network delay (ideal)
                          0.00    0.00   clock reconvergence pessimism
                                  0.00 ^ _6091_/CLK (sky130_fd_sc_hd__dfxtp_2)
                         -0.03   -0.03   library hold time
                                 -0.03   data required time
-----------------------------------------------------------------------------
                                 -0.03   data required time
                                 -0.49   data arrival time
-----------------------------------------------------------------------------
                                  0.52   slack (MET)


Startpoint: _5946_ (rising edge-triggered flip-flop clocked by core_clock)
Endpoint: _5946_ (rising edge-triggered flip-flop clocked by core_clock)
Path Group: core_clock
Path Type: min

Fanout     Cap    Slew   Delay    Time   Description
-----------------------------------------------------------------------------
                  0.00    0.00    0.00   clock core_clock (rise edge)
                          0.00    0.00   clock network delay (ideal)
                  0.00    0.00    0.00 ^ _5946_/CLK (sky130_fd_sc_hd__dfxtp_2)
     2    0.00    0.04    0.29    0.29 ^ _5946_/Q (sky130_fd_sc_hd__dfxtp_2)
                                         reg_file.memory[6][8] (net)
                  0.04    0.00    0.29 ^ _5067_/A1 (sky130_fd_sc_hd__mux2_2)
     1    0.00    0.04    0.13    0.42 ^ _5067_/X (sky130_fd_sc_hd__mux2_2)
                                         _2521_ (net)
                  0.04    0.00    0.42 ^ _5068_/A (sky130_fd_sc_hd__buf_1)
     1    0.00    0.03    0.07    0.49 ^ _5068_/X (sky130_fd_sc_hd__buf_1)
                                         _0181_ (net)
                  0.03    0.00    0.49 ^ _5946_/D (sky130_fd_sc_hd__dfxtp_2)
                                  0.49   data arrival time

                  0.00    0.00    0.00   clock core_clock (rise edge)
                          0.00    0.00   clock network delay (ideal)
                          0.00    0.00   clock reconvergence pessimism
                                  0.00 ^ _5946_/CLK (sky130_fd_sc_hd__dfxtp_2)
                         -0.03   -0.03   library hold time
                                 -0.03   data required time
-----------------------------------------------------------------------------
                                 -0.03   data required time
                                 -0.49   data arrival time
-----------------------------------------------------------------------------
                                  0.52   slack (MET)


Startpoint: _6212_ (rising edge-triggered flip-flop clocked by core_clock)
Endpoint: _6212_ (rising edge-triggered flip-flop clocked by core_clock)
Path Group: core_clock
Path Type: min

Fanout     Cap    Slew   Delay    Time   Description
-----------------------------------------------------------------------------
                  0.00    0.00    0.00   clock core_clock (rise edge)
                          0.00    0.00   clock network delay (ideal)
                  0.00    0.00    0.00 ^ _6212_/CLK (sky130_fd_sc_hd__dfxtp_2)
     2    0.00    0.04    0.29    0.29 ^ _6212_/Q (sky130_fd_sc_hd__dfxtp_2)
                                         reg_file.memory[25][18] (net)
                  0.04    0.00    0.29 ^ _5629_/A1 (sky130_fd_sc_hd__mux2_2)
     1    0.00    0.04    0.13    0.42 ^ _5629_/X (sky130_fd_sc_hd__mux2_2)
                                         _2817_ (net)
                  0.04    0.00    0.42 ^ _5630_/A (sky130_fd_sc_hd__buf_1)
     1    0.00    0.03    0.07    0.49 ^ _5630_/X (sky130_fd_sc_hd__buf_1)
                                         _0447_ (net)
                  0.03    0.00    0.49 ^ _6212_/D (sky130_fd_sc_hd__dfxtp_2)
                                  0.49   data arrival time

                  0.00    0.00    0.00   clock core_clock (rise edge)
                          0.00    0.00   clock network delay (ideal)
                          0.00    0.00   clock reconvergence pessimism
                                  0.00 ^ _6212_/CLK (sky130_fd_sc_hd__dfxtp_2)
                         -0.03   -0.03   library hold time
                                 -0.03   data required time
-----------------------------------------------------------------------------
                                 -0.03   data required time
                                 -0.49   data arrival time
-----------------------------------------------------------------------------
                                  0.52   slack (MET)


Startpoint: _6073_ (rising edge-triggered flip-flop clocked by core_clock)
Endpoint: _6073_ (rising edge-triggered flip-flop clocked by core_clock)
Path Group: core_clock
Path Type: min

Fanout     Cap    Slew   Delay    Time   Description
-----------------------------------------------------------------------------
                  0.00    0.00    0.00   clock core_clock (rise edge)
                          0.00    0.00   clock network delay (ideal)
                  0.00    0.00    0.00 ^ _6073_/CLK (sky130_fd_sc_hd__dfxtp_2)
     2    0.00    0.04    0.29    0.29 ^ _6073_/Q (sky130_fd_sc_hd__dfxtp_2)
                                         reg_file.memory[10][7] (net)
                  0.04    0.00    0.29 ^ _5335_/A0 (sky130_fd_sc_hd__mux2_2)
     1    0.00    0.04    0.13    0.42 ^ _5335_/X (sky130_fd_sc_hd__mux2_2)
                                         _2662_ (net)
                  0.04    0.00    0.42 ^ _5336_/A (sky130_fd_sc_hd__buf_1)
     1    0.00    0.03    0.07    0.49 ^ _5336_/X (sky130_fd_sc_hd__buf_1)
                                         _0308_ (net)
                  0.03    0.00    0.49 ^ _6073_/D (sky130_fd_sc_hd__dfxtp_2)
                                  0.49   data arrival time

                  0.00    0.00    0.00   clock core_clock (rise edge)
                          0.00    0.00   clock network delay (ideal)
                          0.00    0.00   clock reconvergence pessimism
                                  0.00 ^ _6073_/CLK (sky130_fd_sc_hd__dfxtp_2)
                         -0.03   -0.03   library hold time
                                 -0.03   data required time
-----------------------------------------------------------------------------
                                 -0.03   data required time
                                 -0.49   data arrival time
-----------------------------------------------------------------------------
                                  0.52   slack (MET)


Startpoint: _5884_ (rising edge-triggered flip-flop clocked by core_clock)
Endpoint: _5884_ (rising edge-triggered flip-flop clocked by core_clock)
Path Group: core_clock
Path Type: min

Fanout     Cap    Slew   Delay    Time   Description
-----------------------------------------------------------------------------
                  0.00    0.00    0.00   clock core_clock (rise edge)
                          0.00    0.00   clock network delay (ideal)
                  0.00    0.00    0.00 ^ _5884_/CLK (sky130_fd_sc_hd__dfxtp_2)
     2    0.00    0.04    0.29    0.29 ^ _5884_/Q (sky130_fd_sc_hd__dfxtp_2)
                                         reg_file.memory[4][10] (net)
                  0.04    0.00    0.29 ^ _4915_/A1 (sky130_fd_sc_hd__mux2_2)
     1    0.00    0.04    0.13    0.42 ^ _4915_/X (sky130_fd_sc_hd__mux2_2)
                                         _2431_ (net)
                  0.04    0.00    0.42 ^ _4916_/A (sky130_fd_sc_hd__buf_1)
     1    0.00    0.03    0.07    0.49 ^ _4916_/X (sky130_fd_sc_hd__buf_1)
                                         _0119_ (net)
                  0.03    0.00    0.49 ^ _5884_/D (sky130_fd_sc_hd__dfxtp_2)
                                  0.49   data arrival time

                  0.00    0.00    0.00   clock core_clock (rise edge)
                          0.00    0.00   clock network delay (ideal)
                          0.00    0.00   clock reconvergence pessimism
                                  0.00 ^ _5884_/CLK (sky130_fd_sc_hd__dfxtp_2)
                         -0.03   -0.03   library hold time
                                 -0.03   data required time
-----------------------------------------------------------------------------
                                 -0.03   data required time
                                 -0.49   data arrival time
-----------------------------------------------------------------------------
                                  0.52   slack (MET)


Startpoint: _6223_ (rising edge-triggered flip-flop clocked by core_clock)
Endpoint: _6223_ (rising edge-triggered flip-flop clocked by core_clock)
Path Group: core_clock
Path Type: min

Fanout     Cap    Slew   Delay    Time   Description
-----------------------------------------------------------------------------
                  0.00    0.00    0.00   clock core_clock (rise edge)
                          0.00    0.00   clock network delay (ideal)
                  0.00    0.00    0.00 ^ _6223_/CLK (sky130_fd_sc_hd__dfxtp_2)
     2    0.00    0.04    0.29    0.29 ^ _6223_/Q (sky130_fd_sc_hd__dfxtp_2)
                                         reg_file.memory[25][29] (net)
                  0.04    0.00    0.29 ^ _5652_/A1 (sky130_fd_sc_hd__mux2_2)
     1    0.00    0.04    0.13    0.42 ^ _5652_/X (sky130_fd_sc_hd__mux2_2)
                                         _2829_ (net)
                  0.04    0.00    0.42 ^ _5653_/A (sky130_fd_sc_hd__buf_1)
     1    0.00    0.03    0.07    0.49 ^ _5653_/X (sky130_fd_sc_hd__buf_1)
                                         _0458_ (net)
                  0.03    0.00    0.49 ^ _6223_/D (sky130_fd_sc_hd__dfxtp_2)
                                  0.49   data arrival time

                  0.00    0.00    0.00   clock core_clock (rise edge)
                          0.00    0.00   clock network delay (ideal)
                          0.00    0.00   clock reconvergence pessimism
                                  0.00 ^ _6223_/CLK (sky130_fd_sc_hd__dfxtp_2)
                         -0.03   -0.03   library hold time
                                 -0.03   data required time
-----------------------------------------------------------------------------
                                 -0.03   data required time
                                 -0.49   data arrival time
-----------------------------------------------------------------------------
                                  0.52   slack (MET)


Startpoint: _6020_ (rising edge-triggered flip-flop clocked by core_clock)
Endpoint: _6020_ (rising edge-triggered flip-flop clocked by core_clock)
Path Group: core_clock
Path Type: min

Fanout     Cap    Slew   Delay    Time   Description
-----------------------------------------------------------------------------
                  0.00    0.00    0.00   clock core_clock (rise edge)
                          0.00    0.00   clock network delay (ideal)
                  0.00    0.00    0.00 ^ _6020_/CLK (sky130_fd_sc_hd__dfxtp_2)
     2    0.00    0.04    0.29    0.29 ^ _6020_/Q (sky130_fd_sc_hd__dfxtp_2)
                                         reg_file.memory[8][18] (net)
                  0.04    0.00    0.29 ^ _5226_/A0 (sky130_fd_sc_hd__mux2_2)
     1    0.00    0.03    0.13    0.42 ^ _5226_/X (sky130_fd_sc_hd__mux2_2)
                                         _2606_ (net)
                  0.03    0.00    0.42 ^ _5227_/A (sky130_fd_sc_hd__buf_1)
     1    0.00    0.03    0.07    0.49 ^ _5227_/X (sky130_fd_sc_hd__buf_1)
                                         _0255_ (net)
                  0.03    0.00    0.49 ^ _6020_/D (sky130_fd_sc_hd__dfxtp_2)
                                  0.49   data arrival time

                  0.00    0.00    0.00   clock core_clock (rise edge)
                          0.00    0.00   clock network delay (ideal)
                          0.00    0.00   clock reconvergence pessimism
                                  0.00 ^ _6020_/CLK (sky130_fd_sc_hd__dfxtp_2)
                         -0.03   -0.03   library hold time
                                 -0.03   data required time
-----------------------------------------------------------------------------
                                 -0.03   data required time
                                 -0.49   data arrival time
-----------------------------------------------------------------------------
                                  0.52   slack (MET)


Startpoint: _6075_ (rising edge-triggered flip-flop clocked by core_clock)
Endpoint: _6075_ (rising edge-triggered flip-flop clocked by core_clock)
Path Group: core_clock
Path Type: min

Fanout     Cap    Slew   Delay    Time   Description
-----------------------------------------------------------------------------
                  0.00    0.00    0.00   clock core_clock (rise edge)
                          0.00    0.00   clock network delay (ideal)
                  0.00    0.00    0.00 ^ _6075_/CLK (sky130_fd_sc_hd__dfxtp_2)
     2    0.00    0.04    0.29    0.29 ^ _6075_/Q (sky130_fd_sc_hd__dfxtp_2)
                                         reg_file.memory[10][9] (net)
                  0.04    0.00    0.29 ^ _5339_/A0 (sky130_fd_sc_hd__mux2_2)
     1    0.00    0.04    0.13    0.42 ^ _5339_/X (sky130_fd_sc_hd__mux2_2)
                                         _2664_ (net)
                  0.04    0.00    0.42 ^ _5340_/A (sky130_fd_sc_hd__buf_1)
     1    0.00    0.03    0.07    0.49 ^ _5340_/X (sky130_fd_sc_hd__buf_1)
                                         _0310_ (net)
                  0.03    0.00    0.49 ^ _6075_/D (sky130_fd_sc_hd__dfxtp_2)
                                  0.49   data arrival time

                  0.00    0.00    0.00   clock core_clock (rise edge)
                          0.00    0.00   clock network delay (ideal)
                          0.00    0.00   clock reconvergence pessimism
                                  0.00 ^ _6075_/CLK (sky130_fd_sc_hd__dfxtp_2)
                         -0.03   -0.03   library hold time
                                 -0.03   data required time
-----------------------------------------------------------------------------
                                 -0.03   data required time
                                 -0.49   data arrival time
-----------------------------------------------------------------------------
                                  0.52   slack (MET)


Startpoint: _5888_ (rising edge-triggered flip-flop clocked by core_clock)
Endpoint: _5888_ (rising edge-triggered flip-flop clocked by core_clock)
Path Group: core_clock
Path Type: min

Fanout     Cap    Slew   Delay    Time   Description
-----------------------------------------------------------------------------
                  0.00    0.00    0.00   clock core_clock (rise edge)
                          0.00    0.00   clock network delay (ideal)
                  0.00    0.00    0.00 ^ _5888_/CLK (sky130_fd_sc_hd__dfxtp_2)
     2    0.00    0.04    0.29    0.29 ^ _5888_/Q (sky130_fd_sc_hd__dfxtp_2)
                                         reg_file.memory[4][14] (net)
                  0.04    0.00    0.29 ^ _4927_/A1 (sky130_fd_sc_hd__mux2_2)
     1    0.00    0.04    0.13    0.42 ^ _4927_/X (sky130_fd_sc_hd__mux2_2)
                                         _2439_ (net)
                  0.04    0.00    0.42 ^ _4928_/A (sky130_fd_sc_hd__buf_1)
     1    0.00    0.03    0.07    0.49 ^ _4928_/X (sky130_fd_sc_hd__buf_1)
                                         _0123_ (net)
                  0.03    0.00    0.49 ^ _5888_/D (sky130_fd_sc_hd__dfxtp_2)
                                  0.49   data arrival time

                  0.00    0.00    0.00   clock core_clock (rise edge)
                          0.00    0.00   clock network delay (ideal)
                          0.00    0.00   clock reconvergence pessimism
                                  0.00 ^ _5888_/CLK (sky130_fd_sc_hd__dfxtp_2)
                         -0.03   -0.03   library hold time
                                 -0.03   data required time
-----------------------------------------------------------------------------
                                 -0.03   data required time
                                 -0.49   data arrival time
-----------------------------------------------------------------------------
                                  0.52   slack (MET)


Startpoint: _6216_ (rising edge-triggered flip-flop clocked by core_clock)
Endpoint: _6216_ (rising edge-triggered flip-flop clocked by core_clock)
Path Group: core_clock
Path Type: min

Fanout     Cap    Slew   Delay    Time   Description
-----------------------------------------------------------------------------
                  0.00    0.00    0.00   clock core_clock (rise edge)
                          0.00    0.00   clock network delay (ideal)
                  0.00    0.00    0.00 ^ _6216_/CLK (sky130_fd_sc_hd__dfxtp_2)
     2    0.00    0.04    0.29    0.29 ^ _6216_/Q (sky130_fd_sc_hd__dfxtp_2)
                                         reg_file.memory[25][22] (net)
                  0.04    0.00    0.29 ^ _5638_/A1 (sky130_fd_sc_hd__mux2_2)
     1    0.00    0.04    0.13    0.42 ^ _5638_/X (sky130_fd_sc_hd__mux2_2)
                                         _2822_ (net)
                  0.04    0.00    0.42 ^ _5639_/A (sky130_fd_sc_hd__buf_1)
     1    0.00    0.03    0.07    0.49 ^ _5639_/X (sky130_fd_sc_hd__buf_1)
                                         _0451_ (net)
                  0.03    0.00    0.49 ^ _6216_/D (sky130_fd_sc_hd__dfxtp_2)
                                  0.49   data arrival time

                  0.00    0.00    0.00   clock core_clock (rise edge)
                          0.00    0.00   clock network delay (ideal)
                          0.00    0.00   clock reconvergence pessimism
                                  0.00 ^ _6216_/CLK (sky130_fd_sc_hd__dfxtp_2)
                         -0.03   -0.03   library hold time
                                 -0.03   data required time
-----------------------------------------------------------------------------
                                 -0.03   data required time
                                 -0.49   data arrival time
-----------------------------------------------------------------------------
                                  0.52   slack (MET)


Startpoint: _6211_ (rising edge-triggered flip-flop clocked by core_clock)
Endpoint: _6211_ (rising edge-triggered flip-flop clocked by core_clock)
Path Group: core_clock
Path Type: min

Fanout     Cap    Slew   Delay    Time   Description
-----------------------------------------------------------------------------
                  0.00    0.00    0.00   clock core_clock (rise edge)
                          0.00    0.00   clock network delay (ideal)
                  0.00    0.00    0.00 ^ _6211_/CLK (sky130_fd_sc_hd__dfxtp_2)
     2    0.00    0.04    0.29    0.29 ^ _6211_/Q (sky130_fd_sc_hd__dfxtp_2)
                                         reg_file.memory[25][17] (net)
                  0.04    0.00    0.29 ^ _5627_/A1 (sky130_fd_sc_hd__mux2_2)
     1    0.00    0.04    0.13    0.42 ^ _5627_/X (sky130_fd_sc_hd__mux2_2)
                                         _2816_ (net)
                  0.04    0.00    0.42 ^ _5628_/A (sky130_fd_sc_hd__buf_1)
     1    0.00    0.03    0.07    0.49 ^ _5628_/X (sky130_fd_sc_hd__buf_1)
                                         _0446_ (net)
                  0.03    0.00    0.49 ^ _6211_/D (sky130_fd_sc_hd__dfxtp_2)
                                  0.49   data arrival time

                  0.00    0.00    0.00   clock core_clock (rise edge)
                          0.00    0.00   clock network delay (ideal)
                          0.00    0.00   clock reconvergence pessimism
                                  0.00 ^ _6211_/CLK (sky130_fd_sc_hd__dfxtp_2)
                         -0.03   -0.03   library hold time
                                 -0.03   data required time
-----------------------------------------------------------------------------
                                 -0.03   data required time
                                 -0.49   data arrival time
-----------------------------------------------------------------------------
                                  0.52   slack (MET)


Startpoint: _5965_ (rising edge-triggered flip-flop clocked by core_clock)
Endpoint: _5965_ (rising edge-triggered flip-flop clocked by core_clock)
Path Group: core_clock
Path Type: min

Fanout     Cap    Slew   Delay    Time   Description
-----------------------------------------------------------------------------
                  0.00    0.00    0.00   clock core_clock (rise edge)
                          0.00    0.00   clock network delay (ideal)
                  0.00    0.00    0.00 ^ _5965_/CLK (sky130_fd_sc_hd__dfxtp_2)
     2    0.00    0.04    0.29    0.29 ^ _5965_/Q (sky130_fd_sc_hd__dfxtp_2)
                                         reg_file.memory[6][27] (net)
                  0.04    0.00    0.29 ^ _5107_/A1 (sky130_fd_sc_hd__mux2_2)
     1    0.00    0.04    0.13    0.42 ^ _5107_/X (sky130_fd_sc_hd__mux2_2)
                                         _2542_ (net)
                  0.04    0.00    0.42 ^ _5108_/A (sky130_fd_sc_hd__buf_1)
     1    0.00    0.03    0.07    0.49 ^ _5108_/X (sky130_fd_sc_hd__buf_1)
                                         _0200_ (net)
                  0.03    0.00    0.49 ^ _5965_/D (sky130_fd_sc_hd__dfxtp_2)
                                  0.49   data arrival time

                  0.00    0.00    0.00   clock core_clock (rise edge)
                          0.00    0.00   clock network delay (ideal)
                          0.00    0.00   clock reconvergence pessimism
                                  0.00 ^ _5965_/CLK (sky130_fd_sc_hd__dfxtp_2)
                         -0.03   -0.03   library hold time
                                 -0.03   data required time
-----------------------------------------------------------------------------
                                 -0.03   data required time
                                 -0.49   data arrival time
-----------------------------------------------------------------------------
                                  0.52   slack (MET)


Startpoint: _6083_ (rising edge-triggered flip-flop clocked by core_clock)
Endpoint: _6083_ (rising edge-triggered flip-flop clocked by core_clock)
Path Group: core_clock
Path Type: min

Fanout     Cap    Slew   Delay    Time   Description
-----------------------------------------------------------------------------
                  0.00    0.00    0.00   clock core_clock (rise edge)
                          0.00    0.00   clock network delay (ideal)
                  0.00    0.00    0.00 ^ _6083_/CLK (sky130_fd_sc_hd__dfxtp_2)
     2    0.00    0.04    0.29    0.29 ^ _6083_/Q (sky130_fd_sc_hd__dfxtp_2)
                                         reg_file.memory[10][17] (net)
                  0.04    0.00    0.29 ^ _5356_/A0 (sky130_fd_sc_hd__mux2_2)
     1    0.00    0.04    0.13    0.42 ^ _5356_/X (sky130_fd_sc_hd__mux2_2)
                                         _2673_ (net)
                  0.04    0.00    0.42 ^ _5357_/A (sky130_fd_sc_hd__buf_1)
     1    0.00    0.03    0.07    0.49 ^ _5357_/X (sky130_fd_sc_hd__buf_1)
                                         _0318_ (net)
                  0.03    0.00    0.49 ^ _6083_/D (sky130_fd_sc_hd__dfxtp_2)
                                  0.49   data arrival time

                  0.00    0.00    0.00   clock core_clock (rise edge)
                          0.00    0.00   clock network delay (ideal)
                          0.00    0.00   clock reconvergence pessimism
                                  0.00 ^ _6083_/CLK (sky130_fd_sc_hd__dfxtp_2)
                         -0.03   -0.03   library hold time
                                 -0.03   data required time
-----------------------------------------------------------------------------
                                 -0.03   data required time
                                 -0.49   data arrival time
-----------------------------------------------------------------------------
                                  0.52   slack (MET)


Startpoint: _6026_ (rising edge-triggered flip-flop clocked by core_clock)
Endpoint: _6026_ (rising edge-triggered flip-flop clocked by core_clock)
Path Group: core_clock
Path Type: min

Fanout     Cap    Slew   Delay    Time   Description
-----------------------------------------------------------------------------
                  0.00    0.00    0.00   clock core_clock (rise edge)
                          0.00    0.00   clock network delay (ideal)
                  0.00    0.00    0.00 ^ _6026_/CLK (sky130_fd_sc_hd__dfxtp_2)
     2    0.00    0.04    0.29    0.29 ^ _6026_/Q (sky130_fd_sc_hd__dfxtp_2)
                                         reg_file.memory[8][24] (net)
                  0.04    0.00    0.29 ^ _5239_/A0 (sky130_fd_sc_hd__mux2_2)
     1    0.00    0.03    0.13    0.42 ^ _5239_/X (sky130_fd_sc_hd__mux2_2)
                                         _2613_ (net)
                  0.03    0.00    0.42 ^ _5240_/A (sky130_fd_sc_hd__buf_1)
     1    0.00    0.03    0.07    0.49 ^ _5240_/X (sky130_fd_sc_hd__buf_1)
                                         _0261_ (net)
                  0.03    0.00    0.49 ^ _6026_/D (sky130_fd_sc_hd__dfxtp_2)
                                  0.49   data arrival time

                  0.00    0.00    0.00   clock core_clock (rise edge)
                          0.00    0.00   clock network delay (ideal)
                          0.00    0.00   clock reconvergence pessimism
                                  0.00 ^ _6026_/CLK (sky130_fd_sc_hd__dfxtp_2)
                         -0.03   -0.03   library hold time
                                 -0.03   data required time
-----------------------------------------------------------------------------
                                 -0.03   data required time
                                 -0.49   data arrival time
-----------------------------------------------------------------------------
                                  0.52   slack (MET)


Startpoint: _5938_ (rising edge-triggered flip-flop clocked by core_clock)
Endpoint: _5938_ (rising edge-triggered flip-flop clocked by core_clock)
Path Group: core_clock
Path Type: min

Fanout     Cap    Slew   Delay    Time   Description
-----------------------------------------------------------------------------
                  0.00    0.00    0.00   clock core_clock (rise edge)
                          0.00    0.00   clock network delay (ideal)
                  0.00    0.00    0.00 ^ _5938_/CLK (sky130_fd_sc_hd__dfxtp_2)
     2    0.00    0.04    0.29    0.29 ^ _5938_/Q (sky130_fd_sc_hd__dfxtp_2)
                                         reg_file.memory[6][0] (net)
                  0.04    0.00    0.29 ^ _5051_/A1 (sky130_fd_sc_hd__mux2_2)
     1    0.00    0.04    0.13    0.42 ^ _5051_/X (sky130_fd_sc_hd__mux2_2)
                                         _2513_ (net)
                  0.04    0.00    0.42 ^ _5052_/A (sky130_fd_sc_hd__buf_1)
     1    0.00    0.03    0.07    0.49 ^ _5052_/X (sky130_fd_sc_hd__buf_1)
                                         _0173_ (net)
                  0.03    0.00    0.49 ^ _5938_/D (sky130_fd_sc_hd__dfxtp_2)
                                  0.49   data arrival time

                  0.00    0.00    0.00   clock core_clock (rise edge)
                          0.00    0.00   clock network delay (ideal)
                          0.00    0.00   clock reconvergence pessimism
                                  0.00 ^ _5938_/CLK (sky130_fd_sc_hd__dfxtp_2)
                         -0.03   -0.03   library hold time
                                 -0.03   data required time
-----------------------------------------------------------------------------
                                 -0.03   data required time
                                 -0.49   data arrival time
-----------------------------------------------------------------------------
                                  0.52   slack (MET)


Startpoint: _5899_ (rising edge-triggered flip-flop clocked by core_clock)
Endpoint: _5899_ (rising edge-triggered flip-flop clocked by core_clock)
Path Group: core_clock
Path Type: min

Fanout     Cap    Slew   Delay    Time   Description
-----------------------------------------------------------------------------
                  0.00    0.00    0.00   clock core_clock (rise edge)
                          0.00    0.00   clock network delay (ideal)
                  0.00    0.00    0.00 ^ _5899_/CLK (sky130_fd_sc_hd__dfxtp_2)
     2    0.00    0.04    0.29    0.29 ^ _5899_/Q (sky130_fd_sc_hd__dfxtp_2)
                                         reg_file.memory[4][25] (net)
                  0.04    0.00    0.29 ^ _4961_/A1 (sky130_fd_sc_hd__mux2_2)
     1    0.00    0.04    0.13    0.42 ^ _4961_/X (sky130_fd_sc_hd__mux2_2)
                                         _2462_ (net)
                  0.04    0.00    0.42 ^ _4962_/A (sky130_fd_sc_hd__buf_1)
     1    0.00    0.03    0.07    0.49 ^ _4962_/X (sky130_fd_sc_hd__buf_1)
                                         _0134_ (net)
                  0.03    0.00    0.49 ^ _5899_/D (sky130_fd_sc_hd__dfxtp_2)
                                  0.49   data arrival time

                  0.00    0.00    0.00   clock core_clock (rise edge)
                          0.00    0.00   clock network delay (ideal)
                          0.00    0.00   clock reconvergence pessimism
                                  0.00 ^ _5899_/CLK (sky130_fd_sc_hd__dfxtp_2)
                         -0.03   -0.03   library hold time
                                 -0.03   data required time
-----------------------------------------------------------------------------
                                 -0.03   data required time
                                 -0.49   data arrival time
-----------------------------------------------------------------------------
                                  0.52   slack (MET)


Startpoint: _5887_ (rising edge-triggered flip-flop clocked by core_clock)
Endpoint: _5887_ (rising edge-triggered flip-flop clocked by core_clock)
Path Group: core_clock
Path Type: min

Fanout     Cap    Slew   Delay    Time   Description
-----------------------------------------------------------------------------
                  0.00    0.00    0.00   clock core_clock (rise edge)
                          0.00    0.00   clock network delay (ideal)
                  0.00    0.00    0.00 ^ _5887_/CLK (sky130_fd_sc_hd__dfxtp_2)
     2    0.00    0.04    0.29    0.29 ^ _5887_/Q (sky130_fd_sc_hd__dfxtp_2)
                                         reg_file.memory[4][13] (net)
                  0.04    0.00    0.29 ^ _4924_/A1 (sky130_fd_sc_hd__mux2_2)
     1    0.00    0.04    0.13    0.42 ^ _4924_/X (sky130_fd_sc_hd__mux2_2)
                                         _2437_ (net)
                  0.04    0.00    0.42 ^ _4925_/A (sky130_fd_sc_hd__buf_1)
     1    0.00    0.03    0.07    0.49 ^ _4925_/X (sky130_fd_sc_hd__buf_1)
                                         _0122_ (net)
                  0.03    0.00    0.49 ^ _5887_/D (sky130_fd_sc_hd__dfxtp_2)
                                  0.49   data arrival time

                  0.00    0.00    0.00   clock core_clock (rise edge)
                          0.00    0.00   clock network delay (ideal)
                          0.00    0.00   clock reconvergence pessimism
                                  0.00 ^ _5887_/CLK (sky130_fd_sc_hd__dfxtp_2)
                         -0.03   -0.03   library hold time
                                 -0.03   data required time
-----------------------------------------------------------------------------
                                 -0.03   data required time
                                 -0.49   data arrival time
-----------------------------------------------------------------------------
                                  0.52   slack (MET)


Startpoint: _6092_ (rising edge-triggered flip-flop clocked by core_clock)
Endpoint: _6092_ (rising edge-triggered flip-flop clocked by core_clock)
Path Group: core_clock
Path Type: min

Fanout     Cap    Slew   Delay    Time   Description
-----------------------------------------------------------------------------
                  0.00    0.00    0.00   clock core_clock (rise edge)
                          0.00    0.00   clock network delay (ideal)
                  0.00    0.00    0.00 ^ _6092_/CLK (sky130_fd_sc_hd__dfxtp_2)
     2    0.00    0.04    0.29    0.29 ^ _6092_/Q (sky130_fd_sc_hd__dfxtp_2)
                                         reg_file.memory[10][26] (net)
                  0.04    0.00    0.29 ^ _5375_/A0 (sky130_fd_sc_hd__mux2_2)
     1    0.00    0.04    0.13    0.42 ^ _5375_/X (sky130_fd_sc_hd__mux2_2)
                                         _2683_ (net)
                  0.04    0.00    0.42 ^ _5376_/A (sky130_fd_sc_hd__buf_1)
     1    0.00    0.03    0.07    0.49 ^ _5376_/X (sky130_fd_sc_hd__buf_1)
                                         _0327_ (net)
                  0.03    0.00    0.49 ^ _6092_/D (sky130_fd_sc_hd__dfxtp_2)
                                  0.49   data arrival time

                  0.00    0.00    0.00   clock core_clock (rise edge)
                          0.00    0.00   clock network delay (ideal)
                          0.00    0.00   clock reconvergence pessimism
                                  0.00 ^ _6092_/CLK (sky130_fd_sc_hd__dfxtp_2)
                         -0.03   -0.03   library hold time
                                 -0.03   data required time
-----------------------------------------------------------------------------
                                 -0.03   data required time
                                 -0.49   data arrival time
-----------------------------------------------------------------------------
                                  0.52   slack (MET)


Startpoint: _6074_ (rising edge-triggered flip-flop clocked by core_clock)
Endpoint: _6074_ (rising edge-triggered flip-flop clocked by core_clock)
Path Group: core_clock
Path Type: min

Fanout     Cap    Slew   Delay    Time   Description
-----------------------------------------------------------------------------
                  0.00    0.00    0.00   clock core_clock (rise edge)
                          0.00    0.00   clock network delay (ideal)
                  0.00    0.00    0.00 ^ _6074_/CLK (sky130_fd_sc_hd__dfxtp_2)
     2    0.00    0.04    0.29    0.29 ^ _6074_/Q (sky130_fd_sc_hd__dfxtp_2)
                                         reg_file.memory[10][8] (net)
                  0.04    0.00    0.29 ^ _5337_/A0 (sky130_fd_sc_hd__mux2_2)
     1    0.00    0.04    0.13    0.42 ^ _5337_/X (sky130_fd_sc_hd__mux2_2)
                                         _2663_ (net)
                  0.04    0.00    0.42 ^ _5338_/A (sky130_fd_sc_hd__buf_1)
     1    0.00    0.03    0.07    0.49 ^ _5338_/X (sky130_fd_sc_hd__buf_1)
                                         _0309_ (net)
                  0.03    0.00    0.49 ^ _6074_/D (sky130_fd_sc_hd__dfxtp_2)
                                  0.49   data arrival time

                  0.00    0.00    0.00   clock core_clock (rise edge)
                          0.00    0.00   clock network delay (ideal)
                          0.00    0.00   clock reconvergence pessimism
                                  0.00 ^ _6074_/CLK (sky130_fd_sc_hd__dfxtp_2)
                         -0.03   -0.03   library hold time
                                 -0.03   data required time
-----------------------------------------------------------------------------
                                 -0.03   data required time
                                 -0.49   data arrival time
-----------------------------------------------------------------------------
                                  0.52   slack (MET)


Startpoint: _6097_ (rising edge-triggered flip-flop clocked by core_clock)
Endpoint: _6097_ (rising edge-triggered flip-flop clocked by core_clock)
Path Group: core_clock
Path Type: min

Fanout     Cap    Slew   Delay    Time   Description
-----------------------------------------------------------------------------
                  0.00    0.00    0.00   clock core_clock (rise edge)
                          0.00    0.00   clock network delay (ideal)
                  0.00    0.00    0.00 ^ _6097_/CLK (sky130_fd_sc_hd__dfxtp_2)
     2    0.00    0.04    0.29    0.29 ^ _6097_/Q (sky130_fd_sc_hd__dfxtp_2)
                                         reg_file.memory[10][31] (net)
                  0.04    0.00    0.29 ^ _5385_/A0 (sky130_fd_sc_hd__mux2_2)
     1    0.00    0.04    0.13    0.42 ^ _5385_/X (sky130_fd_sc_hd__mux2_2)
                                         _2688_ (net)
                  0.04    0.00    0.42 ^ _5386_/A (sky130_fd_sc_hd__buf_1)
     1    0.00    0.03    0.07    0.49 ^ _5386_/X (sky130_fd_sc_hd__buf_1)
                                         _0332_ (net)
                  0.03    0.00    0.49 ^ _6097_/D (sky130_fd_sc_hd__dfxtp_2)
                                  0.49   data arrival time

                  0.00    0.00    0.00   clock core_clock (rise edge)
                          0.00    0.00   clock network delay (ideal)
                          0.00    0.00   clock reconvergence pessimism
                                  0.00 ^ _6097_/CLK (sky130_fd_sc_hd__dfxtp_2)
                         -0.03   -0.03   library hold time
                                 -0.03   data required time
-----------------------------------------------------------------------------
                                 -0.03   data required time
                                 -0.49   data arrival time
-----------------------------------------------------------------------------
                                  0.52   slack (MET)


Startpoint: _5968_ (rising edge-triggered flip-flop clocked by core_clock)
Endpoint: _5968_ (rising edge-triggered flip-flop clocked by core_clock)
Path Group: core_clock
Path Type: min

Fanout     Cap    Slew   Delay    Time   Description
-----------------------------------------------------------------------------
                  0.00    0.00    0.00   clock core_clock (rise edge)
                          0.00    0.00   clock network delay (ideal)
                  0.00    0.00    0.00 ^ _5968_/CLK (sky130_fd_sc_hd__dfxtp_2)
     2    0.00    0.04    0.29    0.29 ^ _5968_/Q (sky130_fd_sc_hd__dfxtp_2)
                                         reg_file.memory[6][30] (net)
                  0.04    0.00    0.29 ^ _5113_/A1 (sky130_fd_sc_hd__mux2_2)
     1    0.00    0.04    0.13    0.42 ^ _5113_/X (sky130_fd_sc_hd__mux2_2)
                                         _2545_ (net)
                  0.04    0.00    0.42 ^ _5114_/A (sky130_fd_sc_hd__buf_1)
     1    0.00    0.03    0.07    0.49 ^ _5114_/X (sky130_fd_sc_hd__buf_1)
                                         _0203_ (net)
                  0.03    0.00    0.49 ^ _5968_/D (sky130_fd_sc_hd__dfxtp_2)
                                  0.49   data arrival time

                  0.00    0.00    0.00   clock core_clock (rise edge)
                          0.00    0.00   clock network delay (ideal)
                          0.00    0.00   clock reconvergence pessimism
                                  0.00 ^ _5968_/CLK (sky130_fd_sc_hd__dfxtp_2)
                         -0.03   -0.03   library hold time
                                 -0.03   data required time
-----------------------------------------------------------------------------
                                 -0.03   data required time
                                 -0.49   data arrival time
-----------------------------------------------------------------------------
                                  0.52   slack (MET)


Startpoint: _6081_ (rising edge-triggered flip-flop clocked by core_clock)
Endpoint: _6081_ (rising edge-triggered flip-flop clocked by core_clock)
Path Group: core_clock
Path Type: min

Fanout     Cap    Slew   Delay    Time   Description
-----------------------------------------------------------------------------
                  0.00    0.00    0.00   clock core_clock (rise edge)
                          0.00    0.00   clock network delay (ideal)
                  0.00    0.00    0.00 ^ _6081_/CLK (sky130_fd_sc_hd__dfxtp_2)
     2    0.00    0.04    0.29    0.29 ^ _6081_/Q (sky130_fd_sc_hd__dfxtp_2)
                                         reg_file.memory[10][15] (net)
                  0.04    0.00    0.29 ^ _5352_/A0 (sky130_fd_sc_hd__mux2_2)
     1    0.00    0.04    0.13    0.42 ^ _5352_/X (sky130_fd_sc_hd__mux2_2)
                                         _2671_ (net)
                  0.04    0.00    0.42 ^ _5353_/A (sky130_fd_sc_hd__buf_1)
     1    0.00    0.03    0.07    0.49 ^ _5353_/X (sky130_fd_sc_hd__buf_1)
                                         _0316_ (net)
                  0.03    0.00    0.49 ^ _6081_/D (sky130_fd_sc_hd__dfxtp_2)
                                  0.49   data arrival time

                  0.00    0.00    0.00   clock core_clock (rise edge)
                          0.00    0.00   clock network delay (ideal)
                          0.00    0.00   clock reconvergence pessimism
                                  0.00 ^ _6081_/CLK (sky130_fd_sc_hd__dfxtp_2)
                         -0.03   -0.03   library hold time
                                 -0.03   data required time
-----------------------------------------------------------------------------
                                 -0.03   data required time
                                 -0.49   data arrival time
-----------------------------------------------------------------------------
                                  0.52   slack (MET)


Startpoint: _5898_ (rising edge-triggered flip-flop clocked by core_clock)
Endpoint: _5898_ (rising edge-triggered flip-flop clocked by core_clock)
Path Group: core_clock
Path Type: min

Fanout     Cap    Slew   Delay    Time   Description
-----------------------------------------------------------------------------
                  0.00    0.00    0.00   clock core_clock (rise edge)
                          0.00    0.00   clock network delay (ideal)
                  0.00    0.00    0.00 ^ _5898_/CLK (sky130_fd_sc_hd__dfxtp_2)
     2    0.00    0.04    0.29    0.29 ^ _5898_/Q (sky130_fd_sc_hd__dfxtp_2)
                                         reg_file.memory[4][24] (net)
                  0.04    0.00    0.29 ^ _4958_/A1 (sky130_fd_sc_hd__mux2_2)
     1    0.00    0.04    0.13    0.42 ^ _4958_/X (sky130_fd_sc_hd__mux2_2)
                                         _2460_ (net)
                  0.04    0.00    0.42 ^ _4959_/A (sky130_fd_sc_hd__buf_1)
     1    0.00    0.03    0.07    0.49 ^ _4959_/X (sky130_fd_sc_hd__buf_1)
                                         _0133_ (net)
                  0.03    0.00    0.49 ^ _5898_/D (sky130_fd_sc_hd__dfxtp_2)
                                  0.49   data arrival time

                  0.00    0.00    0.00   clock core_clock (rise edge)
                          0.00    0.00   clock network delay (ideal)
                          0.00    0.00   clock reconvergence pessimism
                                  0.00 ^ _5898_/CLK (sky130_fd_sc_hd__dfxtp_2)
                         -0.03   -0.03   library hold time
                                 -0.03   data required time
-----------------------------------------------------------------------------
                                 -0.03   data required time
                                 -0.49   data arrival time
-----------------------------------------------------------------------------
                                  0.52   slack (MET)


Startpoint: _5900_ (rising edge-triggered flip-flop clocked by core_clock)
Endpoint: _5900_ (rising edge-triggered flip-flop clocked by core_clock)
Path Group: core_clock
Path Type: min

Fanout     Cap    Slew   Delay    Time   Description
-----------------------------------------------------------------------------
                  0.00    0.00    0.00   clock core_clock (rise edge)
                          0.00    0.00   clock network delay (ideal)
                  0.00    0.00    0.00 ^ _5900_/CLK (sky130_fd_sc_hd__dfxtp_2)
     2    0.00    0.04    0.29    0.29 ^ _5900_/Q (sky130_fd_sc_hd__dfxtp_2)
                                         reg_file.memory[4][26] (net)
                  0.04    0.00    0.29 ^ _4964_/A1 (sky130_fd_sc_hd__mux2_2)
     1    0.00    0.04    0.13    0.42 ^ _4964_/X (sky130_fd_sc_hd__mux2_2)
                                         _2464_ (net)
                  0.04    0.00    0.42 ^ _4965_/A (sky130_fd_sc_hd__buf_1)
     1    0.00    0.03    0.07    0.49 ^ _4965_/X (sky130_fd_sc_hd__buf_1)
                                         _0135_ (net)
                  0.03    0.00    0.49 ^ _5900_/D (sky130_fd_sc_hd__dfxtp_2)
                                  0.49   data arrival time

                  0.00    0.00    0.00   clock core_clock (rise edge)
                          0.00    0.00   clock network delay (ideal)
                          0.00    0.00   clock reconvergence pessimism
                                  0.00 ^ _5900_/CLK (sky130_fd_sc_hd__dfxtp_2)
                         -0.03   -0.03   library hold time
                                 -0.03   data required time
-----------------------------------------------------------------------------
                                 -0.03   data required time
                                 -0.49   data arrival time
-----------------------------------------------------------------------------
                                  0.52   slack (MET)


Startpoint: _6070_ (rising edge-triggered flip-flop clocked by core_clock)
Endpoint: _6070_ (rising edge-triggered flip-flop clocked by core_clock)
Path Group: core_clock
Path Type: min

Fanout     Cap    Slew   Delay    Time   Description
-----------------------------------------------------------------------------
                  0.00    0.00    0.00   clock core_clock (rise edge)
                          0.00    0.00   clock network delay (ideal)
                  0.00    0.00    0.00 ^ _6070_/CLK (sky130_fd_sc_hd__dfxtp_2)
     2    0.00    0.04    0.29    0.29 ^ _6070_/Q (sky130_fd_sc_hd__dfxtp_2)
                                         reg_file.memory[10][4] (net)
                  0.04    0.00    0.29 ^ _5329_/A0 (sky130_fd_sc_hd__mux2_2)
     1    0.00    0.04    0.13    0.42 ^ _5329_/X (sky130_fd_sc_hd__mux2_2)
                                         _2659_ (net)
                  0.04    0.00    0.42 ^ _5330_/A (sky130_fd_sc_hd__buf_1)
     1    0.00    0.03    0.07    0.49 ^ _5330_/X (sky130_fd_sc_hd__buf_1)
                                         _0305_ (net)
                  0.03    0.00    0.49 ^ _6070_/D (sky130_fd_sc_hd__dfxtp_2)
                                  0.49   data arrival time

                  0.00    0.00    0.00   clock core_clock (rise edge)
                          0.00    0.00   clock network delay (ideal)
                          0.00    0.00   clock reconvergence pessimism
                                  0.00 ^ _6070_/CLK (sky130_fd_sc_hd__dfxtp_2)
                         -0.03   -0.03   library hold time
                                 -0.03   data required time
-----------------------------------------------------------------------------
                                 -0.03   data required time
                                 -0.49   data arrival time
-----------------------------------------------------------------------------
                                  0.52   slack (MET)


Startpoint: _5895_ (rising edge-triggered flip-flop clocked by core_clock)
Endpoint: _5895_ (rising edge-triggered flip-flop clocked by core_clock)
Path Group: core_clock
Path Type: min

Fanout     Cap    Slew   Delay    Time   Description
-----------------------------------------------------------------------------
                  0.00    0.00    0.00   clock core_clock (rise edge)
                          0.00    0.00   clock network delay (ideal)
                  0.00    0.00    0.00 ^ _5895_/CLK (sky130_fd_sc_hd__dfxtp_2)
     2    0.00    0.03    0.29    0.29 ^ _5895_/Q (sky130_fd_sc_hd__dfxtp_2)
                                         reg_file.memory[4][21] (net)
                  0.03    0.00    0.29 ^ _4949_/A1 (sky130_fd_sc_hd__mux2_2)
     1    0.00    0.04    0.13    0.42 ^ _4949_/X (sky130_fd_sc_hd__mux2_2)
                                         _2454_ (net)
                  0.04    0.00    0.42 ^ _4950_/A (sky130_fd_sc_hd__buf_1)
     1    0.00    0.03    0.07    0.49 ^ _4950_/X (sky130_fd_sc_hd__buf_1)
                                         _0130_ (net)
                  0.03    0.00    0.49 ^ _5895_/D (sky130_fd_sc_hd__dfxtp_2)
                                  0.49   data arrival time

                  0.00    0.00    0.00   clock core_clock (rise edge)
                          0.00    0.00   clock network delay (ideal)
                          0.00    0.00   clock reconvergence pessimism
                                  0.00 ^ _5895_/CLK (sky130_fd_sc_hd__dfxtp_2)
                         -0.03   -0.03   library hold time
                                 -0.03   data required time
-----------------------------------------------------------------------------
                                 -0.03   data required time
                                 -0.49   data arrival time
-----------------------------------------------------------------------------
                                  0.52   slack (MET)


Startpoint: _6199_ (rising edge-triggered flip-flop clocked by core_clock)
Endpoint: _6199_ (rising edge-triggered flip-flop clocked by core_clock)
Path Group: core_clock
Path Type: min

Fanout     Cap    Slew   Delay    Time   Description
-----------------------------------------------------------------------------
                  0.00    0.00    0.00   clock core_clock (rise edge)
                          0.00    0.00   clock network delay (ideal)
                  0.00    0.00    0.00 ^ _6199_/CLK (sky130_fd_sc_hd__dfxtp_2)
     2    0.00    0.04    0.29    0.29 ^ _6199_/Q (sky130_fd_sc_hd__dfxtp_2)
                                         reg_file.memory[25][5] (net)
                  0.04    0.00    0.29 ^ _5602_/A1 (sky130_fd_sc_hd__mux2_2)
     1    0.00    0.04    0.13    0.42 ^ _5602_/X (sky130_fd_sc_hd__mux2_2)
                                         _2803_ (net)
                  0.04    0.00    0.42 ^ _5603_/A (sky130_fd_sc_hd__buf_1)
     1    0.00    0.03    0.07    0.49 ^ _5603_/X (sky130_fd_sc_hd__buf_1)
                                         _0434_ (net)
                  0.03    0.00    0.49 ^ _6199_/D (sky130_fd_sc_hd__dfxtp_2)
                                  0.49   data arrival time

                  0.00    0.00    0.00   clock core_clock (rise edge)
                          0.00    0.00   clock network delay (ideal)
                          0.00    0.00   clock reconvergence pessimism
                                  0.00 ^ _6199_/CLK (sky130_fd_sc_hd__dfxtp_2)
                         -0.03   -0.03   library hold time
                                 -0.03   data required time
-----------------------------------------------------------------------------
                                 -0.03   data required time
                                 -0.49   data arrival time
-----------------------------------------------------------------------------
                                  0.52   slack (MET)


Startpoint: _5883_ (rising edge-triggered flip-flop clocked by core_clock)
Endpoint: _5883_ (rising edge-triggered flip-flop clocked by core_clock)
Path Group: core_clock
Path Type: min

Fanout     Cap    Slew   Delay    Time   Description
-----------------------------------------------------------------------------
                  0.00    0.00    0.00   clock core_clock (rise edge)
                          0.00    0.00   clock network delay (ideal)
                  0.00    0.00    0.00 ^ _5883_/CLK (sky130_fd_sc_hd__dfxtp_2)
     2    0.00    0.04    0.29    0.29 ^ _5883_/Q (sky130_fd_sc_hd__dfxtp_2)
                                         reg_file.memory[4][9] (net)
                  0.04    0.00    0.29 ^ _4911_/A1 (sky130_fd_sc_hd__mux2_2)
     1    0.00    0.04    0.13    0.42 ^ _4911_/X (sky130_fd_sc_hd__mux2_2)
                                         _2428_ (net)
                  0.04    0.00    0.42 ^ _4912_/A (sky130_fd_sc_hd__buf_1)
     1    0.00    0.03    0.07    0.49 ^ _4912_/X (sky130_fd_sc_hd__buf_1)
                                         _0118_ (net)
                  0.03    0.00    0.49 ^ _5883_/D (sky130_fd_sc_hd__dfxtp_2)
                                  0.49   data arrival time

                  0.00    0.00    0.00   clock core_clock (rise edge)
                          0.00    0.00   clock network delay (ideal)
                          0.00    0.00   clock reconvergence pessimism
                                  0.00 ^ _5883_/CLK (sky130_fd_sc_hd__dfxtp_2)
                         -0.03   -0.03   library hold time
                                 -0.03   data required time
-----------------------------------------------------------------------------
                                 -0.03   data required time
                                 -0.49   data arrival time
-----------------------------------------------------------------------------
                                  0.52   slack (MET)


Startpoint: _6082_ (rising edge-triggered flip-flop clocked by core_clock)
Endpoint: _6082_ (rising edge-triggered flip-flop clocked by core_clock)
Path Group: core_clock
Path Type: min

Fanout     Cap    Slew   Delay    Time   Description
-----------------------------------------------------------------------------
                  0.00    0.00    0.00   clock core_clock (rise edge)
                          0.00    0.00   clock network delay (ideal)
                  0.00    0.00    0.00 ^ _6082_/CLK (sky130_fd_sc_hd__dfxtp_2)
     2    0.00    0.04    0.29    0.29 ^ _6082_/Q (sky130_fd_sc_hd__dfxtp_2)
                                         reg_file.memory[10][16] (net)
                  0.04    0.00    0.29 ^ _5354_/A0 (sky130_fd_sc_hd__mux2_2)
     1    0.00    0.04    0.13    0.42 ^ _5354_/X (sky130_fd_sc_hd__mux2_2)
                                         _2672_ (net)
                  0.04    0.00    0.42 ^ _5355_/A (sky130_fd_sc_hd__buf_1)
     1    0.00    0.03    0.07    0.49 ^ _5355_/X (sky130_fd_sc_hd__buf_1)
                                         _0317_ (net)
                  0.03    0.00    0.49 ^ _6082_/D (sky130_fd_sc_hd__dfxtp_2)
                                  0.49   data arrival time

                  0.00    0.00    0.00   clock core_clock (rise edge)
                          0.00    0.00   clock network delay (ideal)
                          0.00    0.00   clock reconvergence pessimism
                                  0.00 ^ _6082_/CLK (sky130_fd_sc_hd__dfxtp_2)
                         -0.03   -0.03   library hold time
                                 -0.03   data required time
-----------------------------------------------------------------------------
                                 -0.03   data required time
                                 -0.49   data arrival time
-----------------------------------------------------------------------------
                                  0.52   slack (MET)


Startpoint: _6206_ (rising edge-triggered flip-flop clocked by core_clock)
Endpoint: _6206_ (rising edge-triggered flip-flop clocked by core_clock)
Path Group: core_clock
Path Type: min

Fanout     Cap    Slew   Delay    Time   Description
-----------------------------------------------------------------------------
                  0.00    0.00    0.00   clock core_clock (rise edge)
                          0.00    0.00   clock network delay (ideal)
                  0.00    0.00    0.00 ^ _6206_/CLK (sky130_fd_sc_hd__dfxtp_2)
     2    0.00    0.04    0.29    0.29 ^ _6206_/Q (sky130_fd_sc_hd__dfxtp_2)
                                         reg_file.memory[25][12] (net)
                  0.04    0.00    0.29 ^ _5617_/A1 (sky130_fd_sc_hd__mux2_2)
     1    0.00    0.04    0.13    0.42 ^ _5617_/X (sky130_fd_sc_hd__mux2_2)
                                         _2811_ (net)
                  0.04    0.00    0.42 ^ _5618_/A (sky130_fd_sc_hd__buf_1)
     1    0.00    0.03    0.07    0.49 ^ _5618_/X (sky130_fd_sc_hd__buf_1)
                                         _0441_ (net)
                  0.03    0.00    0.49 ^ _6206_/D (sky130_fd_sc_hd__dfxtp_2)
                                  0.49   data arrival time

                  0.00    0.00    0.00   clock core_clock (rise edge)
                          0.00    0.00   clock network delay (ideal)
                          0.00    0.00   clock reconvergence pessimism
                                  0.00 ^ _6206_/CLK (sky130_fd_sc_hd__dfxtp_2)
                         -0.03   -0.03   library hold time
                                 -0.03   data required time
-----------------------------------------------------------------------------
                                 -0.03   data required time
                                 -0.49   data arrival time
-----------------------------------------------------------------------------
                                  0.52   slack (MET)


Startpoint: _6086_ (rising edge-triggered flip-flop clocked by core_clock)
Endpoint: _6086_ (rising edge-triggered flip-flop clocked by core_clock)
Path Group: core_clock
Path Type: min

Fanout     Cap    Slew   Delay    Time   Description
-----------------------------------------------------------------------------
                  0.00    0.00    0.00   clock core_clock (rise edge)
                          0.00    0.00   clock network delay (ideal)
                  0.00    0.00    0.00 ^ _6086_/CLK (sky130_fd_sc_hd__dfxtp_2)
     2    0.00    0.04    0.29    0.29 ^ _6086_/Q (sky130_fd_sc_hd__dfxtp_2)
                                         reg_file.memory[10][20] (net)
                  0.04    0.00    0.29 ^ _5363_/A0 (sky130_fd_sc_hd__mux2_2)
     1    0.00    0.04    0.13    0.42 ^ _5363_/X (sky130_fd_sc_hd__mux2_2)
                                         _2677_ (net)
                  0.04    0.00    0.42 ^ _5364_/A (sky130_fd_sc_hd__buf_1)
     1    0.00    0.03    0.07    0.49 ^ _5364_/X (sky130_fd_sc_hd__buf_1)
                                         _0321_ (net)
                  0.03    0.00    0.49 ^ _6086_/D (sky130_fd_sc_hd__dfxtp_2)
                                  0.49   data arrival time

                  0.00    0.00    0.00   clock core_clock (rise edge)
                          0.00    0.00   clock network delay (ideal)
                          0.00    0.00   clock reconvergence pessimism
                                  0.00 ^ _6086_/CLK (sky130_fd_sc_hd__dfxtp_2)
                         -0.03   -0.03   library hold time
                                 -0.03   data required time
-----------------------------------------------------------------------------
                                 -0.03   data required time
                                 -0.49   data arrival time
-----------------------------------------------------------------------------
                                  0.52   slack (MET)


Startpoint: _6033_ (rising edge-triggered flip-flop clocked by core_clock)
Endpoint: _6033_ (rising edge-triggered flip-flop clocked by core_clock)
Path Group: core_clock
Path Type: min

Fanout     Cap    Slew   Delay    Time   Description
-----------------------------------------------------------------------------
                  0.00    0.00    0.00   clock core_clock (rise edge)
                          0.00    0.00   clock network delay (ideal)
                  0.00    0.00    0.00 ^ _6033_/CLK (sky130_fd_sc_hd__dfxtp_2)
     2    0.00    0.04    0.29    0.29 ^ _6033_/Q (sky130_fd_sc_hd__dfxtp_2)
                                         reg_file.memory[8][31] (net)
                  0.04    0.00    0.29 ^ _5253_/A0 (sky130_fd_sc_hd__mux2_2)
     1    0.00    0.04    0.13    0.42 ^ _5253_/X (sky130_fd_sc_hd__mux2_2)
                                         _2620_ (net)
                  0.04    0.00    0.42 ^ _5254_/A (sky130_fd_sc_hd__buf_1)
     1    0.00    0.03    0.07    0.49 ^ _5254_/X (sky130_fd_sc_hd__buf_1)
                                         _0268_ (net)
                  0.03    0.00    0.49 ^ _6033_/D (sky130_fd_sc_hd__dfxtp_2)
                                  0.49   data arrival time

                  0.00    0.00    0.00   clock core_clock (rise edge)
                          0.00    0.00   clock network delay (ideal)
                          0.00    0.00   clock reconvergence pessimism
                                  0.00 ^ _6033_/CLK (sky130_fd_sc_hd__dfxtp_2)
                         -0.03   -0.03   library hold time
                                 -0.03   data required time
-----------------------------------------------------------------------------
                                 -0.03   data required time
                                 -0.49   data arrival time
-----------------------------------------------------------------------------
                                  0.52   slack (MET)


Startpoint: _5941_ (rising edge-triggered flip-flop clocked by core_clock)
Endpoint: _5941_ (rising edge-triggered flip-flop clocked by core_clock)
Path Group: core_clock
Path Type: min

Fanout     Cap    Slew   Delay    Time   Description
-----------------------------------------------------------------------------
                  0.00    0.00    0.00   clock core_clock (rise edge)
                          0.00    0.00   clock network delay (ideal)
                  0.00    0.00    0.00 ^ _5941_/CLK (sky130_fd_sc_hd__dfxtp_2)
     2    0.00    0.04    0.29    0.29 ^ _5941_/Q (sky130_fd_sc_hd__dfxtp_2)
                                         reg_file.memory[6][3] (net)
                  0.04    0.00    0.29 ^ _5057_/A1 (sky130_fd_sc_hd__mux2_2)
     1    0.00    0.04    0.13    0.42 ^ _5057_/X (sky130_fd_sc_hd__mux2_2)
                                         _2516_ (net)
                  0.04    0.00    0.42 ^ _5058_/A (sky130_fd_sc_hd__buf_1)
     1    0.00    0.03    0.07    0.49 ^ _5058_/X (sky130_fd_sc_hd__buf_1)
                                         _0176_ (net)
                  0.03    0.00    0.49 ^ _5941_/D (sky130_fd_sc_hd__dfxtp_2)
                                  0.49   data arrival time

                  0.00    0.00    0.00   clock core_clock (rise edge)
                          0.00    0.00   clock network delay (ideal)
                          0.00    0.00   clock reconvergence pessimism
                                  0.00 ^ _5941_/CLK (sky130_fd_sc_hd__dfxtp_2)
                         -0.03   -0.03   library hold time
                                 -0.03   data required time
-----------------------------------------------------------------------------
                                 -0.03   data required time
                                 -0.49   data arrival time
-----------------------------------------------------------------------------
                                  0.52   slack (MET)


Startpoint: _5881_ (rising edge-triggered flip-flop clocked by core_clock)
Endpoint: _5881_ (rising edge-triggered flip-flop clocked by core_clock)
Path Group: core_clock
Path Type: min

Fanout     Cap    Slew   Delay    Time   Description
-----------------------------------------------------------------------------
                  0.00    0.00    0.00   clock core_clock (rise edge)
                          0.00    0.00   clock network delay (ideal)
                  0.00    0.00    0.00 ^ _5881_/CLK (sky130_fd_sc_hd__dfxtp_2)
     2    0.00    0.04    0.29    0.29 ^ _5881_/Q (sky130_fd_sc_hd__dfxtp_2)
                                         reg_file.memory[4][7] (net)
                  0.04    0.00    0.29 ^ _4905_/A1 (sky130_fd_sc_hd__mux2_2)
     1    0.00    0.04    0.13    0.42 ^ _4905_/X (sky130_fd_sc_hd__mux2_2)
                                         _2424_ (net)
                  0.04    0.00    0.42 ^ _4906_/A (sky130_fd_sc_hd__buf_1)
     1    0.00    0.03    0.07    0.49 ^ _4906_/X (sky130_fd_sc_hd__buf_1)
                                         _0116_ (net)
                  0.03    0.00    0.49 ^ _5881_/D (sky130_fd_sc_hd__dfxtp_2)
                                  0.49   data arrival time

                  0.00    0.00    0.00   clock core_clock (rise edge)
                          0.00    0.00   clock network delay (ideal)
                          0.00    0.00   clock reconvergence pessimism
                                  0.00 ^ _5881_/CLK (sky130_fd_sc_hd__dfxtp_2)
                         -0.03   -0.03   library hold time
                                 -0.03   data required time
-----------------------------------------------------------------------------
                                 -0.03   data required time
                                 -0.49   data arrival time
-----------------------------------------------------------------------------
                                  0.52   slack (MET)


Startpoint: _6214_ (rising edge-triggered flip-flop clocked by core_clock)
Endpoint: _6214_ (rising edge-triggered flip-flop clocked by core_clock)
Path Group: core_clock
Path Type: min

Fanout     Cap    Slew   Delay    Time   Description
-----------------------------------------------------------------------------
                  0.00    0.00    0.00   clock core_clock (rise edge)
                          0.00    0.00   clock network delay (ideal)
                  0.00    0.00    0.00 ^ _6214_/CLK (sky130_fd_sc_hd__dfxtp_2)
     2    0.00    0.04    0.29    0.29 ^ _6214_/Q (sky130_fd_sc_hd__dfxtp_2)
                                         reg_file.memory[25][20] (net)
                  0.04    0.00    0.29 ^ _5634_/A1 (sky130_fd_sc_hd__mux2_2)
     1    0.00    0.04    0.13    0.42 ^ _5634_/X (sky130_fd_sc_hd__mux2_2)
                                         _2820_ (net)
                  0.04    0.00    0.42 ^ _5635_/A (sky130_fd_sc_hd__buf_1)
     1    0.00    0.03    0.07    0.49 ^ _5635_/X (sky130_fd_sc_hd__buf_1)
                                         _0449_ (net)
                  0.03    0.00    0.49 ^ _6214_/D (sky130_fd_sc_hd__dfxtp_2)
                                  0.49   data arrival time

                  0.00    0.00    0.00   clock core_clock (rise edge)
                          0.00    0.00   clock network delay (ideal)
                          0.00    0.00   clock reconvergence pessimism
                                  0.00 ^ _6214_/CLK (sky130_fd_sc_hd__dfxtp_2)
                         -0.03   -0.03   library hold time
                                 -0.03   data required time
-----------------------------------------------------------------------------
                                 -0.03   data required time
                                 -0.49   data arrival time
-----------------------------------------------------------------------------
                                  0.52   slack (MET)


Startpoint: _5943_ (rising edge-triggered flip-flop clocked by core_clock)
Endpoint: _5943_ (rising edge-triggered flip-flop clocked by core_clock)
Path Group: core_clock
Path Type: min

Fanout     Cap    Slew   Delay    Time   Description
-----------------------------------------------------------------------------
                  0.00    0.00    0.00   clock core_clock (rise edge)
                          0.00    0.00   clock network delay (ideal)
                  0.00    0.00    0.00 ^ _5943_/CLK (sky130_fd_sc_hd__dfxtp_2)
     2    0.00    0.04    0.29    0.29 ^ _5943_/Q (sky130_fd_sc_hd__dfxtp_2)
                                         reg_file.memory[6][5] (net)
                  0.04    0.00    0.29 ^ _5061_/A1 (sky130_fd_sc_hd__mux2_2)
     1    0.00    0.04    0.13    0.42 ^ _5061_/X (sky130_fd_sc_hd__mux2_2)
                                         _2518_ (net)
                  0.04    0.00    0.42 ^ _5062_/A (sky130_fd_sc_hd__buf_1)
     1    0.00    0.03    0.07    0.49 ^ _5062_/X (sky130_fd_sc_hd__buf_1)
                                         _0178_ (net)
                  0.03    0.00    0.49 ^ _5943_/D (sky130_fd_sc_hd__dfxtp_2)
                                  0.49   data arrival time

                  0.00    0.00    0.00   clock core_clock (rise edge)
                          0.00    0.00   clock network delay (ideal)
                          0.00    0.00   clock reconvergence pessimism
                                  0.00 ^ _5943_/CLK (sky130_fd_sc_hd__dfxtp_2)
                         -0.03   -0.03   library hold time
                                 -0.03   data required time
-----------------------------------------------------------------------------
                                 -0.03   data required time
                                 -0.49   data arrival time
-----------------------------------------------------------------------------
                                  0.52   slack (MET)


Startpoint: _6068_ (rising edge-triggered flip-flop clocked by core_clock)
Endpoint: _6068_ (rising edge-triggered flip-flop clocked by core_clock)
Path Group: core_clock
Path Type: min

Fanout     Cap    Slew   Delay    Time   Description
-----------------------------------------------------------------------------
                  0.00    0.00    0.00   clock core_clock (rise edge)
                          0.00    0.00   clock network delay (ideal)
                  0.00    0.00    0.00 ^ _6068_/CLK (sky130_fd_sc_hd__dfxtp_2)
     2    0.00    0.04    0.29    0.29 ^ _6068_/Q (sky130_fd_sc_hd__dfxtp_2)
                                         reg_file.memory[10][2] (net)
                  0.04    0.00    0.29 ^ _5325_/A0 (sky130_fd_sc_hd__mux2_2)
     1    0.00    0.04    0.13    0.42 ^ _5325_/X (sky130_fd_sc_hd__mux2_2)
                                         _2657_ (net)
                  0.04    0.00    0.42 ^ _5326_/A (sky130_fd_sc_hd__buf_1)
     1    0.00    0.03    0.07    0.49 ^ _5326_/X (sky130_fd_sc_hd__buf_1)
                                         _0303_ (net)
                  0.03    0.00    0.49 ^ _6068_/D (sky130_fd_sc_hd__dfxtp_2)
                                  0.49   data arrival time

                  0.00    0.00    0.00   clock core_clock (rise edge)
                          0.00    0.00   clock network delay (ideal)
                          0.00    0.00   clock reconvergence pessimism
                                  0.00 ^ _6068_/CLK (sky130_fd_sc_hd__dfxtp_2)
                         -0.04   -0.04   library hold time
                                 -0.04   data required time
-----------------------------------------------------------------------------
                                 -0.04   data required time
                                 -0.49   data arrival time
-----------------------------------------------------------------------------
                                  0.52   slack (MET)


Startpoint: _5880_ (rising edge-triggered flip-flop clocked by core_clock)
Endpoint: _5880_ (rising edge-triggered flip-flop clocked by core_clock)
Path Group: core_clock
Path Type: min

Fanout     Cap    Slew   Delay    Time   Description
-----------------------------------------------------------------------------
                  0.00    0.00    0.00   clock core_clock (rise edge)
                          0.00    0.00   clock network delay (ideal)
                  0.00    0.00    0.00 ^ _5880_/CLK (sky130_fd_sc_hd__dfxtp_2)
     2    0.00    0.04    0.29    0.29 ^ _5880_/Q (sky130_fd_sc_hd__dfxtp_2)
                                         reg_file.memory[4][6] (net)
                  0.04    0.00    0.29 ^ _4902_/A1 (sky130_fd_sc_hd__mux2_2)
     1    0.00    0.04    0.13    0.42 ^ _4902_/X (sky130_fd_sc_hd__mux2_2)
                                         _2422_ (net)
                  0.04    0.00    0.42 ^ _4903_/A (sky130_fd_sc_hd__buf_1)
     1    0.00    0.03    0.07    0.49 ^ _4903_/X (sky130_fd_sc_hd__buf_1)
                                         _0115_ (net)
                  0.03    0.00    0.49 ^ _5880_/D (sky130_fd_sc_hd__dfxtp_2)
                                  0.49   data arrival time

                  0.00    0.00    0.00   clock core_clock (rise edge)
                          0.00    0.00   clock network delay (ideal)
                          0.00    0.00   clock reconvergence pessimism
                                  0.00 ^ _5880_/CLK (sky130_fd_sc_hd__dfxtp_2)
                         -0.03   -0.03   library hold time
                                 -0.03   data required time
-----------------------------------------------------------------------------
                                 -0.03   data required time
                                 -0.49   data arrival time
-----------------------------------------------------------------------------
                                  0.52   slack (MET)


Startpoint: _5886_ (rising edge-triggered flip-flop clocked by core_clock)
Endpoint: _5886_ (rising edge-triggered flip-flop clocked by core_clock)
Path Group: core_clock
Path Type: min

Fanout     Cap    Slew   Delay    Time   Description
-----------------------------------------------------------------------------
                  0.00    0.00    0.00   clock core_clock (rise edge)
                          0.00    0.00   clock network delay (ideal)
                  0.00    0.00    0.00 ^ _5886_/CLK (sky130_fd_sc_hd__dfxtp_2)
     2    0.00    0.04    0.29    0.29 ^ _5886_/Q (sky130_fd_sc_hd__dfxtp_2)
                                         reg_file.memory[4][12] (net)
                  0.04    0.00    0.29 ^ _4921_/A1 (sky130_fd_sc_hd__mux2_2)
     1    0.00    0.04    0.13    0.42 ^ _4921_/X (sky130_fd_sc_hd__mux2_2)
                                         _2435_ (net)
                  0.04    0.00    0.42 ^ _4922_/A (sky130_fd_sc_hd__buf_1)
     1    0.00    0.03    0.07    0.49 ^ _4922_/X (sky130_fd_sc_hd__buf_1)
                                         _0121_ (net)
                  0.03    0.00    0.49 ^ _5886_/D (sky130_fd_sc_hd__dfxtp_2)
                                  0.49   data arrival time

                  0.00    0.00    0.00   clock core_clock (rise edge)
                          0.00    0.00   clock network delay (ideal)
                          0.00    0.00   clock reconvergence pessimism
                                  0.00 ^ _5886_/CLK (sky130_fd_sc_hd__dfxtp_2)
                         -0.03   -0.03   library hold time
                                 -0.03   data required time
-----------------------------------------------------------------------------
                                 -0.03   data required time
                                 -0.49   data arrival time
-----------------------------------------------------------------------------
                                  0.52   slack (MET)


Startpoint: _5961_ (rising edge-triggered flip-flop clocked by core_clock)
Endpoint: _5961_ (rising edge-triggered flip-flop clocked by core_clock)
Path Group: core_clock
Path Type: min

Fanout     Cap    Slew   Delay    Time   Description
-----------------------------------------------------------------------------
                  0.00    0.00    0.00   clock core_clock (rise edge)
                          0.00    0.00   clock network delay (ideal)
                  0.00    0.00    0.00 ^ _5961_/CLK (sky130_fd_sc_hd__dfxtp_2)
     2    0.00    0.04    0.29    0.29 ^ _5961_/Q (sky130_fd_sc_hd__dfxtp_2)
                                         reg_file.memory[6][23] (net)
                  0.04    0.00    0.29 ^ _5099_/A1 (sky130_fd_sc_hd__mux2_2)
     1    0.00    0.04    0.13    0.42 ^ _5099_/X (sky130_fd_sc_hd__mux2_2)
                                         _2538_ (net)
                  0.04    0.00    0.42 ^ _5100_/A (sky130_fd_sc_hd__buf_1)
     1    0.00    0.03    0.07    0.49 ^ _5100_/X (sky130_fd_sc_hd__buf_1)
                                         _0196_ (net)
                  0.03    0.00    0.49 ^ _5961_/D (sky130_fd_sc_hd__dfxtp_2)
                                  0.49   data arrival time

                  0.00    0.00    0.00   clock core_clock (rise edge)
                          0.00    0.00   clock network delay (ideal)
                          0.00    0.00   clock reconvergence pessimism
                                  0.00 ^ _5961_/CLK (sky130_fd_sc_hd__dfxtp_2)
                         -0.03   -0.03   library hold time
                                 -0.03   data required time
-----------------------------------------------------------------------------
                                 -0.03   data required time
                                 -0.49   data arrival time
-----------------------------------------------------------------------------
                                  0.52   slack (MET)


Startpoint: _6011_ (rising edge-triggered flip-flop clocked by core_clock)
Endpoint: _6011_ (rising edge-triggered flip-flop clocked by core_clock)
Path Group: core_clock
Path Type: min

Fanout     Cap    Slew   Delay    Time   Description
-----------------------------------------------------------------------------
                  0.00    0.00    0.00   clock core_clock (rise edge)
                          0.00    0.00   clock network delay (ideal)
                  0.00    0.00    0.00 ^ _6011_/CLK (sky130_fd_sc_hd__dfxtp_2)
     2    0.00    0.04    0.29    0.29 ^ _6011_/Q (sky130_fd_sc_hd__dfxtp_2)
                                         reg_file.memory[8][9] (net)
                  0.04    0.00    0.29 ^ _5207_/A0 (sky130_fd_sc_hd__mux2_2)
     1    0.00    0.03    0.13    0.42 ^ _5207_/X (sky130_fd_sc_hd__mux2_2)
                                         _2596_ (net)
                  0.03    0.00    0.42 ^ _5208_/A (sky130_fd_sc_hd__buf_1)
     1    0.00    0.03    0.07    0.49 ^ _5208_/X (sky130_fd_sc_hd__buf_1)
                                         _0246_ (net)
                  0.03    0.00    0.49 ^ _6011_/D (sky130_fd_sc_hd__dfxtp_2)
                                  0.49   data arrival time

                  0.00    0.00    0.00   clock core_clock (rise edge)
                          0.00    0.00   clock network delay (ideal)
                          0.00    0.00   clock reconvergence pessimism
                                  0.00 ^ _6011_/CLK (sky130_fd_sc_hd__dfxtp_2)
                         -0.03   -0.03   library hold time
                                 -0.03   data required time
-----------------------------------------------------------------------------
                                 -0.03   data required time
                                 -0.49   data arrival time
-----------------------------------------------------------------------------
                                  0.52   slack (MET)


Startpoint: _6024_ (rising edge-triggered flip-flop clocked by core_clock)
Endpoint: _6024_ (rising edge-triggered flip-flop clocked by core_clock)
Path Group: core_clock
Path Type: min

Fanout     Cap    Slew   Delay    Time   Description
-----------------------------------------------------------------------------
                  0.00    0.00    0.00   clock core_clock (rise edge)
                          0.00    0.00   clock network delay (ideal)
                  0.00    0.00    0.00 ^ _6024_/CLK (sky130_fd_sc_hd__dfxtp_2)
     2    0.00    0.04    0.29    0.29 ^ _6024_/Q (sky130_fd_sc_hd__dfxtp_2)
                                         reg_file.memory[8][22] (net)
                  0.04    0.00    0.29 ^ _5235_/A0 (sky130_fd_sc_hd__mux2_2)
     1    0.00    0.04    0.13    0.42 ^ _5235_/X (sky130_fd_sc_hd__mux2_2)
                                         _2611_ (net)
                  0.04    0.00    0.42 ^ _5236_/A (sky130_fd_sc_hd__buf_1)
     1    0.00    0.03    0.07    0.49 ^ _5236_/X (sky130_fd_sc_hd__buf_1)
                                         _0259_ (net)
                  0.03    0.00    0.49 ^ _6024_/D (sky130_fd_sc_hd__dfxtp_2)
                                  0.49   data arrival time

                  0.00    0.00    0.00   clock core_clock (rise edge)
                          0.00    0.00   clock network delay (ideal)
                          0.00    0.00   clock reconvergence pessimism
                                  0.00 ^ _6024_/CLK (sky130_fd_sc_hd__dfxtp_2)
                         -0.03   -0.03   library hold time
                                 -0.03   data required time
-----------------------------------------------------------------------------
                                 -0.03   data required time
                                 -0.49   data arrival time
-----------------------------------------------------------------------------
                                  0.52   slack (MET)


Startpoint: _5960_ (rising edge-triggered flip-flop clocked by core_clock)
Endpoint: _5960_ (rising edge-triggered flip-flop clocked by core_clock)
Path Group: core_clock
Path Type: min

Fanout     Cap    Slew   Delay    Time   Description
-----------------------------------------------------------------------------
                  0.00    0.00    0.00   clock core_clock (rise edge)
                          0.00    0.00   clock network delay (ideal)
                  0.00    0.00    0.00 ^ _5960_/CLK (sky130_fd_sc_hd__dfxtp_2)
     2    0.00    0.04    0.29    0.29 ^ _5960_/Q (sky130_fd_sc_hd__dfxtp_2)
                                         reg_file.memory[6][22] (net)
                  0.04    0.00    0.29 ^ _5097_/A1 (sky130_fd_sc_hd__mux2_2)
     1    0.00    0.04    0.13    0.42 ^ _5097_/X (sky130_fd_sc_hd__mux2_2)
                                         _2537_ (net)
                  0.04    0.00    0.42 ^ _5098_/A (sky130_fd_sc_hd__buf_1)
     1    0.00    0.03    0.07    0.49 ^ _5098_/X (sky130_fd_sc_hd__buf_1)
                                         _0195_ (net)
                  0.03    0.00    0.49 ^ _5960_/D (sky130_fd_sc_hd__dfxtp_2)
                                  0.49   data arrival time

                  0.00    0.00    0.00   clock core_clock (rise edge)
                          0.00    0.00   clock network delay (ideal)
                          0.00    0.00   clock reconvergence pessimism
                                  0.00 ^ _5960_/CLK (sky130_fd_sc_hd__dfxtp_2)
                         -0.03   -0.03   library hold time
                                 -0.03   data required time
-----------------------------------------------------------------------------
                                 -0.03   data required time
                                 -0.49   data arrival time
-----------------------------------------------------------------------------
                                  0.52   slack (MET)


Startpoint: _5882_ (rising edge-triggered flip-flop clocked by core_clock)
Endpoint: _5882_ (rising edge-triggered flip-flop clocked by core_clock)
Path Group: core_clock
Path Type: min

Fanout     Cap    Slew   Delay    Time   Description
-----------------------------------------------------------------------------
                  0.00    0.00    0.00   clock core_clock (rise edge)
                          0.00    0.00   clock network delay (ideal)
                  0.00    0.00    0.00 ^ _5882_/CLK (sky130_fd_sc_hd__dfxtp_2)
     2    0.00    0.04    0.29    0.29 ^ _5882_/Q (sky130_fd_sc_hd__dfxtp_2)
                                         reg_file.memory[4][8] (net)
                  0.04    0.00    0.29 ^ _4908_/A1 (sky130_fd_sc_hd__mux2_2)
     1    0.00    0.04    0.13    0.42 ^ _4908_/X (sky130_fd_sc_hd__mux2_2)
                                         _2426_ (net)
                  0.04    0.00    0.42 ^ _4909_/A (sky130_fd_sc_hd__buf_1)
     1    0.00    0.03    0.07    0.49 ^ _4909_/X (sky130_fd_sc_hd__buf_1)
                                         _0117_ (net)
                  0.03    0.00    0.49 ^ _5882_/D (sky130_fd_sc_hd__dfxtp_2)
                                  0.49   data arrival time

                  0.00    0.00    0.00   clock core_clock (rise edge)
                          0.00    0.00   clock network delay (ideal)
                          0.00    0.00   clock reconvergence pessimism
                                  0.00 ^ _5882_/CLK (sky130_fd_sc_hd__dfxtp_2)
                         -0.03   -0.03   library hold time
                                 -0.03   data required time
-----------------------------------------------------------------------------
                                 -0.03   data required time
                                 -0.49   data arrival time
-----------------------------------------------------------------------------
                                  0.52   slack (MET)


Startpoint: _6207_ (rising edge-triggered flip-flop clocked by core_clock)
Endpoint: _6207_ (rising edge-triggered flip-flop clocked by core_clock)
Path Group: core_clock
Path Type: min

Fanout     Cap    Slew   Delay    Time   Description
-----------------------------------------------------------------------------
                  0.00    0.00    0.00   clock core_clock (rise edge)
                          0.00    0.00   clock network delay (ideal)
                  0.00    0.00    0.00 ^ _6207_/CLK (sky130_fd_sc_hd__dfxtp_2)
     2    0.00    0.04    0.29    0.29 ^ _6207_/Q (sky130_fd_sc_hd__dfxtp_2)
                                         reg_file.memory[25][13] (net)
                  0.04    0.00    0.29 ^ _5619_/A1 (sky130_fd_sc_hd__mux2_2)
     1    0.00    0.04    0.13    0.42 ^ _5619_/X (sky130_fd_sc_hd__mux2_2)
                                         _2812_ (net)
                  0.04    0.00    0.42 ^ _5620_/A (sky130_fd_sc_hd__buf_1)
     1    0.00    0.03    0.07    0.49 ^ _5620_/X (sky130_fd_sc_hd__buf_1)
                                         _0442_ (net)
                  0.03    0.00    0.49 ^ _6207_/D (sky130_fd_sc_hd__dfxtp_2)
                                  0.49   data arrival time

                  0.00    0.00    0.00   clock core_clock (rise edge)
                          0.00    0.00   clock network delay (ideal)
                          0.00    0.00   clock reconvergence pessimism
                                  0.00 ^ _6207_/CLK (sky130_fd_sc_hd__dfxtp_2)
                         -0.03   -0.03   library hold time
                                 -0.03   data required time
-----------------------------------------------------------------------------
                                 -0.03   data required time
                                 -0.49   data arrival time
-----------------------------------------------------------------------------
                                  0.52   slack (MET)


Startpoint: _6089_ (rising edge-triggered flip-flop clocked by core_clock)
Endpoint: _6089_ (rising edge-triggered flip-flop clocked by core_clock)
Path Group: core_clock
Path Type: min

Fanout     Cap    Slew   Delay    Time   Description
-----------------------------------------------------------------------------
                  0.00    0.00    0.00   clock core_clock (rise edge)
                          0.00    0.00   clock network delay (ideal)
                  0.00    0.00    0.00 ^ _6089_/CLK (sky130_fd_sc_hd__dfxtp_2)
     2    0.00    0.04    0.29    0.29 ^ _6089_/Q (sky130_fd_sc_hd__dfxtp_2)
                                         reg_file.memory[10][23] (net)
                  0.04    0.00    0.29 ^ _5369_/A0 (sky130_fd_sc_hd__mux2_2)
     1    0.00    0.04    0.13    0.42 ^ _5369_/X (sky130_fd_sc_hd__mux2_2)
                                         _2680_ (net)
                  0.04    0.00    0.42 ^ _5370_/A (sky130_fd_sc_hd__buf_1)
     1    0.00    0.03    0.07    0.49 ^ _5370_/X (sky130_fd_sc_hd__buf_1)
                                         _0324_ (net)
                  0.03    0.00    0.49 ^ _6089_/D (sky130_fd_sc_hd__dfxtp_2)
                                  0.49   data arrival time

                  0.00    0.00    0.00   clock core_clock (rise edge)
                          0.00    0.00   clock network delay (ideal)
                          0.00    0.00   clock reconvergence pessimism
                                  0.00 ^ _6089_/CLK (sky130_fd_sc_hd__dfxtp_2)
                         -0.03   -0.03   library hold time
                                 -0.03   data required time
-----------------------------------------------------------------------------
                                 -0.03   data required time
                                 -0.49   data arrival time
-----------------------------------------------------------------------------
                                  0.52   slack (MET)


Startpoint: _5874_ (rising edge-triggered flip-flop clocked by core_clock)
Endpoint: _5874_ (rising edge-triggered flip-flop clocked by core_clock)
Path Group: core_clock
Path Type: min

Fanout     Cap    Slew   Delay    Time   Description
-----------------------------------------------------------------------------
                  0.00    0.00    0.00   clock core_clock (rise edge)
                          0.00    0.00   clock network delay (ideal)
                  0.00    0.00    0.00 ^ _5874_/CLK (sky130_fd_sc_hd__dfxtp_2)
     2    0.00    0.04    0.29    0.29 ^ _5874_/Q (sky130_fd_sc_hd__dfxtp_2)
                                         reg_file.memory[4][0] (net)
                  0.04    0.00    0.29 ^ _4884_/A1 (sky130_fd_sc_hd__mux2_2)
     1    0.00    0.04    0.13    0.42 ^ _4884_/X (sky130_fd_sc_hd__mux2_2)
                                         _2410_ (net)
                  0.04    0.00    0.42 ^ _4885_/A (sky130_fd_sc_hd__buf_1)
     1    0.00    0.04    0.07    0.49 ^ _4885_/X (sky130_fd_sc_hd__buf_1)
                                         _0109_ (net)
                  0.04    0.00    0.49 ^ _5874_/D (sky130_fd_sc_hd__dfxtp_2)
                                  0.49   data arrival time

                  0.00    0.00    0.00   clock core_clock (rise edge)
                          0.00    0.00   clock network delay (ideal)
                          0.00    0.00   clock reconvergence pessimism
                                  0.00 ^ _5874_/CLK (sky130_fd_sc_hd__dfxtp_2)
                         -0.04   -0.04   library hold time
                                 -0.04   data required time
-----------------------------------------------------------------------------
                                 -0.04   data required time
                                 -0.49   data arrival time
-----------------------------------------------------------------------------
                                  0.52   slack (MET)


Startpoint: _6215_ (rising edge-triggered flip-flop clocked by core_clock)
Endpoint: _6215_ (rising edge-triggered flip-flop clocked by core_clock)
Path Group: core_clock
Path Type: min

Fanout     Cap    Slew   Delay    Time   Description
-----------------------------------------------------------------------------
                  0.00    0.00    0.00   clock core_clock (rise edge)
                          0.00    0.00   clock network delay (ideal)
                  0.00    0.00    0.00 ^ _6215_/CLK (sky130_fd_sc_hd__dfxtp_2)
     2    0.00    0.04    0.29    0.29 ^ _6215_/Q (sky130_fd_sc_hd__dfxtp_2)
                                         reg_file.memory[25][21] (net)
                  0.04    0.00    0.29 ^ _5636_/A1 (sky130_fd_sc_hd__mux2_2)
     1    0.00    0.04    0.13    0.42 ^ _5636_/X (sky130_fd_sc_hd__mux2_2)
                                         _2821_ (net)
                  0.04    0.00    0.42 ^ _5637_/A (sky130_fd_sc_hd__buf_1)
     1    0.00    0.03    0.07    0.49 ^ _5637_/X (sky130_fd_sc_hd__buf_1)
                                         _0450_ (net)
                  0.03    0.00    0.49 ^ _6215_/D (sky130_fd_sc_hd__dfxtp_2)
                                  0.49   data arrival time

                  0.00    0.00    0.00   clock core_clock (rise edge)
                          0.00    0.00   clock network delay (ideal)
                          0.00    0.00   clock reconvergence pessimism
                                  0.00 ^ _6215_/CLK (sky130_fd_sc_hd__dfxtp_2)
                         -0.03   -0.03   library hold time
                                 -0.03   data required time
-----------------------------------------------------------------------------
                                 -0.03   data required time
                                 -0.49   data arrival time
-----------------------------------------------------------------------------
                                  0.52   slack (MET)


Startpoint: _5969_ (rising edge-triggered flip-flop clocked by core_clock)
Endpoint: _5969_ (rising edge-triggered flip-flop clocked by core_clock)
Path Group: core_clock
Path Type: min

Fanout     Cap    Slew   Delay    Time   Description
-----------------------------------------------------------------------------
                  0.00    0.00    0.00   clock core_clock (rise edge)
                          0.00    0.00   clock network delay (ideal)
                  0.00    0.00    0.00 ^ _5969_/CLK (sky130_fd_sc_hd__dfxtp_2)
     2    0.00    0.04    0.29    0.29 ^ _5969_/Q (sky130_fd_sc_hd__dfxtp_2)
                                         reg_file.memory[6][31] (net)
                  0.04    0.00    0.29 ^ _5115_/A1 (sky130_fd_sc_hd__mux2_2)
     1    0.00    0.04    0.13    0.42 ^ _5115_/X (sky130_fd_sc_hd__mux2_2)
                                         _2546_ (net)
                  0.04    0.00    0.42 ^ _5116_/A (sky130_fd_sc_hd__buf_1)
     1    0.00    0.03    0.07    0.49 ^ _5116_/X (sky130_fd_sc_hd__buf_1)
                                         _0204_ (net)
                  0.03    0.00    0.49 ^ _5969_/D (sky130_fd_sc_hd__dfxtp_2)
                                  0.49   data arrival time

                  0.00    0.00    0.00   clock core_clock (rise edge)
                          0.00    0.00   clock network delay (ideal)
                          0.00    0.00   clock reconvergence pessimism
                                  0.00 ^ _5969_/CLK (sky130_fd_sc_hd__dfxtp_2)
                         -0.03   -0.03   library hold time
                                 -0.03   data required time
-----------------------------------------------------------------------------
                                 -0.03   data required time
                                 -0.49   data arrival time
-----------------------------------------------------------------------------
                                  0.52   slack (MET)


Startpoint: _6205_ (rising edge-triggered flip-flop clocked by core_clock)
Endpoint: _6205_ (rising edge-triggered flip-flop clocked by core_clock)
Path Group: core_clock
Path Type: min

Fanout     Cap    Slew   Delay    Time   Description
-----------------------------------------------------------------------------
                  0.00    0.00    0.00   clock core_clock (rise edge)
                          0.00    0.00   clock network delay (ideal)
                  0.00    0.00    0.00 ^ _6205_/CLK (sky130_fd_sc_hd__dfxtp_2)
     2    0.00    0.04    0.29    0.29 ^ _6205_/Q (sky130_fd_sc_hd__dfxtp_2)
                                         reg_file.memory[25][11] (net)
                  0.04    0.00    0.29 ^ _5615_/A1 (sky130_fd_sc_hd__mux2_2)
     1    0.00    0.04    0.13    0.42 ^ _5615_/X (sky130_fd_sc_hd__mux2_2)
                                         _2810_ (net)
                  0.04    0.00    0.42 ^ _5616_/A (sky130_fd_sc_hd__buf_1)
     1    0.00    0.03    0.07    0.49 ^ _5616_/X (sky130_fd_sc_hd__buf_1)
                                         _0440_ (net)
                  0.03    0.00    0.49 ^ _6205_/D (sky130_fd_sc_hd__dfxtp_2)
                                  0.49   data arrival time

                  0.00    0.00    0.00   clock core_clock (rise edge)
                          0.00    0.00   clock network delay (ideal)
                          0.00    0.00   clock reconvergence pessimism
                                  0.00 ^ _6205_/CLK (sky130_fd_sc_hd__dfxtp_2)
                         -0.03   -0.03   library hold time
                                 -0.03   data required time
-----------------------------------------------------------------------------
                                 -0.03   data required time
                                 -0.49   data arrival time
-----------------------------------------------------------------------------
                                  0.52   slack (MET)


Startpoint: _6096_ (rising edge-triggered flip-flop clocked by core_clock)
Endpoint: _6096_ (rising edge-triggered flip-flop clocked by core_clock)
Path Group: core_clock
Path Type: min

Fanout     Cap    Slew   Delay    Time   Description
-----------------------------------------------------------------------------
                  0.00    0.00    0.00   clock core_clock (rise edge)
                          0.00    0.00   clock network delay (ideal)
                  0.00    0.00    0.00 ^ _6096_/CLK (sky130_fd_sc_hd__dfxtp_2)
     2    0.00    0.04    0.29    0.29 ^ _6096_/Q (sky130_fd_sc_hd__dfxtp_2)
                                         reg_file.memory[10][30] (net)
                  0.04    0.00    0.29 ^ _5383_/A0 (sky130_fd_sc_hd__mux2_2)
     1    0.00    0.04    0.13    0.42 ^ _5383_/X (sky130_fd_sc_hd__mux2_2)
                                         _2687_ (net)
                  0.04    0.00    0.42 ^ _5384_/A (sky130_fd_sc_hd__buf_1)
     1    0.00    0.03    0.07    0.49 ^ _5384_/X (sky130_fd_sc_hd__buf_1)
                                         _0331_ (net)
                  0.03    0.00    0.49 ^ _6096_/D (sky130_fd_sc_hd__dfxtp_2)
                                  0.49   data arrival time

                  0.00    0.00    0.00   clock core_clock (rise edge)
                          0.00    0.00   clock network delay (ideal)
                          0.00    0.00   clock reconvergence pessimism
                                  0.00 ^ _6096_/CLK (sky130_fd_sc_hd__dfxtp_2)
                         -0.03   -0.03   library hold time
                                 -0.03   data required time
-----------------------------------------------------------------------------
                                 -0.03   data required time
                                 -0.49   data arrival time
-----------------------------------------------------------------------------
                                  0.52   slack (MET)


Startpoint: _5940_ (rising edge-triggered flip-flop clocked by core_clock)
Endpoint: _5940_ (rising edge-triggered flip-flop clocked by core_clock)
Path Group: core_clock
Path Type: min

Fanout     Cap    Slew   Delay    Time   Description
-----------------------------------------------------------------------------
                  0.00    0.00    0.00   clock core_clock (rise edge)
                          0.00    0.00   clock network delay (ideal)
                  0.00    0.00    0.00 ^ _5940_/CLK (sky130_fd_sc_hd__dfxtp_2)
     2    0.00    0.04    0.29    0.29 ^ _5940_/Q (sky130_fd_sc_hd__dfxtp_2)
                                         reg_file.memory[6][2] (net)
                  0.04    0.00    0.29 ^ _5055_/A1 (sky130_fd_sc_hd__mux2_2)
     1    0.00    0.04    0.13    0.42 ^ _5055_/X (sky130_fd_sc_hd__mux2_2)
                                         _2515_ (net)
                  0.04    0.00    0.42 ^ _5056_/A (sky130_fd_sc_hd__buf_1)
     1    0.00    0.03    0.07    0.49 ^ _5056_/X (sky130_fd_sc_hd__buf_1)
                                         _0175_ (net)
                  0.03    0.00    0.49 ^ _5940_/D (sky130_fd_sc_hd__dfxtp_2)
                                  0.49   data arrival time

                  0.00    0.00    0.00   clock core_clock (rise edge)
                          0.00    0.00   clock network delay (ideal)
                          0.00    0.00   clock reconvergence pessimism
                                  0.00 ^ _5940_/CLK (sky130_fd_sc_hd__dfxtp_2)
                         -0.03   -0.03   library hold time
                                 -0.03   data required time
-----------------------------------------------------------------------------
                                 -0.03   data required time
                                 -0.49   data arrival time
-----------------------------------------------------------------------------
                                  0.52   slack (MET)


Startpoint: _5942_ (rising edge-triggered flip-flop clocked by core_clock)
Endpoint: _5942_ (rising edge-triggered flip-flop clocked by core_clock)
Path Group: core_clock
Path Type: min

Fanout     Cap    Slew   Delay    Time   Description
-----------------------------------------------------------------------------
                  0.00    0.00    0.00   clock core_clock (rise edge)
                          0.00    0.00   clock network delay (ideal)
                  0.00    0.00    0.00 ^ _5942_/CLK (sky130_fd_sc_hd__dfxtp_2)
     2    0.00    0.04    0.29    0.29 ^ _5942_/Q (sky130_fd_sc_hd__dfxtp_2)
                                         reg_file.memory[6][4] (net)
                  0.04    0.00    0.29 ^ _5059_/A1 (sky130_fd_sc_hd__mux2_2)
     1    0.00    0.04    0.13    0.42 ^ _5059_/X (sky130_fd_sc_hd__mux2_2)
                                         _2517_ (net)
                  0.04    0.00    0.42 ^ _5060_/A (sky130_fd_sc_hd__buf_1)
     1    0.00    0.03    0.07    0.49 ^ _5060_/X (sky130_fd_sc_hd__buf_1)
                                         _0177_ (net)
                  0.03    0.00    0.49 ^ _5942_/D (sky130_fd_sc_hd__dfxtp_2)
                                  0.49   data arrival time

                  0.00    0.00    0.00   clock core_clock (rise edge)
                          0.00    0.00   clock network delay (ideal)
                          0.00    0.00   clock reconvergence pessimism
                                  0.00 ^ _5942_/CLK (sky130_fd_sc_hd__dfxtp_2)
                         -0.03   -0.03   library hold time
                                 -0.03   data required time
-----------------------------------------------------------------------------
                                 -0.03   data required time
                                 -0.49   data arrival time
-----------------------------------------------------------------------------
                                  0.52   slack (MET)


Startpoint: _6025_ (rising edge-triggered flip-flop clocked by core_clock)
Endpoint: _6025_ (rising edge-triggered flip-flop clocked by core_clock)
Path Group: core_clock
Path Type: min

Fanout     Cap    Slew   Delay    Time   Description
-----------------------------------------------------------------------------
                  0.00    0.00    0.00   clock core_clock (rise edge)
                          0.00    0.00   clock network delay (ideal)
                  0.00    0.00    0.00 ^ _6025_/CLK (sky130_fd_sc_hd__dfxtp_2)
     2    0.00    0.04    0.29    0.29 ^ _6025_/Q (sky130_fd_sc_hd__dfxtp_2)
                                         reg_file.memory[8][23] (net)
                  0.04    0.00    0.29 ^ _5237_/A0 (sky130_fd_sc_hd__mux2_2)
     1    0.00    0.04    0.13    0.42 ^ _5237_/X (sky130_fd_sc_hd__mux2_2)
                                         _2612_ (net)
                  0.04    0.00    0.42 ^ _5238_/A (sky130_fd_sc_hd__buf_1)
     1    0.00    0.03    0.07    0.49 ^ _5238_/X (sky130_fd_sc_hd__buf_1)
                                         _0260_ (net)
                  0.03    0.00    0.49 ^ _6025_/D (sky130_fd_sc_hd__dfxtp_2)
                                  0.49   data arrival time

                  0.00    0.00    0.00   clock core_clock (rise edge)
                          0.00    0.00   clock network delay (ideal)
                          0.00    0.00   clock reconvergence pessimism
                                  0.00 ^ _6025_/CLK (sky130_fd_sc_hd__dfxtp_2)
                         -0.03   -0.03   library hold time
                                 -0.03   data required time
-----------------------------------------------------------------------------
                                 -0.03   data required time
                                 -0.49   data arrival time
-----------------------------------------------------------------------------
                                  0.52   slack (MET)


Startpoint: _6016_ (rising edge-triggered flip-flop clocked by core_clock)
Endpoint: _6016_ (rising edge-triggered flip-flop clocked by core_clock)
Path Group: core_clock
Path Type: min

Fanout     Cap    Slew   Delay    Time   Description
-----------------------------------------------------------------------------
                  0.00    0.00    0.00   clock core_clock (rise edge)
                          0.00    0.00   clock network delay (ideal)
                  0.00    0.00    0.00 ^ _6016_/CLK (sky130_fd_sc_hd__dfxtp_2)
     2    0.00    0.04    0.29    0.29 ^ _6016_/Q (sky130_fd_sc_hd__dfxtp_2)
                                         reg_file.memory[8][14] (net)
                  0.04    0.00    0.29 ^ _5218_/A0 (sky130_fd_sc_hd__mux2_2)
     1    0.00    0.04    0.13    0.42 ^ _5218_/X (sky130_fd_sc_hd__mux2_2)
                                         _2602_ (net)
                  0.04    0.00    0.42 ^ _5219_/A (sky130_fd_sc_hd__buf_1)
     1    0.00    0.03    0.07    0.49 ^ _5219_/X (sky130_fd_sc_hd__buf_1)
                                         _0251_ (net)
                  0.03    0.00    0.49 ^ _6016_/D (sky130_fd_sc_hd__dfxtp_2)
                                  0.49   data arrival time

                  0.00    0.00    0.00   clock core_clock (rise edge)
                          0.00    0.00   clock network delay (ideal)
                          0.00    0.00   clock reconvergence pessimism
                                  0.00 ^ _6016_/CLK (sky130_fd_sc_hd__dfxtp_2)
                         -0.03   -0.03   library hold time
                                 -0.03   data required time
-----------------------------------------------------------------------------
                                 -0.03   data required time
                                 -0.49   data arrival time
-----------------------------------------------------------------------------
                                  0.52   slack (MET)


Startpoint: _6017_ (rising edge-triggered flip-flop clocked by core_clock)
Endpoint: _6017_ (rising edge-triggered flip-flop clocked by core_clock)
Path Group: core_clock
Path Type: min

Fanout     Cap    Slew   Delay    Time   Description
-----------------------------------------------------------------------------
                  0.00    0.00    0.00   clock core_clock (rise edge)
                          0.00    0.00   clock network delay (ideal)
                  0.00    0.00    0.00 ^ _6017_/CLK (sky130_fd_sc_hd__dfxtp_2)
     2    0.00    0.04    0.29    0.29 ^ _6017_/Q (sky130_fd_sc_hd__dfxtp_2)
                                         reg_file.memory[8][15] (net)
                  0.04    0.00    0.29 ^ _5220_/A0 (sky130_fd_sc_hd__mux2_2)
     1    0.00    0.04    0.13    0.42 ^ _5220_/X (sky130_fd_sc_hd__mux2_2)
                                         _2603_ (net)
                  0.04    0.00    0.42 ^ _5221_/A (sky130_fd_sc_hd__buf_1)
     1    0.00    0.03    0.07    0.49 ^ _5221_/X (sky130_fd_sc_hd__buf_1)
                                         _0252_ (net)
                  0.03    0.00    0.49 ^ _6017_/D (sky130_fd_sc_hd__dfxtp_2)
                                  0.49   data arrival time

                  0.00    0.00    0.00   clock core_clock (rise edge)
                          0.00    0.00   clock network delay (ideal)
                          0.00    0.00   clock reconvergence pessimism
                                  0.00 ^ _6017_/CLK (sky130_fd_sc_hd__dfxtp_2)
                         -0.03   -0.03   library hold time
                                 -0.03   data required time
-----------------------------------------------------------------------------
                                 -0.03   data required time
                                 -0.49   data arrival time
-----------------------------------------------------------------------------
                                  0.52   slack (MET)


Startpoint: _6217_ (rising edge-triggered flip-flop clocked by core_clock)
Endpoint: _6217_ (rising edge-triggered flip-flop clocked by core_clock)
Path Group: core_clock
Path Type: min

Fanout     Cap    Slew   Delay    Time   Description
-----------------------------------------------------------------------------
                  0.00    0.00    0.00   clock core_clock (rise edge)
                          0.00    0.00   clock network delay (ideal)
                  0.00    0.00    0.00 ^ _6217_/CLK (sky130_fd_sc_hd__dfxtp_2)
     2    0.00    0.04    0.29    0.29 ^ _6217_/Q (sky130_fd_sc_hd__dfxtp_2)
                                         reg_file.memory[25][23] (net)
                  0.04    0.00    0.29 ^ _5640_/A1 (sky130_fd_sc_hd__mux2_2)
     1    0.00    0.04    0.13    0.42 ^ _5640_/X (sky130_fd_sc_hd__mux2_2)
                                         _2823_ (net)
                  0.04    0.00    0.42 ^ _5641_/A (sky130_fd_sc_hd__buf_1)
     1    0.00    0.03    0.07    0.49 ^ _5641_/X (sky130_fd_sc_hd__buf_1)
                                         _0452_ (net)
                  0.03    0.00    0.49 ^ _6217_/D (sky130_fd_sc_hd__dfxtp_2)
                                  0.49   data arrival time

                  0.00    0.00    0.00   clock core_clock (rise edge)
                          0.00    0.00   clock network delay (ideal)
                          0.00    0.00   clock reconvergence pessimism
                                  0.00 ^ _6217_/CLK (sky130_fd_sc_hd__dfxtp_2)
                         -0.03   -0.03   library hold time
                                 -0.03   data required time
-----------------------------------------------------------------------------
                                 -0.03   data required time
                                 -0.49   data arrival time
-----------------------------------------------------------------------------
                                  0.52   slack (MET)


Startpoint: _5952_ (rising edge-triggered flip-flop clocked by core_clock)
Endpoint: _5952_ (rising edge-triggered flip-flop clocked by core_clock)
Path Group: core_clock
Path Type: min

Fanout     Cap    Slew   Delay    Time   Description
-----------------------------------------------------------------------------
                  0.00    0.00    0.00   clock core_clock (rise edge)
                          0.00    0.00   clock network delay (ideal)
                  0.00    0.00    0.00 ^ _5952_/CLK (sky130_fd_sc_hd__dfxtp_2)
     2    0.00    0.04    0.29    0.29 ^ _5952_/Q (sky130_fd_sc_hd__dfxtp_2)
                                         reg_file.memory[6][14] (net)
                  0.04    0.00    0.29 ^ _5080_/A1 (sky130_fd_sc_hd__mux2_2)
     1    0.00    0.04    0.13    0.42 ^ _5080_/X (sky130_fd_sc_hd__mux2_2)
                                         _2528_ (net)
                  0.04    0.00    0.42 ^ _5081_/A (sky130_fd_sc_hd__buf_1)
     1    0.00    0.03    0.07    0.49 ^ _5081_/X (sky130_fd_sc_hd__buf_1)
                                         _0187_ (net)
                  0.03    0.00    0.49 ^ _5952_/D (sky130_fd_sc_hd__dfxtp_2)
                                  0.49   data arrival time

                  0.00    0.00    0.00   clock core_clock (rise edge)
                          0.00    0.00   clock network delay (ideal)
                          0.00    0.00   clock reconvergence pessimism
                                  0.00 ^ _5952_/CLK (sky130_fd_sc_hd__dfxtp_2)
                         -0.03   -0.03   library hold time
                                 -0.03   data required time
-----------------------------------------------------------------------------
                                 -0.03   data required time
                                 -0.49   data arrival time
-----------------------------------------------------------------------------
                                  0.52   slack (MET)


Startpoint: _6022_ (rising edge-triggered flip-flop clocked by core_clock)
Endpoint: _6022_ (rising edge-triggered flip-flop clocked by core_clock)
Path Group: core_clock
Path Type: min

Fanout     Cap    Slew   Delay    Time   Description
-----------------------------------------------------------------------------
                  0.00    0.00    0.00   clock core_clock (rise edge)
                          0.00    0.00   clock network delay (ideal)
                  0.00    0.00    0.00 ^ _6022_/CLK (sky130_fd_sc_hd__dfxtp_2)
     2    0.00    0.04    0.29    0.29 ^ _6022_/Q (sky130_fd_sc_hd__dfxtp_2)
                                         reg_file.memory[8][20] (net)
                  0.04    0.00    0.29 ^ _5231_/A0 (sky130_fd_sc_hd__mux2_2)
     1    0.00    0.04    0.13    0.42 ^ _5231_/X (sky130_fd_sc_hd__mux2_2)
                                         _2609_ (net)
                  0.04    0.00    0.42 ^ _5232_/A (sky130_fd_sc_hd__buf_1)
     1    0.00    0.03    0.07    0.49 ^ _5232_/X (sky130_fd_sc_hd__buf_1)
                                         _0257_ (net)
                  0.03    0.00    0.49 ^ _6022_/D (sky130_fd_sc_hd__dfxtp_2)
                                  0.49   data arrival time

                  0.00    0.00    0.00   clock core_clock (rise edge)
                          0.00    0.00   clock network delay (ideal)
                          0.00    0.00   clock reconvergence pessimism
                                  0.00 ^ _6022_/CLK (sky130_fd_sc_hd__dfxtp_2)
                         -0.03   -0.03   library hold time
                                 -0.03   data required time
-----------------------------------------------------------------------------
                                 -0.03   data required time
                                 -0.49   data arrival time
-----------------------------------------------------------------------------
                                  0.52   slack (MET)


Startpoint: _5953_ (rising edge-triggered flip-flop clocked by core_clock)
Endpoint: _5953_ (rising edge-triggered flip-flop clocked by core_clock)
Path Group: core_clock
Path Type: min

Fanout     Cap    Slew   Delay    Time   Description
-----------------------------------------------------------------------------
                  0.00    0.00    0.00   clock core_clock (rise edge)
                          0.00    0.00   clock network delay (ideal)
                  0.00    0.00    0.00 ^ _5953_/CLK (sky130_fd_sc_hd__dfxtp_2)
     2    0.00    0.04    0.29    0.29 ^ _5953_/Q (sky130_fd_sc_hd__dfxtp_2)
                                         reg_file.memory[6][15] (net)
                  0.04    0.00    0.29 ^ _5082_/A1 (sky130_fd_sc_hd__mux2_2)
     1    0.00    0.04    0.13    0.42 ^ _5082_/X (sky130_fd_sc_hd__mux2_2)
                                         _2529_ (net)
                  0.04    0.00    0.42 ^ _5083_/A (sky130_fd_sc_hd__buf_1)
     1    0.00    0.03    0.07    0.49 ^ _5083_/X (sky130_fd_sc_hd__buf_1)
                                         _0188_ (net)
                  0.03    0.00    0.49 ^ _5953_/D (sky130_fd_sc_hd__dfxtp_2)
                                  0.49   data arrival time

                  0.00    0.00    0.00   clock core_clock (rise edge)
                          0.00    0.00   clock network delay (ideal)
                          0.00    0.00   clock reconvergence pessimism
                                  0.00 ^ _5953_/CLK (sky130_fd_sc_hd__dfxtp_2)
                         -0.03   -0.03   library hold time
                                 -0.03   data required time
-----------------------------------------------------------------------------
                                 -0.03   data required time
                                 -0.49   data arrival time
-----------------------------------------------------------------------------
                                  0.52   slack (MET)


Startpoint: _6008_ (rising edge-triggered flip-flop clocked by core_clock)
Endpoint: _6008_ (rising edge-triggered flip-flop clocked by core_clock)
Path Group: core_clock
Path Type: min

Fanout     Cap    Slew   Delay    Time   Description
-----------------------------------------------------------------------------
                  0.00    0.00    0.00   clock core_clock (rise edge)
                          0.00    0.00   clock network delay (ideal)
                  0.00    0.00    0.00 ^ _6008_/CLK (sky130_fd_sc_hd__dfxtp_2)
     2    0.00    0.04    0.29    0.29 ^ _6008_/Q (sky130_fd_sc_hd__dfxtp_2)
                                         reg_file.memory[8][6] (net)
                  0.04    0.00    0.29 ^ _5201_/A0 (sky130_fd_sc_hd__mux2_2)
     1    0.00    0.04    0.13    0.42 ^ _5201_/X (sky130_fd_sc_hd__mux2_2)
                                         _2593_ (net)
                  0.04    0.00    0.42 ^ _5202_/A (sky130_fd_sc_hd__buf_1)
     1    0.00    0.03    0.07    0.49 ^ _5202_/X (sky130_fd_sc_hd__buf_1)
                                         _0243_ (net)
                  0.03    0.00    0.49 ^ _6008_/D (sky130_fd_sc_hd__dfxtp_2)
                                  0.49   data arrival time

                  0.00    0.00    0.00   clock core_clock (rise edge)
                          0.00    0.00   clock network delay (ideal)
                          0.00    0.00   clock reconvergence pessimism
                                  0.00 ^ _6008_/CLK (sky130_fd_sc_hd__dfxtp_2)
                         -0.03   -0.03   library hold time
                                 -0.03   data required time
-----------------------------------------------------------------------------
                                 -0.03   data required time
                                 -0.49   data arrival time
-----------------------------------------------------------------------------
                                  0.52   slack (MET)


Startpoint: _6204_ (rising edge-triggered flip-flop clocked by core_clock)
Endpoint: _6204_ (rising edge-triggered flip-flop clocked by core_clock)
Path Group: core_clock
Path Type: min

Fanout     Cap    Slew   Delay    Time   Description
-----------------------------------------------------------------------------
                  0.00    0.00    0.00   clock core_clock (rise edge)
                          0.00    0.00   clock network delay (ideal)
                  0.00    0.00    0.00 ^ _6204_/CLK (sky130_fd_sc_hd__dfxtp_2)
     2    0.00    0.04    0.29    0.29 ^ _6204_/Q (sky130_fd_sc_hd__dfxtp_2)
                                         reg_file.memory[25][10] (net)
                  0.04    0.00    0.29 ^ _5613_/A1 (sky130_fd_sc_hd__mux2_2)
     1    0.00    0.04    0.13    0.42 ^ _5613_/X (sky130_fd_sc_hd__mux2_2)
                                         _2809_ (net)
                  0.04    0.00    0.42 ^ _5614_/A (sky130_fd_sc_hd__buf_1)
     1    0.00    0.03    0.07    0.49 ^ _5614_/X (sky130_fd_sc_hd__buf_1)
                                         _0439_ (net)
                  0.03    0.00    0.49 ^ _6204_/D (sky130_fd_sc_hd__dfxtp_2)
                                  0.49   data arrival time

                  0.00    0.00    0.00   clock core_clock (rise edge)
                          0.00    0.00   clock network delay (ideal)
                          0.00    0.00   clock reconvergence pessimism
                                  0.00 ^ _6204_/CLK (sky130_fd_sc_hd__dfxtp_2)
                         -0.04   -0.04   library hold time
                                 -0.04   data required time
-----------------------------------------------------------------------------
                                 -0.04   data required time
                                 -0.49   data arrival time
-----------------------------------------------------------------------------
                                  0.52   slack (MET)


Startpoint: _5966_ (rising edge-triggered flip-flop clocked by core_clock)
Endpoint: _5966_ (rising edge-triggered flip-flop clocked by core_clock)
Path Group: core_clock
Path Type: min

Fanout     Cap    Slew   Delay    Time   Description
-----------------------------------------------------------------------------
                  0.00    0.00    0.00   clock core_clock (rise edge)
                          0.00    0.00   clock network delay (ideal)
                  0.00    0.00    0.00 ^ _5966_/CLK (sky130_fd_sc_hd__dfxtp_2)
     2    0.00    0.04    0.29    0.29 ^ _5966_/Q (sky130_fd_sc_hd__dfxtp_2)
                                         reg_file.memory[6][28] (net)
                  0.04    0.00    0.29 ^ _5109_/A1 (sky130_fd_sc_hd__mux2_2)
     1    0.00    0.04    0.13    0.42 ^ _5109_/X (sky130_fd_sc_hd__mux2_2)
                                         _2543_ (net)
                  0.04    0.00    0.42 ^ _5110_/A (sky130_fd_sc_hd__buf_1)
     1    0.00    0.03    0.07    0.49 ^ _5110_/X (sky130_fd_sc_hd__buf_1)
                                         _0201_ (net)
                  0.03    0.00    0.49 ^ _5966_/D (sky130_fd_sc_hd__dfxtp_2)
                                  0.49   data arrival time

                  0.00    0.00    0.00   clock core_clock (rise edge)
                          0.00    0.00   clock network delay (ideal)
                          0.00    0.00   clock reconvergence pessimism
                                  0.00 ^ _5966_/CLK (sky130_fd_sc_hd__dfxtp_2)
                         -0.03   -0.03   library hold time
                                 -0.03   data required time
-----------------------------------------------------------------------------
                                 -0.03   data required time
                                 -0.49   data arrival time
-----------------------------------------------------------------------------
                                  0.52   slack (MET)


Startpoint: _6222_ (rising edge-triggered flip-flop clocked by core_clock)
Endpoint: _6222_ (rising edge-triggered flip-flop clocked by core_clock)
Path Group: core_clock
Path Type: min

Fanout     Cap    Slew   Delay    Time   Description
-----------------------------------------------------------------------------
                  0.00    0.00    0.00   clock core_clock (rise edge)
                          0.00    0.00   clock network delay (ideal)
                  0.00    0.00    0.00 ^ _6222_/CLK (sky130_fd_sc_hd__dfxtp_2)
     2    0.00    0.04    0.29    0.29 ^ _6222_/Q (sky130_fd_sc_hd__dfxtp_2)
                                         reg_file.memory[25][28] (net)
                  0.04    0.00    0.29 ^ _5650_/A1 (sky130_fd_sc_hd__mux2_2)
     1    0.00    0.04    0.13    0.42 ^ _5650_/X (sky130_fd_sc_hd__mux2_2)
                                         _2828_ (net)
                  0.04    0.00    0.42 ^ _5651_/A (sky130_fd_sc_hd__buf_1)
     1    0.00    0.03    0.07    0.49 ^ _5651_/X (sky130_fd_sc_hd__buf_1)
                                         _0457_ (net)
                  0.03    0.00    0.49 ^ _6222_/D (sky130_fd_sc_hd__dfxtp_2)
                                  0.49   data arrival time

                  0.00    0.00    0.00   clock core_clock (rise edge)
                          0.00    0.00   clock network delay (ideal)
                          0.00    0.00   clock reconvergence pessimism
                                  0.00 ^ _6222_/CLK (sky130_fd_sc_hd__dfxtp_2)
                         -0.03   -0.03   library hold time
                                 -0.03   data required time
-----------------------------------------------------------------------------
                                 -0.03   data required time
                                 -0.49   data arrival time
-----------------------------------------------------------------------------
                                  0.52   slack (MET)


Startpoint: _5897_ (rising edge-triggered flip-flop clocked by core_clock)
Endpoint: _5897_ (rising edge-triggered flip-flop clocked by core_clock)
Path Group: core_clock
Path Type: min

Fanout     Cap    Slew   Delay    Time   Description
-----------------------------------------------------------------------------
                  0.00    0.00    0.00   clock core_clock (rise edge)
                          0.00    0.00   clock network delay (ideal)
                  0.00    0.00    0.00 ^ _5897_/CLK (sky130_fd_sc_hd__dfxtp_2)
     2    0.00    0.04    0.29    0.29 ^ _5897_/Q (sky130_fd_sc_hd__dfxtp_2)
                                         reg_file.memory[4][23] (net)
                  0.04    0.00    0.29 ^ _4955_/A1 (sky130_fd_sc_hd__mux2_2)
     1    0.00    0.04    0.13    0.42 ^ _4955_/X (sky130_fd_sc_hd__mux2_2)
                                         _2458_ (net)
                  0.04    0.00    0.42 ^ _4956_/A (sky130_fd_sc_hd__buf_1)
     1    0.00    0.03    0.07    0.49 ^ _4956_/X (sky130_fd_sc_hd__buf_1)
                                         _0132_ (net)
                  0.03    0.00    0.49 ^ _5897_/D (sky130_fd_sc_hd__dfxtp_2)
                                  0.49   data arrival time

                  0.00    0.00    0.00   clock core_clock (rise edge)
                          0.00    0.00   clock network delay (ideal)
                          0.00    0.00   clock reconvergence pessimism
                                  0.00 ^ _5897_/CLK (sky130_fd_sc_hd__dfxtp_2)
                         -0.03   -0.03   library hold time
                                 -0.03   data required time
-----------------------------------------------------------------------------
                                 -0.03   data required time
                                 -0.49   data arrival time
-----------------------------------------------------------------------------
                                  0.52   slack (MET)


Startpoint: _5948_ (rising edge-triggered flip-flop clocked by core_clock)
Endpoint: _5948_ (rising edge-triggered flip-flop clocked by core_clock)
Path Group: core_clock
Path Type: min

Fanout     Cap    Slew   Delay    Time   Description
-----------------------------------------------------------------------------
                  0.00    0.00    0.00   clock core_clock (rise edge)
                          0.00    0.00   clock network delay (ideal)
                  0.00    0.00    0.00 ^ _5948_/CLK (sky130_fd_sc_hd__dfxtp_2)
     2    0.00    0.04    0.29    0.29 ^ _5948_/Q (sky130_fd_sc_hd__dfxtp_2)
                                         reg_file.memory[6][10] (net)
                  0.04    0.00    0.29 ^ _5072_/A1 (sky130_fd_sc_hd__mux2_2)
     1    0.00    0.04    0.13    0.42 ^ _5072_/X (sky130_fd_sc_hd__mux2_2)
                                         _2524_ (net)
                  0.04    0.00    0.42 ^ _5073_/A (sky130_fd_sc_hd__buf_1)
     1    0.00    0.03    0.07    0.49 ^ _5073_/X (sky130_fd_sc_hd__buf_1)
                                         _0183_ (net)
                  0.03    0.00    0.49 ^ _5948_/D (sky130_fd_sc_hd__dfxtp_2)
                                  0.49   data arrival time

                  0.00    0.00    0.00   clock core_clock (rise edge)
                          0.00    0.00   clock network delay (ideal)
                          0.00    0.00   clock reconvergence pessimism
                                  0.00 ^ _5948_/CLK (sky130_fd_sc_hd__dfxtp_2)
                         -0.03   -0.03   library hold time
                                 -0.03   data required time
-----------------------------------------------------------------------------
                                 -0.03   data required time
                                 -0.49   data arrival time
-----------------------------------------------------------------------------
                                  0.52   slack (MET)


Startpoint: _6015_ (rising edge-triggered flip-flop clocked by core_clock)
Endpoint: _6015_ (rising edge-triggered flip-flop clocked by core_clock)
Path Group: core_clock
Path Type: min

Fanout     Cap    Slew   Delay    Time   Description
-----------------------------------------------------------------------------
                  0.00    0.00    0.00   clock core_clock (rise edge)
                          0.00    0.00   clock network delay (ideal)
                  0.00    0.00    0.00 ^ _6015_/CLK (sky130_fd_sc_hd__dfxtp_2)
     2    0.00    0.04    0.29    0.29 ^ _6015_/Q (sky130_fd_sc_hd__dfxtp_2)
                                         reg_file.memory[8][13] (net)
                  0.04    0.00    0.29 ^ _5216_/A0 (sky130_fd_sc_hd__mux2_2)
     1    0.00    0.04    0.13    0.42 ^ _5216_/X (sky130_fd_sc_hd__mux2_2)
                                         _2601_ (net)
                  0.04    0.00    0.42 ^ _5217_/A (sky130_fd_sc_hd__buf_1)
     1    0.00    0.03    0.07    0.49 ^ _5217_/X (sky130_fd_sc_hd__buf_1)
                                         _0250_ (net)
                  0.03    0.00    0.49 ^ _6015_/D (sky130_fd_sc_hd__dfxtp_2)
                                  0.49   data arrival time

                  0.00    0.00    0.00   clock core_clock (rise edge)
                          0.00    0.00   clock network delay (ideal)
                          0.00    0.00   clock reconvergence pessimism
                                  0.00 ^ _6015_/CLK (sky130_fd_sc_hd__dfxtp_2)
                         -0.03   -0.03   library hold time
                                 -0.03   data required time
-----------------------------------------------------------------------------
                                 -0.03   data required time
                                 -0.49   data arrival time
-----------------------------------------------------------------------------
                                  0.52   slack (MET)


Startpoint: _6019_ (rising edge-triggered flip-flop clocked by core_clock)
Endpoint: _6019_ (rising edge-triggered flip-flop clocked by core_clock)
Path Group: core_clock
Path Type: min

Fanout     Cap    Slew   Delay    Time   Description
-----------------------------------------------------------------------------
                  0.00    0.00    0.00   clock core_clock (rise edge)
                          0.00    0.00   clock network delay (ideal)
                  0.00    0.00    0.00 ^ _6019_/CLK (sky130_fd_sc_hd__dfxtp_2)
     2    0.00    0.04    0.29    0.29 ^ _6019_/Q (sky130_fd_sc_hd__dfxtp_2)
                                         reg_file.memory[8][17] (net)
                  0.04    0.00    0.29 ^ _5224_/A0 (sky130_fd_sc_hd__mux2_2)
     1    0.00    0.04    0.13    0.42 ^ _5224_/X (sky130_fd_sc_hd__mux2_2)
                                         _2605_ (net)
                  0.04    0.00    0.42 ^ _5225_/A (sky130_fd_sc_hd__buf_1)
     1    0.00    0.03    0.07    0.49 ^ _5225_/X (sky130_fd_sc_hd__buf_1)
                                         _0254_ (net)
                  0.03    0.00    0.49 ^ _6019_/D (sky130_fd_sc_hd__dfxtp_2)
                                  0.49   data arrival time

                  0.00    0.00    0.00   clock core_clock (rise edge)
                          0.00    0.00   clock network delay (ideal)
                          0.00    0.00   clock reconvergence pessimism
                                  0.00 ^ _6019_/CLK (sky130_fd_sc_hd__dfxtp_2)
                         -0.03   -0.03   library hold time
                                 -0.03   data required time
-----------------------------------------------------------------------------
                                 -0.03   data required time
                                 -0.49   data arrival time
-----------------------------------------------------------------------------
                                  0.52   slack (MET)


Startpoint: _5902_ (rising edge-triggered flip-flop clocked by core_clock)
Endpoint: _5902_ (rising edge-triggered flip-flop clocked by core_clock)
Path Group: core_clock
Path Type: min

Fanout     Cap    Slew   Delay    Time   Description
-----------------------------------------------------------------------------
                  0.00    0.00    0.00   clock core_clock (rise edge)
                          0.00    0.00   clock network delay (ideal)
                  0.00    0.00    0.00 ^ _5902_/CLK (sky130_fd_sc_hd__dfxtp_2)
     2    0.00    0.04    0.29    0.29 ^ _5902_/Q (sky130_fd_sc_hd__dfxtp_2)
                                         reg_file.memory[4][28] (net)
                  0.04    0.00    0.29 ^ _4970_/A1 (sky130_fd_sc_hd__mux2_2)
     1    0.00    0.04    0.13    0.42 ^ _4970_/X (sky130_fd_sc_hd__mux2_2)
                                         _2468_ (net)
                  0.04    0.00    0.42 ^ _4971_/A (sky130_fd_sc_hd__buf_1)
     1    0.00    0.03    0.07    0.49 ^ _4971_/X (sky130_fd_sc_hd__buf_1)
                                         _0137_ (net)
                  0.03    0.00    0.49 ^ _5902_/D (sky130_fd_sc_hd__dfxtp_2)
                                  0.49   data arrival time

                  0.00    0.00    0.00   clock core_clock (rise edge)
                          0.00    0.00   clock network delay (ideal)
                          0.00    0.00   clock reconvergence pessimism
                                  0.00 ^ _5902_/CLK (sky130_fd_sc_hd__dfxtp_2)
                         -0.03   -0.03   library hold time
                                 -0.03   data required time
-----------------------------------------------------------------------------
                                 -0.03   data required time
                                 -0.49   data arrival time
-----------------------------------------------------------------------------
                                  0.52   slack (MET)


Startpoint: _6210_ (rising edge-triggered flip-flop clocked by core_clock)
Endpoint: _6210_ (rising edge-triggered flip-flop clocked by core_clock)
Path Group: core_clock
Path Type: min

Fanout     Cap    Slew   Delay    Time   Description
-----------------------------------------------------------------------------
                  0.00    0.00    0.00   clock core_clock (rise edge)
                          0.00    0.00   clock network delay (ideal)
                  0.00    0.00    0.00 ^ _6210_/CLK (sky130_fd_sc_hd__dfxtp_2)
     2    0.00    0.04    0.29    0.29 ^ _6210_/Q (sky130_fd_sc_hd__dfxtp_2)
                                         reg_file.memory[25][16] (net)
                  0.04    0.00    0.29 ^ _5625_/A1 (sky130_fd_sc_hd__mux2_2)
     1    0.00    0.04    0.13    0.42 ^ _5625_/X (sky130_fd_sc_hd__mux2_2)
                                         _2815_ (net)
                  0.04    0.00    0.42 ^ _5626_/A (sky130_fd_sc_hd__buf_1)
     1    0.00    0.03    0.07    0.49 ^ _5626_/X (sky130_fd_sc_hd__buf_1)
                                         _0445_ (net)
                  0.03    0.00    0.49 ^ _6210_/D (sky130_fd_sc_hd__dfxtp_2)
                                  0.49   data arrival time

                  0.00    0.00    0.00   clock core_clock (rise edge)
                          0.00    0.00   clock network delay (ideal)
                          0.00    0.00   clock reconvergence pessimism
                                  0.00 ^ _6210_/CLK (sky130_fd_sc_hd__dfxtp_2)
                         -0.03   -0.03   library hold time
                                 -0.03   data required time
-----------------------------------------------------------------------------
                                 -0.03   data required time
                                 -0.49   data arrival time
-----------------------------------------------------------------------------
                                  0.52   slack (MET)


Startpoint: _6084_ (rising edge-triggered flip-flop clocked by core_clock)
Endpoint: _6084_ (rising edge-triggered flip-flop clocked by core_clock)
Path Group: core_clock
Path Type: min

Fanout     Cap    Slew   Delay    Time   Description
-----------------------------------------------------------------------------
                  0.00    0.00    0.00   clock core_clock (rise edge)
                          0.00    0.00   clock network delay (ideal)
                  0.00    0.00    0.00 ^ _6084_/CLK (sky130_fd_sc_hd__dfxtp_2)
     2    0.00    0.04    0.29    0.29 ^ _6084_/Q (sky130_fd_sc_hd__dfxtp_2)
                                         reg_file.memory[10][18] (net)
                  0.04    0.00    0.29 ^ _5358_/A0 (sky130_fd_sc_hd__mux2_2)
     1    0.00    0.04    0.13    0.42 ^ _5358_/X (sky130_fd_sc_hd__mux2_2)
                                         _2674_ (net)
                  0.04    0.00    0.42 ^ _5359_/A (sky130_fd_sc_hd__buf_1)
     1    0.00    0.03    0.07    0.49 ^ _5359_/X (sky130_fd_sc_hd__buf_1)
                                         _0319_ (net)
                  0.03    0.00    0.49 ^ _6084_/D (sky130_fd_sc_hd__dfxtp_2)
                                  0.49   data arrival time

                  0.00    0.00    0.00   clock core_clock (rise edge)
                          0.00    0.00   clock network delay (ideal)
                          0.00    0.00   clock reconvergence pessimism
                                  0.00 ^ _6084_/CLK (sky130_fd_sc_hd__dfxtp_2)
                         -0.03   -0.03   library hold time
                                 -0.03   data required time
-----------------------------------------------------------------------------
                                 -0.03   data required time
                                 -0.49   data arrival time
-----------------------------------------------------------------------------
                                  0.52   slack (MET)


Startpoint: _6095_ (rising edge-triggered flip-flop clocked by core_clock)
Endpoint: _6095_ (rising edge-triggered flip-flop clocked by core_clock)
Path Group: core_clock
Path Type: min

Fanout     Cap    Slew   Delay    Time   Description
-----------------------------------------------------------------------------
                  0.00    0.00    0.00   clock core_clock (rise edge)
                          0.00    0.00   clock network delay (ideal)
                  0.00    0.00    0.00 ^ _6095_/CLK (sky130_fd_sc_hd__dfxtp_2)
     2    0.00    0.04    0.29    0.29 ^ _6095_/Q (sky130_fd_sc_hd__dfxtp_2)
                                         reg_file.memory[10][29] (net)
                  0.04    0.00    0.29 ^ _5381_/A0 (sky130_fd_sc_hd__mux2_2)
     1    0.00    0.04    0.13    0.42 ^ _5381_/X (sky130_fd_sc_hd__mux2_2)
                                         _2686_ (net)
                  0.04    0.00    0.42 ^ _5382_/A (sky130_fd_sc_hd__buf_1)
     1    0.00    0.04    0.07    0.49 ^ _5382_/X (sky130_fd_sc_hd__buf_1)
                                         _0330_ (net)
                  0.04    0.00    0.49 ^ _6095_/D (sky130_fd_sc_hd__dfxtp_2)
                                  0.49   data arrival time

                  0.00    0.00    0.00   clock core_clock (rise edge)
                          0.00    0.00   clock network delay (ideal)
                          0.00    0.00   clock reconvergence pessimism
                                  0.00 ^ _6095_/CLK (sky130_fd_sc_hd__dfxtp_2)
                         -0.04   -0.04   library hold time
                                 -0.04   data required time
-----------------------------------------------------------------------------
                                 -0.04   data required time
                                 -0.49   data arrival time
-----------------------------------------------------------------------------
                                  0.52   slack (MET)


Startpoint: _6018_ (rising edge-triggered flip-flop clocked by core_clock)
Endpoint: _6018_ (rising edge-triggered flip-flop clocked by core_clock)
Path Group: core_clock
Path Type: min

Fanout     Cap    Slew   Delay    Time   Description
-----------------------------------------------------------------------------
                  0.00    0.00    0.00   clock core_clock (rise edge)
                          0.00    0.00   clock network delay (ideal)
                  0.00    0.00    0.00 ^ _6018_/CLK (sky130_fd_sc_hd__dfxtp_2)
     2    0.00    0.04    0.29    0.29 ^ _6018_/Q (sky130_fd_sc_hd__dfxtp_2)
                                         reg_file.memory[8][16] (net)
                  0.04    0.00    0.29 ^ _5222_/A0 (sky130_fd_sc_hd__mux2_2)
     1    0.00    0.04    0.13    0.42 ^ _5222_/X (sky130_fd_sc_hd__mux2_2)
                                         _2604_ (net)
                  0.04    0.00    0.42 ^ _5223_/A (sky130_fd_sc_hd__buf_1)
     1    0.00    0.03    0.07    0.49 ^ _5223_/X (sky130_fd_sc_hd__buf_1)
                                         _0253_ (net)
                  0.03    0.00    0.49 ^ _6018_/D (sky130_fd_sc_hd__dfxtp_2)
                                  0.49   data arrival time

                  0.00    0.00    0.00   clock core_clock (rise edge)
                          0.00    0.00   clock network delay (ideal)
                          0.00    0.00   clock reconvergence pessimism
                                  0.00 ^ _6018_/CLK (sky130_fd_sc_hd__dfxtp_2)
                         -0.03   -0.03   library hold time
                                 -0.03   data required time
-----------------------------------------------------------------------------
                                 -0.03   data required time
                                 -0.49   data arrival time
-----------------------------------------------------------------------------
                                  0.52   slack (MET)


Startpoint: _5957_ (rising edge-triggered flip-flop clocked by core_clock)
Endpoint: _5957_ (rising edge-triggered flip-flop clocked by core_clock)
Path Group: core_clock
Path Type: min

Fanout     Cap    Slew   Delay    Time   Description
-----------------------------------------------------------------------------
                  0.00    0.00    0.00   clock core_clock (rise edge)
                          0.00    0.00   clock network delay (ideal)
                  0.00    0.00    0.00 ^ _5957_/CLK (sky130_fd_sc_hd__dfxtp_2)
     2    0.00    0.04    0.29    0.29 ^ _5957_/Q (sky130_fd_sc_hd__dfxtp_2)
                                         reg_file.memory[6][19] (net)
                  0.04    0.00    0.29 ^ _5090_/A1 (sky130_fd_sc_hd__mux2_2)
     1    0.00    0.04    0.13    0.42 ^ _5090_/X (sky130_fd_sc_hd__mux2_2)
                                         _2533_ (net)
                  0.04    0.00    0.42 ^ _5091_/A (sky130_fd_sc_hd__buf_1)
     1    0.00    0.03    0.07    0.49 ^ _5091_/X (sky130_fd_sc_hd__buf_1)
                                         _0192_ (net)
                  0.03    0.00    0.49 ^ _5957_/D (sky130_fd_sc_hd__dfxtp_2)
                                  0.49   data arrival time

                  0.00    0.00    0.00   clock core_clock (rise edge)
                          0.00    0.00   clock network delay (ideal)
                          0.00    0.00   clock reconvergence pessimism
                                  0.00 ^ _5957_/CLK (sky130_fd_sc_hd__dfxtp_2)
                         -0.03   -0.03   library hold time
                                 -0.03   data required time
-----------------------------------------------------------------------------
                                 -0.03   data required time
                                 -0.49   data arrival time
-----------------------------------------------------------------------------
                                  0.52   slack (MET)


Startpoint: _5904_ (rising edge-triggered flip-flop clocked by core_clock)
Endpoint: _5904_ (rising edge-triggered flip-flop clocked by core_clock)
Path Group: core_clock
Path Type: min

Fanout     Cap    Slew   Delay    Time   Description
-----------------------------------------------------------------------------
                  0.00    0.00    0.00   clock core_clock (rise edge)
                          0.00    0.00   clock network delay (ideal)
                  0.00    0.00    0.00 ^ _5904_/CLK (sky130_fd_sc_hd__dfxtp_2)
     2    0.00    0.04    0.29    0.29 ^ _5904_/Q (sky130_fd_sc_hd__dfxtp_2)
                                         reg_file.memory[4][30] (net)
                  0.04    0.00    0.29 ^ _4976_/A1 (sky130_fd_sc_hd__mux2_2)
     1    0.00    0.04    0.13    0.42 ^ _4976_/X (sky130_fd_sc_hd__mux2_2)
                                         _2472_ (net)
                  0.04    0.00    0.42 ^ _4977_/A (sky130_fd_sc_hd__buf_1)
     1    0.00    0.03    0.07    0.49 ^ _4977_/X (sky130_fd_sc_hd__buf_1)
                                         _0139_ (net)
                  0.03    0.00    0.49 ^ _5904_/D (sky130_fd_sc_hd__dfxtp_2)
                                  0.49   data arrival time

                  0.00    0.00    0.00   clock core_clock (rise edge)
                          0.00    0.00   clock network delay (ideal)
                          0.00    0.00   clock reconvergence pessimism
                                  0.00 ^ _5904_/CLK (sky130_fd_sc_hd__dfxtp_2)
                         -0.03   -0.03   library hold time
                                 -0.03   data required time
-----------------------------------------------------------------------------
                                 -0.03   data required time
                                 -0.49   data arrival time
-----------------------------------------------------------------------------
                                  0.52   slack (MET)


Startpoint: _6195_ (rising edge-triggered flip-flop clocked by core_clock)
Endpoint: _6195_ (rising edge-triggered flip-flop clocked by core_clock)
Path Group: core_clock
Path Type: min

Fanout     Cap    Slew   Delay    Time   Description
-----------------------------------------------------------------------------
                  0.00    0.00    0.00   clock core_clock (rise edge)
                          0.00    0.00   clock network delay (ideal)
                  0.00    0.00    0.00 ^ _6195_/CLK (sky130_fd_sc_hd__dfxtp_2)
     2    0.00    0.04    0.29    0.29 ^ _6195_/Q (sky130_fd_sc_hd__dfxtp_2)
                                         reg_file.memory[25][1] (net)
                  0.04    0.00    0.29 ^ _5594_/A1 (sky130_fd_sc_hd__mux2_2)
     1    0.00    0.04    0.13    0.42 ^ _5594_/X (sky130_fd_sc_hd__mux2_2)
                                         _2799_ (net)
                  0.04    0.00    0.42 ^ _5595_/A (sky130_fd_sc_hd__buf_1)
     1    0.00    0.03    0.07    0.49 ^ _5595_/X (sky130_fd_sc_hd__buf_1)
                                         _0430_ (net)
                  0.03    0.00    0.49 ^ _6195_/D (sky130_fd_sc_hd__dfxtp_2)
                                  0.49   data arrival time

                  0.00    0.00    0.00   clock core_clock (rise edge)
                          0.00    0.00   clock network delay (ideal)
                          0.00    0.00   clock reconvergence pessimism
                                  0.00 ^ _6195_/CLK (sky130_fd_sc_hd__dfxtp_2)
                         -0.03   -0.03   library hold time
                                 -0.03   data required time
-----------------------------------------------------------------------------
                                 -0.03   data required time
                                 -0.49   data arrival time
-----------------------------------------------------------------------------
                                  0.52   slack (MET)


Startpoint: _6009_ (rising edge-triggered flip-flop clocked by core_clock)
Endpoint: _6009_ (rising edge-triggered flip-flop clocked by core_clock)
Path Group: core_clock
Path Type: min

Fanout     Cap    Slew   Delay    Time   Description
-----------------------------------------------------------------------------
                  0.00    0.00    0.00   clock core_clock (rise edge)
                          0.00    0.00   clock network delay (ideal)
                  0.00    0.00    0.00 ^ _6009_/CLK (sky130_fd_sc_hd__dfxtp_2)
     2    0.00    0.04    0.29    0.29 ^ _6009_/Q (sky130_fd_sc_hd__dfxtp_2)
                                         reg_file.memory[8][7] (net)
                  0.04    0.00    0.29 ^ _5203_/A0 (sky130_fd_sc_hd__mux2_2)
     1    0.00    0.04    0.13    0.42 ^ _5203_/X (sky130_fd_sc_hd__mux2_2)
                                         _2594_ (net)
                  0.04    0.00    0.42 ^ _5204_/A (sky130_fd_sc_hd__buf_1)
     1    0.00    0.03    0.07    0.49 ^ _5204_/X (sky130_fd_sc_hd__buf_1)
                                         _0244_ (net)
                  0.03    0.00    0.49 ^ _6009_/D (sky130_fd_sc_hd__dfxtp_2)
                                  0.49   data arrival time

                  0.00    0.00    0.00   clock core_clock (rise edge)
                          0.00    0.00   clock network delay (ideal)
                          0.00    0.00   clock reconvergence pessimism
                                  0.00 ^ _6009_/CLK (sky130_fd_sc_hd__dfxtp_2)
                         -0.03   -0.03   library hold time
                                 -0.03   data required time
-----------------------------------------------------------------------------
                                 -0.03   data required time
                                 -0.49   data arrival time
-----------------------------------------------------------------------------
                                  0.53   slack (MET)


Startpoint: _6209_ (rising edge-triggered flip-flop clocked by core_clock)
Endpoint: _6209_ (rising edge-triggered flip-flop clocked by core_clock)
Path Group: core_clock
Path Type: min

Fanout     Cap    Slew   Delay    Time   Description
-----------------------------------------------------------------------------
                  0.00    0.00    0.00   clock core_clock (rise edge)
                          0.00    0.00   clock network delay (ideal)
                  0.00    0.00    0.00 ^ _6209_/CLK (sky130_fd_sc_hd__dfxtp_2)
     2    0.00    0.04    0.29    0.29 ^ _6209_/Q (sky130_fd_sc_hd__dfxtp_2)
                                         reg_file.memory[25][15] (net)
                  0.04    0.00    0.29 ^ _5623_/A1 (sky130_fd_sc_hd__mux2_2)
     1    0.00    0.04    0.13    0.42 ^ _5623_/X (sky130_fd_sc_hd__mux2_2)
                                         _2814_ (net)
                  0.04    0.00    0.42 ^ _5624_/A (sky130_fd_sc_hd__buf_1)
     1    0.00    0.03    0.07    0.49 ^ _5624_/X (sky130_fd_sc_hd__buf_1)
                                         _0444_ (net)
                  0.03    0.00    0.49 ^ _6209_/D (sky130_fd_sc_hd__dfxtp_2)
                                  0.49   data arrival time

                  0.00    0.00    0.00   clock core_clock (rise edge)
                          0.00    0.00   clock network delay (ideal)
                          0.00    0.00   clock reconvergence pessimism
                                  0.00 ^ _6209_/CLK (sky130_fd_sc_hd__dfxtp_2)
                         -0.03   -0.03   library hold time
                                 -0.03   data required time
-----------------------------------------------------------------------------
                                 -0.03   data required time
                                 -0.49   data arrival time
-----------------------------------------------------------------------------
                                  0.53   slack (MET)


Startpoint: _6208_ (rising edge-triggered flip-flop clocked by core_clock)
Endpoint: _6208_ (rising edge-triggered flip-flop clocked by core_clock)
Path Group: core_clock
Path Type: min

Fanout     Cap    Slew   Delay    Time   Description
-----------------------------------------------------------------------------
                  0.00    0.00    0.00   clock core_clock (rise edge)
                          0.00    0.00   clock network delay (ideal)
                  0.00    0.00    0.00 ^ _6208_/CLK (sky130_fd_sc_hd__dfxtp_2)
     2    0.00    0.04    0.29    0.29 ^ _6208_/Q (sky130_fd_sc_hd__dfxtp_2)
                                         reg_file.memory[25][14] (net)
                  0.04    0.00    0.29 ^ _5621_/A1 (sky130_fd_sc_hd__mux2_2)
     1    0.00    0.04    0.13    0.42 ^ _5621_/X (sky130_fd_sc_hd__mux2_2)
                                         _2813_ (net)
                  0.04    0.00    0.42 ^ _5622_/A (sky130_fd_sc_hd__buf_1)
     1    0.00    0.03    0.07    0.49 ^ _5622_/X (sky130_fd_sc_hd__buf_1)
                                         _0443_ (net)
                  0.03    0.00    0.49 ^ _6208_/D (sky130_fd_sc_hd__dfxtp_2)
                                  0.49   data arrival time

                  0.00    0.00    0.00   clock core_clock (rise edge)
                          0.00    0.00   clock network delay (ideal)
                          0.00    0.00   clock reconvergence pessimism
                                  0.00 ^ _6208_/CLK (sky130_fd_sc_hd__dfxtp_2)
                         -0.03   -0.03   library hold time
                                 -0.03   data required time
-----------------------------------------------------------------------------
                                 -0.03   data required time
                                 -0.49   data arrival time
-----------------------------------------------------------------------------
                                  0.53   slack (MET)


Startpoint: _5956_ (rising edge-triggered flip-flop clocked by core_clock)
Endpoint: _5956_ (rising edge-triggered flip-flop clocked by core_clock)
Path Group: core_clock
Path Type: min

Fanout     Cap    Slew   Delay    Time   Description
-----------------------------------------------------------------------------
                  0.00    0.00    0.00   clock core_clock (rise edge)
                          0.00    0.00   clock network delay (ideal)
                  0.00    0.00    0.00 ^ _5956_/CLK (sky130_fd_sc_hd__dfxtp_2)
     2    0.00    0.04    0.29    0.29 ^ _5956_/Q (sky130_fd_sc_hd__dfxtp_2)
                                         reg_file.memory[6][18] (net)
                  0.04    0.00    0.29 ^ _5088_/A1 (sky130_fd_sc_hd__mux2_2)
     1    0.00    0.04    0.13    0.42 ^ _5088_/X (sky130_fd_sc_hd__mux2_2)
                                         _2532_ (net)
                  0.04    0.00    0.42 ^ _5089_/A (sky130_fd_sc_hd__buf_1)
     1    0.00    0.03    0.07    0.49 ^ _5089_/X (sky130_fd_sc_hd__buf_1)
                                         _0191_ (net)
                  0.03    0.00    0.49 ^ _5956_/D (sky130_fd_sc_hd__dfxtp_2)
                                  0.49   data arrival time

                  0.00    0.00    0.00   clock core_clock (rise edge)
                          0.00    0.00   clock network delay (ideal)
                          0.00    0.00   clock reconvergence pessimism
                                  0.00 ^ _5956_/CLK (sky130_fd_sc_hd__dfxtp_2)
                         -0.03   -0.03   library hold time
                                 -0.03   data required time
-----------------------------------------------------------------------------
                                 -0.03   data required time
                                 -0.49   data arrival time
-----------------------------------------------------------------------------
                                  0.53   slack (MET)


Startpoint: _6010_ (rising edge-triggered flip-flop clocked by core_clock)
Endpoint: _6010_ (rising edge-triggered flip-flop clocked by core_clock)
Path Group: core_clock
Path Type: min

Fanout     Cap    Slew   Delay    Time   Description
-----------------------------------------------------------------------------
                  0.00    0.00    0.00   clock core_clock (rise edge)
                          0.00    0.00   clock network delay (ideal)
                  0.00    0.00    0.00 ^ _6010_/CLK (sky130_fd_sc_hd__dfxtp_2)
     2    0.00    0.04    0.29    0.29 ^ _6010_/Q (sky130_fd_sc_hd__dfxtp_2)
                                         reg_file.memory[8][8] (net)
                  0.04    0.00    0.29 ^ _5205_/A0 (sky130_fd_sc_hd__mux2_2)
     1    0.00    0.04    0.13    0.42 ^ _5205_/X (sky130_fd_sc_hd__mux2_2)
                                         _2595_ (net)
                  0.04    0.00    0.42 ^ _5206_/A (sky130_fd_sc_hd__buf_1)
     1    0.00    0.03    0.07    0.49 ^ _5206_/X (sky130_fd_sc_hd__buf_1)
                                         _0245_ (net)
                  0.03    0.00    0.49 ^ _6010_/D (sky130_fd_sc_hd__dfxtp_2)
                                  0.49   data arrival time

                  0.00    0.00    0.00   clock core_clock (rise edge)
                          0.00    0.00   clock network delay (ideal)
                          0.00    0.00   clock reconvergence pessimism
                                  0.00 ^ _6010_/CLK (sky130_fd_sc_hd__dfxtp_2)
                         -0.03   -0.03   library hold time
                                 -0.03   data required time
-----------------------------------------------------------------------------
                                 -0.03   data required time
                                 -0.49   data arrival time
-----------------------------------------------------------------------------
                                  0.53   slack (MET)


Startpoint: _5958_ (rising edge-triggered flip-flop clocked by core_clock)
Endpoint: _5958_ (rising edge-triggered flip-flop clocked by core_clock)
Path Group: core_clock
Path Type: min

Fanout     Cap    Slew   Delay    Time   Description
-----------------------------------------------------------------------------
                  0.00    0.00    0.00   clock core_clock (rise edge)
                          0.00    0.00   clock network delay (ideal)
                  0.00    0.00    0.00 ^ _5958_/CLK (sky130_fd_sc_hd__dfxtp_2)
     2    0.00    0.04    0.29    0.29 ^ _5958_/Q (sky130_fd_sc_hd__dfxtp_2)
                                         reg_file.memory[6][20] (net)
                  0.04    0.00    0.29 ^ _5093_/A1 (sky130_fd_sc_hd__mux2_2)
     1    0.00    0.04    0.13    0.42 ^ _5093_/X (sky130_fd_sc_hd__mux2_2)
                                         _2535_ (net)
                  0.04    0.00    0.42 ^ _5094_/A (sky130_fd_sc_hd__buf_1)
     1    0.00    0.03    0.07    0.49 ^ _5094_/X (sky130_fd_sc_hd__buf_1)
                                         _0193_ (net)
                  0.03    0.00    0.49 ^ _5958_/D (sky130_fd_sc_hd__dfxtp_2)
                                  0.49   data arrival time

                  0.00    0.00    0.00   clock core_clock (rise edge)
                          0.00    0.00   clock network delay (ideal)
                          0.00    0.00   clock reconvergence pessimism
                                  0.00 ^ _5958_/CLK (sky130_fd_sc_hd__dfxtp_2)
                         -0.03   -0.03   library hold time
                                 -0.03   data required time
-----------------------------------------------------------------------------
                                 -0.03   data required time
                                 -0.49   data arrival time
-----------------------------------------------------------------------------
                                  0.53   slack (MET)


Startpoint: _6002_ (rising edge-triggered flip-flop clocked by core_clock)
Endpoint: _6002_ (rising edge-triggered flip-flop clocked by core_clock)
Path Group: core_clock
Path Type: min

Fanout     Cap    Slew   Delay    Time   Description
-----------------------------------------------------------------------------
                  0.00    0.00    0.00   clock core_clock (rise edge)
                          0.00    0.00   clock network delay (ideal)
                  0.00    0.00    0.00 ^ _6002_/CLK (sky130_fd_sc_hd__dfxtp_2)
     2    0.00    0.04    0.29    0.29 ^ _6002_/Q (sky130_fd_sc_hd__dfxtp_2)
                                         reg_file.memory[8][0] (net)
                  0.04    0.00    0.29 ^ _5189_/A0 (sky130_fd_sc_hd__mux2_2)
     1    0.00    0.04    0.13    0.42 ^ _5189_/X (sky130_fd_sc_hd__mux2_2)
                                         _2587_ (net)
                  0.04    0.00    0.42 ^ _5190_/A (sky130_fd_sc_hd__buf_1)
     1    0.00    0.04    0.07    0.49 ^ _5190_/X (sky130_fd_sc_hd__buf_1)
                                         _0237_ (net)
                  0.04    0.00    0.49 ^ _6002_/D (sky130_fd_sc_hd__dfxtp_2)
                                  0.49   data arrival time

                  0.00    0.00    0.00   clock core_clock (rise edge)
                          0.00    0.00   clock network delay (ideal)
                          0.00    0.00   clock reconvergence pessimism
                                  0.00 ^ _6002_/CLK (sky130_fd_sc_hd__dfxtp_2)
                         -0.04   -0.04   library hold time
                                 -0.04   data required time
-----------------------------------------------------------------------------
                                 -0.04   data required time
                                 -0.49   data arrival time
-----------------------------------------------------------------------------
                                  0.53   slack (MET)


Startpoint: _6032_ (rising edge-triggered flip-flop clocked by core_clock)
Endpoint: _6032_ (rising edge-triggered flip-flop clocked by core_clock)
Path Group: core_clock
Path Type: min

Fanout     Cap    Slew   Delay    Time   Description
-----------------------------------------------------------------------------
                  0.00    0.00    0.00   clock core_clock (rise edge)
                          0.00    0.00   clock network delay (ideal)
                  0.00    0.00    0.00 ^ _6032_/CLK (sky130_fd_sc_hd__dfxtp_2)
     2    0.00    0.04    0.29    0.29 ^ _6032_/Q (sky130_fd_sc_hd__dfxtp_2)
                                         reg_file.memory[8][30] (net)
                  0.04    0.00    0.29 ^ _5251_/A0 (sky130_fd_sc_hd__mux2_2)
     1    0.00    0.04    0.13    0.42 ^ _5251_/X (sky130_fd_sc_hd__mux2_2)
                                         _2619_ (net)
                  0.04    0.00    0.42 ^ _5252_/A (sky130_fd_sc_hd__buf_1)
     1    0.00    0.03    0.07    0.49 ^ _5252_/X (sky130_fd_sc_hd__buf_1)
                                         _0267_ (net)
                  0.03    0.00    0.49 ^ _6032_/D (sky130_fd_sc_hd__dfxtp_2)
                                  0.49   data arrival time

                  0.00    0.00    0.00   clock core_clock (rise edge)
                          0.00    0.00   clock network delay (ideal)
                          0.00    0.00   clock reconvergence pessimism
                                  0.00 ^ _6032_/CLK (sky130_fd_sc_hd__dfxtp_2)
                         -0.03   -0.03   library hold time
                                 -0.03   data required time
-----------------------------------------------------------------------------
                                 -0.03   data required time
                                 -0.49   data arrival time
-----------------------------------------------------------------------------
                                  0.53   slack (MET)


Startpoint: _6085_ (rising edge-triggered flip-flop clocked by core_clock)
Endpoint: _6085_ (rising edge-triggered flip-flop clocked by core_clock)
Path Group: core_clock
Path Type: min

Fanout     Cap    Slew   Delay    Time   Description
-----------------------------------------------------------------------------
                  0.00    0.00    0.00   clock core_clock (rise edge)
                          0.00    0.00   clock network delay (ideal)
                  0.00    0.00    0.00 ^ _6085_/CLK (sky130_fd_sc_hd__dfxtp_2)
     2    0.00    0.04    0.29    0.29 ^ _6085_/Q (sky130_fd_sc_hd__dfxtp_2)
                                         reg_file.memory[10][19] (net)
                  0.04    0.00    0.29 ^ _5360_/A0 (sky130_fd_sc_hd__mux2_2)
     1    0.00    0.04    0.13    0.42 ^ _5360_/X (sky130_fd_sc_hd__mux2_2)
                                         _2675_ (net)
                  0.04    0.00    0.42 ^ _5361_/A (sky130_fd_sc_hd__buf_1)
     1    0.00    0.03    0.07    0.49 ^ _5361_/X (sky130_fd_sc_hd__buf_1)
                                         _0320_ (net)
                  0.03    0.00    0.49 ^ _6085_/D (sky130_fd_sc_hd__dfxtp_2)
                                  0.49   data arrival time

                  0.00    0.00    0.00   clock core_clock (rise edge)
                          0.00    0.00   clock network delay (ideal)
                          0.00    0.00   clock reconvergence pessimism
                                  0.00 ^ _6085_/CLK (sky130_fd_sc_hd__dfxtp_2)
                         -0.03   -0.03   library hold time
                                 -0.03   data required time
-----------------------------------------------------------------------------
                                 -0.03   data required time
                                 -0.49   data arrival time
-----------------------------------------------------------------------------
                                  0.53   slack (MET)


Startpoint: _6028_ (rising edge-triggered flip-flop clocked by core_clock)
Endpoint: _6028_ (rising edge-triggered flip-flop clocked by core_clock)
Path Group: core_clock
Path Type: min

Fanout     Cap    Slew   Delay    Time   Description
-----------------------------------------------------------------------------
                  0.00    0.00    0.00   clock core_clock (rise edge)
                          0.00    0.00   clock network delay (ideal)
                  0.00    0.00    0.00 ^ _6028_/CLK (sky130_fd_sc_hd__dfxtp_2)
     2    0.00    0.04    0.29    0.29 ^ _6028_/Q (sky130_fd_sc_hd__dfxtp_2)
                                         reg_file.memory[8][26] (net)
                  0.04    0.00    0.29 ^ _5243_/A0 (sky130_fd_sc_hd__mux2_2)
     1    0.00    0.04    0.13    0.42 ^ _5243_/X (sky130_fd_sc_hd__mux2_2)
                                         _2615_ (net)
                  0.04    0.00    0.42 ^ _5244_/A (sky130_fd_sc_hd__buf_1)
     1    0.00    0.03    0.07    0.49 ^ _5244_/X (sky130_fd_sc_hd__buf_1)
                                         _0263_ (net)
                  0.03    0.00    0.49 ^ _6028_/D (sky130_fd_sc_hd__dfxtp_2)
                                  0.49   data arrival time

                  0.00    0.00    0.00   clock core_clock (rise edge)
                          0.00    0.00   clock network delay (ideal)
                          0.00    0.00   clock reconvergence pessimism
                                  0.00 ^ _6028_/CLK (sky130_fd_sc_hd__dfxtp_2)
                         -0.03   -0.03   library hold time
                                 -0.03   data required time
-----------------------------------------------------------------------------
                                 -0.03   data required time
                                 -0.49   data arrival time
-----------------------------------------------------------------------------
                                  0.53   slack (MET)


Startpoint: _5893_ (rising edge-triggered flip-flop clocked by core_clock)
Endpoint: _5893_ (rising edge-triggered flip-flop clocked by core_clock)
Path Group: core_clock
Path Type: min

Fanout     Cap    Slew   Delay    Time   Description
-----------------------------------------------------------------------------
                  0.00    0.00    0.00   clock core_clock (rise edge)
                          0.00    0.00   clock network delay (ideal)
                  0.00    0.00    0.00 ^ _5893_/CLK (sky130_fd_sc_hd__dfxtp_2)
     2    0.00    0.04    0.29    0.29 ^ _5893_/Q (sky130_fd_sc_hd__dfxtp_2)
                                         reg_file.memory[4][19] (net)
                  0.04    0.00    0.29 ^ _4942_/A1 (sky130_fd_sc_hd__mux2_2)
     1    0.00    0.04    0.13    0.42 ^ _4942_/X (sky130_fd_sc_hd__mux2_2)
                                         _2449_ (net)
                  0.04    0.00    0.42 ^ _4943_/A (sky130_fd_sc_hd__buf_1)
     1    0.00    0.03    0.07    0.49 ^ _4943_/X (sky130_fd_sc_hd__buf_1)
                                         _0128_ (net)
                  0.03    0.00    0.49 ^ _5893_/D (sky130_fd_sc_hd__dfxtp_2)
                                  0.49   data arrival time

                  0.00    0.00    0.00   clock core_clock (rise edge)
                          0.00    0.00   clock network delay (ideal)
                          0.00    0.00   clock reconvergence pessimism
                                  0.00 ^ _5893_/CLK (sky130_fd_sc_hd__dfxtp_2)
                         -0.03   -0.03   library hold time
                                 -0.03   data required time
-----------------------------------------------------------------------------
                                 -0.03   data required time
                                 -0.49   data arrival time
-----------------------------------------------------------------------------
                                  0.53   slack (MET)


Startpoint: _5903_ (rising edge-triggered flip-flop clocked by core_clock)
Endpoint: _5903_ (rising edge-triggered flip-flop clocked by core_clock)
Path Group: core_clock
Path Type: min

Fanout     Cap    Slew   Delay    Time   Description
-----------------------------------------------------------------------------
                  0.00    0.00    0.00   clock core_clock (rise edge)
                          0.00    0.00   clock network delay (ideal)
                  0.00    0.00    0.00 ^ _5903_/CLK (sky130_fd_sc_hd__dfxtp_2)
     2    0.00    0.04    0.29    0.29 ^ _5903_/Q (sky130_fd_sc_hd__dfxtp_2)
                                         reg_file.memory[4][29] (net)
                  0.04    0.00    0.29 ^ _4973_/A1 (sky130_fd_sc_hd__mux2_2)
     1    0.00    0.04    0.13    0.42 ^ _4973_/X (sky130_fd_sc_hd__mux2_2)
                                         _2470_ (net)
                  0.04    0.00    0.42 ^ _4974_/A (sky130_fd_sc_hd__buf_1)
     1    0.00    0.03    0.07    0.49 ^ _4974_/X (sky130_fd_sc_hd__buf_1)
                                         _0138_ (net)
                  0.03    0.00    0.49 ^ _5903_/D (sky130_fd_sc_hd__dfxtp_2)
                                  0.49   data arrival time

                  0.00    0.00    0.00   clock core_clock (rise edge)
                          0.00    0.00   clock network delay (ideal)
                          0.00    0.00   clock reconvergence pessimism
                                  0.00 ^ _5903_/CLK (sky130_fd_sc_hd__dfxtp_2)
                         -0.03   -0.03   library hold time
                                 -0.03   data required time
-----------------------------------------------------------------------------
                                 -0.03   data required time
                                 -0.49   data arrival time
-----------------------------------------------------------------------------
                                  0.53   slack (MET)


Startpoint: _5876_ (rising edge-triggered flip-flop clocked by core_clock)
Endpoint: _5876_ (rising edge-triggered flip-flop clocked by core_clock)
Path Group: core_clock
Path Type: min

Fanout     Cap    Slew   Delay    Time   Description
-----------------------------------------------------------------------------
                  0.00    0.00    0.00   clock core_clock (rise edge)
                          0.00    0.00   clock network delay (ideal)
                  0.00    0.00    0.00 ^ _5876_/CLK (sky130_fd_sc_hd__dfxtp_2)
     2    0.00    0.04    0.29    0.29 ^ _5876_/Q (sky130_fd_sc_hd__dfxtp_2)
                                         reg_file.memory[4][2] (net)
                  0.04    0.00    0.29 ^ _4890_/A1 (sky130_fd_sc_hd__mux2_2)
     1    0.00    0.04    0.13    0.42 ^ _4890_/X (sky130_fd_sc_hd__mux2_2)
                                         _2414_ (net)
                  0.04    0.00    0.42 ^ _4891_/A (sky130_fd_sc_hd__buf_1)
     1    0.00    0.04    0.07    0.49 ^ _4891_/X (sky130_fd_sc_hd__buf_1)
                                         _0111_ (net)
                  0.04    0.00    0.49 ^ _5876_/D (sky130_fd_sc_hd__dfxtp_2)
                                  0.49   data arrival time

                  0.00    0.00    0.00   clock core_clock (rise edge)
                          0.00    0.00   clock network delay (ideal)
                          0.00    0.00   clock reconvergence pessimism
                                  0.00 ^ _5876_/CLK (sky130_fd_sc_hd__dfxtp_2)
                         -0.04   -0.04   library hold time
                                 -0.04   data required time
-----------------------------------------------------------------------------
                                 -0.04   data required time
                                 -0.49   data arrival time
-----------------------------------------------------------------------------
                                  0.53   slack (MET)


Startpoint: _6003_ (rising edge-triggered flip-flop clocked by core_clock)
Endpoint: _6003_ (rising edge-triggered flip-flop clocked by core_clock)
Path Group: core_clock
Path Type: min

Fanout     Cap    Slew   Delay    Time   Description
-----------------------------------------------------------------------------
                  0.00    0.00    0.00   clock core_clock (rise edge)
                          0.00    0.00   clock network delay (ideal)
                  0.00    0.00    0.00 ^ _6003_/CLK (sky130_fd_sc_hd__dfxtp_2)
     2    0.00    0.04    0.29    0.29 ^ _6003_/Q (sky130_fd_sc_hd__dfxtp_2)
                                         reg_file.memory[8][1] (net)
                  0.04    0.00    0.29 ^ _5191_/A0 (sky130_fd_sc_hd__mux2_2)
     1    0.00    0.04    0.13    0.42 ^ _5191_/X (sky130_fd_sc_hd__mux2_2)
                                         _2588_ (net)
                  0.04    0.00    0.42 ^ _5192_/A (sky130_fd_sc_hd__buf_1)
     1    0.00    0.03    0.07    0.49 ^ _5192_/X (sky130_fd_sc_hd__buf_1)
                                         _0238_ (net)
                  0.03    0.00    0.49 ^ _6003_/D (sky130_fd_sc_hd__dfxtp_2)
                                  0.49   data arrival time

                  0.00    0.00    0.00   clock core_clock (rise edge)
                          0.00    0.00   clock network delay (ideal)
                          0.00    0.00   clock reconvergence pessimism
                                  0.00 ^ _6003_/CLK (sky130_fd_sc_hd__dfxtp_2)
                         -0.03   -0.03   library hold time
                                 -0.03   data required time
-----------------------------------------------------------------------------
                                 -0.03   data required time
                                 -0.49   data arrival time
-----------------------------------------------------------------------------
                                  0.53   slack (MET)


Startpoint: _6012_ (rising edge-triggered flip-flop clocked by core_clock)
Endpoint: _6012_ (rising edge-triggered flip-flop clocked by core_clock)
Path Group: core_clock
Path Type: min

Fanout     Cap    Slew   Delay    Time   Description
-----------------------------------------------------------------------------
                  0.00    0.00    0.00   clock core_clock (rise edge)
                          0.00    0.00   clock network delay (ideal)
                  0.00    0.00    0.00 ^ _6012_/CLK (sky130_fd_sc_hd__dfxtp_2)
     2    0.00    0.04    0.29    0.29 ^ _6012_/Q (sky130_fd_sc_hd__dfxtp_2)
                                         reg_file.memory[8][10] (net)
                  0.04    0.00    0.29 ^ _5210_/A0 (sky130_fd_sc_hd__mux2_2)
     1    0.00    0.04    0.13    0.42 ^ _5210_/X (sky130_fd_sc_hd__mux2_2)
                                         _2598_ (net)
                  0.04    0.00    0.42 ^ _5211_/A (sky130_fd_sc_hd__buf_1)
     1    0.00    0.03    0.07    0.49 ^ _5211_/X (sky130_fd_sc_hd__buf_1)
                                         _0247_ (net)
                  0.03    0.00    0.49 ^ _6012_/D (sky130_fd_sc_hd__dfxtp_2)
                                  0.49   data arrival time

                  0.00    0.00    0.00   clock core_clock (rise edge)
                          0.00    0.00   clock network delay (ideal)
                          0.00    0.00   clock reconvergence pessimism
                                  0.00 ^ _6012_/CLK (sky130_fd_sc_hd__dfxtp_2)
                         -0.03   -0.03   library hold time
                                 -0.03   data required time
-----------------------------------------------------------------------------
                                 -0.03   data required time
                                 -0.49   data arrival time
-----------------------------------------------------------------------------
                                  0.53   slack (MET)


Startpoint: _6067_ (rising edge-triggered flip-flop clocked by core_clock)
Endpoint: _6067_ (rising edge-triggered flip-flop clocked by core_clock)
Path Group: core_clock
Path Type: min

Fanout     Cap    Slew   Delay    Time   Description
-----------------------------------------------------------------------------
                  0.00    0.00    0.00   clock core_clock (rise edge)
                          0.00    0.00   clock network delay (ideal)
                  0.00    0.00    0.00 ^ _6067_/CLK (sky130_fd_sc_hd__dfxtp_2)
     2    0.00    0.04    0.29    0.29 ^ _6067_/Q (sky130_fd_sc_hd__dfxtp_2)
                                         reg_file.memory[10][1] (net)
                  0.04    0.00    0.29 ^ _5323_/A0 (sky130_fd_sc_hd__mux2_2)
     1    0.00    0.04    0.13    0.42 ^ _5323_/X (sky130_fd_sc_hd__mux2_2)
                                         _2656_ (net)
                  0.04    0.00    0.42 ^ _5324_/A (sky130_fd_sc_hd__buf_1)
     1    0.00    0.04    0.07    0.49 ^ _5324_/X (sky130_fd_sc_hd__buf_1)
                                         _0302_ (net)
                  0.04    0.00    0.49 ^ _6067_/D (sky130_fd_sc_hd__dfxtp_2)
                                  0.49   data arrival time

                  0.00    0.00    0.00   clock core_clock (rise edge)
                          0.00    0.00   clock network delay (ideal)
                          0.00    0.00   clock reconvergence pessimism
                                  0.00 ^ _6067_/CLK (sky130_fd_sc_hd__dfxtp_2)
                         -0.04   -0.04   library hold time
                                 -0.04   data required time
-----------------------------------------------------------------------------
                                 -0.04   data required time
                                 -0.49   data arrival time
-----------------------------------------------------------------------------
                                  0.53   slack (MET)


Startpoint: _5877_ (rising edge-triggered flip-flop clocked by core_clock)
Endpoint: _5877_ (rising edge-triggered flip-flop clocked by core_clock)
Path Group: core_clock
Path Type: min

Fanout     Cap    Slew   Delay    Time   Description
-----------------------------------------------------------------------------
                  0.00    0.00    0.00   clock core_clock (rise edge)
                          0.00    0.00   clock network delay (ideal)
                  0.00    0.00    0.00 ^ _5877_/CLK (sky130_fd_sc_hd__dfxtp_2)
     2    0.00    0.04    0.29    0.29 ^ _5877_/Q (sky130_fd_sc_hd__dfxtp_2)
                                         reg_file.memory[4][3] (net)
                  0.04    0.00    0.29 ^ _4893_/A1 (sky130_fd_sc_hd__mux2_2)
     1    0.00    0.04    0.13    0.42 ^ _4893_/X (sky130_fd_sc_hd__mux2_2)
                                         _2416_ (net)
                  0.04    0.00    0.42 ^ _4894_/A (sky130_fd_sc_hd__buf_1)
     1    0.00    0.04    0.07    0.49 ^ _4894_/X (sky130_fd_sc_hd__buf_1)
                                         _0112_ (net)
                  0.04    0.00    0.49 ^ _5877_/D (sky130_fd_sc_hd__dfxtp_2)
                                  0.49   data arrival time

                  0.00    0.00    0.00   clock core_clock (rise edge)
                          0.00    0.00   clock network delay (ideal)
                          0.00    0.00   clock reconvergence pessimism
                                  0.00 ^ _5877_/CLK (sky130_fd_sc_hd__dfxtp_2)
                         -0.04   -0.04   library hold time
                                 -0.04   data required time
-----------------------------------------------------------------------------
                                 -0.04   data required time
                                 -0.49   data arrival time
-----------------------------------------------------------------------------
                                  0.53   slack (MET)


Startpoint: _5954_ (rising edge-triggered flip-flop clocked by core_clock)
Endpoint: _5954_ (rising edge-triggered flip-flop clocked by core_clock)
Path Group: core_clock
Path Type: min

Fanout     Cap    Slew   Delay    Time   Description
-----------------------------------------------------------------------------
                  0.00    0.00    0.00   clock core_clock (rise edge)
                          0.00    0.00   clock network delay (ideal)
                  0.00    0.00    0.00 ^ _5954_/CLK (sky130_fd_sc_hd__dfxtp_2)
     2    0.00    0.04    0.29    0.29 ^ _5954_/Q (sky130_fd_sc_hd__dfxtp_2)
                                         reg_file.memory[6][16] (net)
                  0.04    0.00    0.29 ^ _5084_/A1 (sky130_fd_sc_hd__mux2_2)
     1    0.00    0.04    0.13    0.42 ^ _5084_/X (sky130_fd_sc_hd__mux2_2)
                                         _2530_ (net)
                  0.04    0.00    0.42 ^ _5085_/A (sky130_fd_sc_hd__buf_1)
     1    0.00    0.03    0.07    0.49 ^ _5085_/X (sky130_fd_sc_hd__buf_1)
                                         _0189_ (net)
                  0.03    0.00    0.49 ^ _5954_/D (sky130_fd_sc_hd__dfxtp_2)
                                  0.49   data arrival time

                  0.00    0.00    0.00   clock core_clock (rise edge)
                          0.00    0.00   clock network delay (ideal)
                          0.00    0.00   clock reconvergence pessimism
                                  0.00 ^ _5954_/CLK (sky130_fd_sc_hd__dfxtp_2)
                         -0.03   -0.03   library hold time
                                 -0.03   data required time
-----------------------------------------------------------------------------
                                 -0.03   data required time
                                 -0.49   data arrival time
-----------------------------------------------------------------------------
                                  0.53   slack (MET)


Startpoint: _5955_ (rising edge-triggered flip-flop clocked by core_clock)
Endpoint: _5955_ (rising edge-triggered flip-flop clocked by core_clock)
Path Group: core_clock
Path Type: min

Fanout     Cap    Slew   Delay    Time   Description
-----------------------------------------------------------------------------
                  0.00    0.00    0.00   clock core_clock (rise edge)
                          0.00    0.00   clock network delay (ideal)
                  0.00    0.00    0.00 ^ _5955_/CLK (sky130_fd_sc_hd__dfxtp_2)
     2    0.00    0.04    0.29    0.29 ^ _5955_/Q (sky130_fd_sc_hd__dfxtp_2)
                                         reg_file.memory[6][17] (net)
                  0.04    0.00    0.29 ^ _5086_/A1 (sky130_fd_sc_hd__mux2_2)
     1    0.00    0.04    0.13    0.42 ^ _5086_/X (sky130_fd_sc_hd__mux2_2)
                                         _2531_ (net)
                  0.04    0.00    0.42 ^ _5087_/A (sky130_fd_sc_hd__buf_1)
     1    0.00    0.03    0.07    0.49 ^ _5087_/X (sky130_fd_sc_hd__buf_1)
                                         _0190_ (net)
                  0.03    0.00    0.49 ^ _5955_/D (sky130_fd_sc_hd__dfxtp_2)
                                  0.49   data arrival time

                  0.00    0.00    0.00   clock core_clock (rise edge)
                          0.00    0.00   clock network delay (ideal)
                          0.00    0.00   clock reconvergence pessimism
                                  0.00 ^ _5955_/CLK (sky130_fd_sc_hd__dfxtp_2)
                         -0.03   -0.03   library hold time
                                 -0.03   data required time
-----------------------------------------------------------------------------
                                 -0.03   data required time
                                 -0.49   data arrival time
-----------------------------------------------------------------------------
                                  0.53   slack (MET)


Startpoint: _5878_ (rising edge-triggered flip-flop clocked by core_clock)
Endpoint: _5878_ (rising edge-triggered flip-flop clocked by core_clock)
Path Group: core_clock
Path Type: min

Fanout     Cap    Slew   Delay    Time   Description
-----------------------------------------------------------------------------
                  0.00    0.00    0.00   clock core_clock (rise edge)
                          0.00    0.00   clock network delay (ideal)
                  0.00    0.00    0.00 ^ _5878_/CLK (sky130_fd_sc_hd__dfxtp_2)
     2    0.00    0.04    0.29    0.29 ^ _5878_/Q (sky130_fd_sc_hd__dfxtp_2)
                                         reg_file.memory[4][4] (net)
                  0.04    0.00    0.29 ^ _4896_/A1 (sky130_fd_sc_hd__mux2_2)
     1    0.00    0.04    0.13    0.42 ^ _4896_/X (sky130_fd_sc_hd__mux2_2)
                                         _2418_ (net)
                  0.04    0.00    0.42 ^ _4897_/A (sky130_fd_sc_hd__buf_1)
     1    0.00    0.04    0.07    0.49 ^ _4897_/X (sky130_fd_sc_hd__buf_1)
                                         _0113_ (net)
                  0.04    0.00    0.49 ^ _5878_/D (sky130_fd_sc_hd__dfxtp_2)
                                  0.49   data arrival time

                  0.00    0.00    0.00   clock core_clock (rise edge)
                          0.00    0.00   clock network delay (ideal)
                          0.00    0.00   clock reconvergence pessimism
                                  0.00 ^ _5878_/CLK (sky130_fd_sc_hd__dfxtp_2)
                         -0.04   -0.04   library hold time
                                 -0.04   data required time
-----------------------------------------------------------------------------
                                 -0.04   data required time
                                 -0.49   data arrival time
-----------------------------------------------------------------------------
                                  0.53   slack (MET)


Startpoint: _6014_ (rising edge-triggered flip-flop clocked by core_clock)
Endpoint: _6014_ (rising edge-triggered flip-flop clocked by core_clock)
Path Group: core_clock
Path Type: min

Fanout     Cap    Slew   Delay    Time   Description
-----------------------------------------------------------------------------
                  0.00    0.00    0.00   clock core_clock (rise edge)
                          0.00    0.00   clock network delay (ideal)
                  0.00    0.00    0.00 ^ _6014_/CLK (sky130_fd_sc_hd__dfxtp_2)
     2    0.00    0.04    0.29    0.29 ^ _6014_/Q (sky130_fd_sc_hd__dfxtp_2)
                                         reg_file.memory[8][12] (net)
                  0.04    0.00    0.29 ^ _5214_/A0 (sky130_fd_sc_hd__mux2_2)
     1    0.00    0.04    0.13    0.42 ^ _5214_/X (sky130_fd_sc_hd__mux2_2)
                                         _2600_ (net)
                  0.04    0.00    0.42 ^ _5215_/A (sky130_fd_sc_hd__buf_1)
     1    0.00    0.03    0.07    0.49 ^ _5215_/X (sky130_fd_sc_hd__buf_1)
                                         _0249_ (net)
                  0.03    0.00    0.49 ^ _6014_/D (sky130_fd_sc_hd__dfxtp_2)
                                  0.49   data arrival time

                  0.00    0.00    0.00   clock core_clock (rise edge)
                          0.00    0.00   clock network delay (ideal)
                          0.00    0.00   clock reconvergence pessimism
                                  0.00 ^ _6014_/CLK (sky130_fd_sc_hd__dfxtp_2)
                         -0.03   -0.03   library hold time
                                 -0.03   data required time
-----------------------------------------------------------------------------
                                 -0.03   data required time
                                 -0.49   data arrival time
-----------------------------------------------------------------------------
                                  0.53   slack (MET)


Startpoint: _6224_ (rising edge-triggered flip-flop clocked by core_clock)
Endpoint: _6224_ (rising edge-triggered flip-flop clocked by core_clock)
Path Group: core_clock
Path Type: min

Fanout     Cap    Slew   Delay    Time   Description
-----------------------------------------------------------------------------
                  0.00    0.00    0.00   clock core_clock (rise edge)
                          0.00    0.00   clock network delay (ideal)
                  0.00    0.00    0.00 ^ _6224_/CLK (sky130_fd_sc_hd__dfxtp_2)
     2    0.00    0.04    0.29    0.29 ^ _6224_/Q (sky130_fd_sc_hd__dfxtp_2)
                                         reg_file.memory[25][30] (net)
                  0.04    0.00    0.29 ^ _5654_/A1 (sky130_fd_sc_hd__mux2_2)
     1    0.00    0.04    0.13    0.42 ^ _5654_/X (sky130_fd_sc_hd__mux2_2)
                                         _2830_ (net)
                  0.04    0.00    0.42 ^ _5655_/A (sky130_fd_sc_hd__buf_1)
     1    0.00    0.04    0.07    0.49 ^ _5655_/X (sky130_fd_sc_hd__buf_1)
                                         _0459_ (net)
                  0.04    0.00    0.49 ^ _6224_/D (sky130_fd_sc_hd__dfxtp_2)
                                  0.49   data arrival time

                  0.00    0.00    0.00   clock core_clock (rise edge)
                          0.00    0.00   clock network delay (ideal)
                          0.00    0.00   clock reconvergence pessimism
                                  0.00 ^ _6224_/CLK (sky130_fd_sc_hd__dfxtp_2)
                         -0.04   -0.04   library hold time
                                 -0.04   data required time
-----------------------------------------------------------------------------
                                 -0.04   data required time
                                 -0.49   data arrival time
-----------------------------------------------------------------------------
                                  0.53   slack (MET)


Startpoint: _6221_ (rising edge-triggered flip-flop clocked by core_clock)
Endpoint: _6221_ (rising edge-triggered flip-flop clocked by core_clock)
Path Group: core_clock
Path Type: min

Fanout     Cap    Slew   Delay    Time   Description
-----------------------------------------------------------------------------
                  0.00    0.00    0.00   clock core_clock (rise edge)
                          0.00    0.00   clock network delay (ideal)
                  0.00    0.00    0.00 ^ _6221_/CLK (sky130_fd_sc_hd__dfxtp_2)
     2    0.00    0.04    0.29    0.29 ^ _6221_/Q (sky130_fd_sc_hd__dfxtp_2)
                                         reg_file.memory[25][27] (net)
                  0.04    0.00    0.29 ^ _5648_/A1 (sky130_fd_sc_hd__mux2_2)
     1    0.00    0.04    0.13    0.42 ^ _5648_/X (sky130_fd_sc_hd__mux2_2)
                                         _2827_ (net)
                  0.04    0.00    0.42 ^ _5649_/A (sky130_fd_sc_hd__buf_1)
     1    0.00    0.03    0.07    0.49 ^ _5649_/X (sky130_fd_sc_hd__buf_1)
                                         _0456_ (net)
                  0.03    0.00    0.49 ^ _6221_/D (sky130_fd_sc_hd__dfxtp_2)
                                  0.49   data arrival time

                  0.00    0.00    0.00   clock core_clock (rise edge)
                          0.00    0.00   clock network delay (ideal)
                          0.00    0.00   clock reconvergence pessimism
                                  0.00 ^ _6221_/CLK (sky130_fd_sc_hd__dfxtp_2)
                         -0.03   -0.03   library hold time
                                 -0.03   data required time
-----------------------------------------------------------------------------
                                 -0.03   data required time
                                 -0.49   data arrival time
-----------------------------------------------------------------------------
                                  0.53   slack (MET)


Startpoint: _6013_ (rising edge-triggered flip-flop clocked by core_clock)
Endpoint: _6013_ (rising edge-triggered flip-flop clocked by core_clock)
Path Group: core_clock
Path Type: min

Fanout     Cap    Slew   Delay    Time   Description
-----------------------------------------------------------------------------
                  0.00    0.00    0.00   clock core_clock (rise edge)
                          0.00    0.00   clock network delay (ideal)
                  0.00    0.00    0.00 ^ _6013_/CLK (sky130_fd_sc_hd__dfxtp_2)
     2    0.00    0.04    0.29    0.29 ^ _6013_/Q (sky130_fd_sc_hd__dfxtp_2)
                                         reg_file.memory[8][11] (net)
                  0.04    0.00    0.29 ^ _5212_/A0 (sky130_fd_sc_hd__mux2_2)
     1    0.00    0.04    0.13    0.42 ^ _5212_/X (sky130_fd_sc_hd__mux2_2)
                                         _2599_ (net)
                  0.04    0.00    0.42 ^ _5213_/A (sky130_fd_sc_hd__buf_1)
     1    0.00    0.03    0.07    0.49 ^ _5213_/X (sky130_fd_sc_hd__buf_1)
                                         _0248_ (net)
                  0.03    0.00    0.49 ^ _6013_/D (sky130_fd_sc_hd__dfxtp_2)
                                  0.49   data arrival time

                  0.00    0.00    0.00   clock core_clock (rise edge)
                          0.00    0.00   clock network delay (ideal)
                          0.00    0.00   clock reconvergence pessimism
                                  0.00 ^ _6013_/CLK (sky130_fd_sc_hd__dfxtp_2)
                         -0.03   -0.03   library hold time
                                 -0.03   data required time
-----------------------------------------------------------------------------
                                 -0.03   data required time
                                 -0.49   data arrival time
-----------------------------------------------------------------------------
                                  0.53   slack (MET)


Startpoint: _6005_ (rising edge-triggered flip-flop clocked by core_clock)
Endpoint: _6005_ (rising edge-triggered flip-flop clocked by core_clock)
Path Group: core_clock
Path Type: min

Fanout     Cap    Slew   Delay    Time   Description
-----------------------------------------------------------------------------
                  0.00    0.00    0.00   clock core_clock (rise edge)
                          0.00    0.00   clock network delay (ideal)
                  0.00    0.00    0.00 ^ _6005_/CLK (sky130_fd_sc_hd__dfxtp_2)
     2    0.00    0.04    0.29    0.29 ^ _6005_/Q (sky130_fd_sc_hd__dfxtp_2)
                                         reg_file.memory[8][3] (net)
                  0.04    0.00    0.29 ^ _5195_/A0 (sky130_fd_sc_hd__mux2_2)
     1    0.00    0.04    0.13    0.42 ^ _5195_/X (sky130_fd_sc_hd__mux2_2)
                                         _2590_ (net)
                  0.04    0.00    0.42 ^ _5196_/A (sky130_fd_sc_hd__buf_1)
     1    0.00    0.03    0.07    0.49 ^ _5196_/X (sky130_fd_sc_hd__buf_1)
                                         _0240_ (net)
                  0.03    0.00    0.49 ^ _6005_/D (sky130_fd_sc_hd__dfxtp_2)
                                  0.49   data arrival time

                  0.00    0.00    0.00   clock core_clock (rise edge)
                          0.00    0.00   clock network delay (ideal)
                          0.00    0.00   clock reconvergence pessimism
                                  0.00 ^ _6005_/CLK (sky130_fd_sc_hd__dfxtp_2)
                         -0.03   -0.03   library hold time
                                 -0.03   data required time
-----------------------------------------------------------------------------
                                 -0.03   data required time
                                 -0.49   data arrival time
-----------------------------------------------------------------------------
                                  0.53   slack (MET)


Startpoint: _6029_ (rising edge-triggered flip-flop clocked by core_clock)
Endpoint: _6029_ (rising edge-triggered flip-flop clocked by core_clock)
Path Group: core_clock
Path Type: min

Fanout     Cap    Slew   Delay    Time   Description
-----------------------------------------------------------------------------
                  0.00    0.00    0.00   clock core_clock (rise edge)
                          0.00    0.00   clock network delay (ideal)
                  0.00    0.00    0.00 ^ _6029_/CLK (sky130_fd_sc_hd__dfxtp_2)
     2    0.00    0.04    0.29    0.29 ^ _6029_/Q (sky130_fd_sc_hd__dfxtp_2)
                                         reg_file.memory[8][27] (net)
                  0.04    0.00    0.29 ^ _5245_/A0 (sky130_fd_sc_hd__mux2_2)
     1    0.00    0.04    0.13    0.42 ^ _5245_/X (sky130_fd_sc_hd__mux2_2)
                                         _2616_ (net)
                  0.04    0.00    0.42 ^ _5246_/A (sky130_fd_sc_hd__buf_1)
     1    0.00    0.03    0.07    0.49 ^ _5246_/X (sky130_fd_sc_hd__buf_1)
                                         _0264_ (net)
                  0.03    0.00    0.49 ^ _6029_/D (sky130_fd_sc_hd__dfxtp_2)
                                  0.49   data arrival time

                  0.00    0.00    0.00   clock core_clock (rise edge)
                          0.00    0.00   clock network delay (ideal)
                          0.00    0.00   clock reconvergence pessimism
                                  0.00 ^ _6029_/CLK (sky130_fd_sc_hd__dfxtp_2)
                         -0.03   -0.03   library hold time
                                 -0.03   data required time
-----------------------------------------------------------------------------
                                 -0.03   data required time
                                 -0.49   data arrival time
-----------------------------------------------------------------------------
                                  0.53   slack (MET)


Startpoint: _5879_ (rising edge-triggered flip-flop clocked by core_clock)
Endpoint: _5879_ (rising edge-triggered flip-flop clocked by core_clock)
Path Group: core_clock
Path Type: min

Fanout     Cap    Slew   Delay    Time   Description
-----------------------------------------------------------------------------
                  0.00    0.00    0.00   clock core_clock (rise edge)
                          0.00    0.00   clock network delay (ideal)
                  0.00    0.00    0.00 ^ _5879_/CLK (sky130_fd_sc_hd__dfxtp_2)
     2    0.00    0.04    0.29    0.29 ^ _5879_/Q (sky130_fd_sc_hd__dfxtp_2)
                                         reg_file.memory[4][5] (net)
                  0.04    0.00    0.29 ^ _4899_/A1 (sky130_fd_sc_hd__mux2_2)
     1    0.00    0.04    0.13    0.42 ^ _4899_/X (sky130_fd_sc_hd__mux2_2)
                                         _2420_ (net)
                  0.04    0.00    0.42 ^ _4900_/A (sky130_fd_sc_hd__buf_1)
     1    0.00    0.03    0.07    0.49 ^ _4900_/X (sky130_fd_sc_hd__buf_1)
                                         _0114_ (net)
                  0.03    0.00    0.49 ^ _5879_/D (sky130_fd_sc_hd__dfxtp_2)
                                  0.49   data arrival time

                  0.00    0.00    0.00   clock core_clock (rise edge)
                          0.00    0.00   clock network delay (ideal)
                          0.00    0.00   clock reconvergence pessimism
                                  0.00 ^ _5879_/CLK (sky130_fd_sc_hd__dfxtp_2)
                         -0.04   -0.04   library hold time
                                 -0.04   data required time
-----------------------------------------------------------------------------
                                 -0.04   data required time
                                 -0.49   data arrival time
-----------------------------------------------------------------------------
                                  0.53   slack (MET)


Startpoint: _5875_ (rising edge-triggered flip-flop clocked by core_clock)
Endpoint: _5875_ (rising edge-triggered flip-flop clocked by core_clock)
Path Group: core_clock
Path Type: min

Fanout     Cap    Slew   Delay    Time   Description
-----------------------------------------------------------------------------
                  0.00    0.00    0.00   clock core_clock (rise edge)
                          0.00    0.00   clock network delay (ideal)
                  0.00    0.00    0.00 ^ _5875_/CLK (sky130_fd_sc_hd__dfxtp_2)
     2    0.00    0.04    0.29    0.29 ^ _5875_/Q (sky130_fd_sc_hd__dfxtp_2)
                                         reg_file.memory[4][1] (net)
                  0.04    0.00    0.29 ^ _4887_/A1 (sky130_fd_sc_hd__mux2_2)
     1    0.00    0.04    0.13    0.42 ^ _4887_/X (sky130_fd_sc_hd__mux2_2)
                                         _2412_ (net)
                  0.04    0.00    0.42 ^ _4888_/A (sky130_fd_sc_hd__buf_1)
     1    0.00    0.04    0.07    0.49 ^ _4888_/X (sky130_fd_sc_hd__buf_1)
                                         _0110_ (net)
                  0.04    0.00    0.49 ^ _5875_/D (sky130_fd_sc_hd__dfxtp_2)
                                  0.49   data arrival time

                  0.00    0.00    0.00   clock core_clock (rise edge)
                          0.00    0.00   clock network delay (ideal)
                          0.00    0.00   clock reconvergence pessimism
                                  0.00 ^ _5875_/CLK (sky130_fd_sc_hd__dfxtp_2)
                         -0.04   -0.04   library hold time
                                 -0.04   data required time
-----------------------------------------------------------------------------
                                 -0.04   data required time
                                 -0.49   data arrival time
-----------------------------------------------------------------------------
                                  0.53   slack (MET)


Startpoint: _6007_ (rising edge-triggered flip-flop clocked by core_clock)
Endpoint: _6007_ (rising edge-triggered flip-flop clocked by core_clock)
Path Group: core_clock
Path Type: min

Fanout     Cap    Slew   Delay    Time   Description
-----------------------------------------------------------------------------
                  0.00    0.00    0.00   clock core_clock (rise edge)
                          0.00    0.00   clock network delay (ideal)
                  0.00    0.00    0.00 ^ _6007_/CLK (sky130_fd_sc_hd__dfxtp_2)
     2    0.00    0.04    0.29    0.29 ^ _6007_/Q (sky130_fd_sc_hd__dfxtp_2)
                                         reg_file.memory[8][5] (net)
                  0.04    0.00    0.29 ^ _5199_/A0 (sky130_fd_sc_hd__mux2_2)
     1    0.00    0.04    0.13    0.42 ^ _5199_/X (sky130_fd_sc_hd__mux2_2)
                                         _2592_ (net)
                  0.04    0.00    0.42 ^ _5200_/A (sky130_fd_sc_hd__buf_1)
     1    0.00    0.03    0.07    0.49 ^ _5200_/X (sky130_fd_sc_hd__buf_1)
                                         _0242_ (net)
                  0.03    0.00    0.49 ^ _6007_/D (sky130_fd_sc_hd__dfxtp_2)
                                  0.49   data arrival time

                  0.00    0.00    0.00   clock core_clock (rise edge)
                          0.00    0.00   clock network delay (ideal)
                          0.00    0.00   clock reconvergence pessimism
                                  0.00 ^ _6007_/CLK (sky130_fd_sc_hd__dfxtp_2)
                         -0.03   -0.03   library hold time
                                 -0.03   data required time
-----------------------------------------------------------------------------
                                 -0.03   data required time
                                 -0.49   data arrival time
-----------------------------------------------------------------------------
                                  0.53   slack (MET)


Startpoint: _6225_ (rising edge-triggered flip-flop clocked by core_clock)
Endpoint: _6225_ (rising edge-triggered flip-flop clocked by core_clock)
Path Group: core_clock
Path Type: min

Fanout     Cap    Slew   Delay    Time   Description
-----------------------------------------------------------------------------
                  0.00    0.00    0.00   clock core_clock (rise edge)
                          0.00    0.00   clock network delay (ideal)
                  0.00    0.00    0.00 ^ _6225_/CLK (sky130_fd_sc_hd__dfxtp_2)
     2    0.00    0.04    0.29    0.29 ^ _6225_/Q (sky130_fd_sc_hd__dfxtp_2)
                                         reg_file.memory[25][31] (net)
                  0.04    0.00    0.29 ^ _5656_/A1 (sky130_fd_sc_hd__mux2_2)
     1    0.00    0.04    0.13    0.42 ^ _5656_/X (sky130_fd_sc_hd__mux2_2)
                                         _2831_ (net)
                  0.04    0.00    0.42 ^ _5657_/A (sky130_fd_sc_hd__buf_1)
     1    0.00    0.03    0.07    0.49 ^ _5657_/X (sky130_fd_sc_hd__buf_1)
                                         _0460_ (net)
                  0.03    0.00    0.49 ^ _6225_/D (sky130_fd_sc_hd__dfxtp_2)
                                  0.49   data arrival time

                  0.00    0.00    0.00   clock core_clock (rise edge)
                          0.00    0.00   clock network delay (ideal)
                          0.00    0.00   clock reconvergence pessimism
                                  0.00 ^ _6225_/CLK (sky130_fd_sc_hd__dfxtp_2)
                         -0.03   -0.03   library hold time
                                 -0.03   data required time
-----------------------------------------------------------------------------
                                 -0.03   data required time
                                 -0.49   data arrival time
-----------------------------------------------------------------------------
                                  0.53   slack (MET)


Startpoint: _6220_ (rising edge-triggered flip-flop clocked by core_clock)
Endpoint: _6220_ (rising edge-triggered flip-flop clocked by core_clock)
Path Group: core_clock
Path Type: min

Fanout     Cap    Slew   Delay    Time   Description
-----------------------------------------------------------------------------
                  0.00    0.00    0.00   clock core_clock (rise edge)
                          0.00    0.00   clock network delay (ideal)
                  0.00    0.00    0.00 ^ _6220_/CLK (sky130_fd_sc_hd__dfxtp_2)
     2    0.00    0.04    0.29    0.29 ^ _6220_/Q (sky130_fd_sc_hd__dfxtp_2)
                                         reg_file.memory[25][26] (net)
                  0.04    0.00    0.29 ^ _5646_/A1 (sky130_fd_sc_hd__mux2_2)
     1    0.00    0.04    0.13    0.42 ^ _5646_/X (sky130_fd_sc_hd__mux2_2)
                                         _2826_ (net)
                  0.04    0.00    0.42 ^ _5647_/A (sky130_fd_sc_hd__buf_1)
     1    0.00    0.03    0.07    0.49 ^ _5647_/X (sky130_fd_sc_hd__buf_1)
                                         _0455_ (net)
                  0.03    0.00    0.49 ^ _6220_/D (sky130_fd_sc_hd__dfxtp_2)
                                  0.49   data arrival time

                  0.00    0.00    0.00   clock core_clock (rise edge)
                          0.00    0.00   clock network delay (ideal)
                          0.00    0.00   clock reconvergence pessimism
                                  0.00 ^ _6220_/CLK (sky130_fd_sc_hd__dfxtp_2)
                         -0.03   -0.03   library hold time
                                 -0.03   data required time
-----------------------------------------------------------------------------
                                 -0.03   data required time
                                 -0.49   data arrival time
-----------------------------------------------------------------------------
                                  0.53   slack (MET)


Startpoint: _6107_ (rising edge-triggered flip-flop clocked by core_clock)
Endpoint: _6107_ (rising edge-triggered flip-flop clocked by core_clock)
Path Group: core_clock
Path Type: min

Fanout     Cap    Slew   Delay    Time   Description
-----------------------------------------------------------------------------
                  0.00    0.00    0.00   clock core_clock (rise edge)
                          0.00    0.00   clock network delay (ideal)
                  0.00    0.00    0.00 ^ _6107_/CLK (sky130_fd_sc_hd__dfxtp_2)
     2    0.00    0.04    0.30    0.30 ^ _6107_/Q (sky130_fd_sc_hd__dfxtp_2)
                                         reg_file.memory[15][9] (net)
                  0.04    0.00    0.30 ^ _5408_/A1 (sky130_fd_sc_hd__mux2_2)
     1    0.00    0.03    0.13    0.42 ^ _5408_/X (sky130_fd_sc_hd__mux2_2)
                                         _2701_ (net)
                  0.03    0.00    0.42 ^ _5409_/A (sky130_fd_sc_hd__buf_1)
     1    0.00    0.03    0.07    0.49 ^ _5409_/X (sky130_fd_sc_hd__buf_1)
                                         _0342_ (net)
                  0.03    0.00    0.49 ^ _6107_/D (sky130_fd_sc_hd__dfxtp_2)
                                  0.49   data arrival time

                  0.00    0.00    0.00   clock core_clock (rise edge)
                          0.00    0.00   clock network delay (ideal)
                          0.00    0.00   clock reconvergence pessimism
                                  0.00 ^ _6107_/CLK (sky130_fd_sc_hd__dfxtp_2)
                         -0.03   -0.03   library hold time
                                 -0.03   data required time
-----------------------------------------------------------------------------
                                 -0.03   data required time
                                 -0.49   data arrival time
-----------------------------------------------------------------------------
                                  0.53   slack (MET)


Startpoint: _5885_ (rising edge-triggered flip-flop clocked by core_clock)
Endpoint: _5885_ (rising edge-triggered flip-flop clocked by core_clock)
Path Group: core_clock
Path Type: min

Fanout     Cap    Slew   Delay    Time   Description
-----------------------------------------------------------------------------
                  0.00    0.00    0.00   clock core_clock (rise edge)
                          0.00    0.00   clock network delay (ideal)
                  0.00    0.00    0.00 ^ _5885_/CLK (sky130_fd_sc_hd__dfxtp_2)
     2    0.00    0.04    0.29    0.29 ^ _5885_/Q (sky130_fd_sc_hd__dfxtp_2)
                                         reg_file.memory[4][11] (net)
                  0.04    0.00    0.29 ^ _4918_/A1 (sky130_fd_sc_hd__mux2_2)
     1    0.00    0.04    0.13    0.42 ^ _4918_/X (sky130_fd_sc_hd__mux2_2)
                                         _2433_ (net)
                  0.04    0.00    0.42 ^ _4919_/A (sky130_fd_sc_hd__buf_1)
     1    0.00    0.04    0.07    0.49 ^ _4919_/X (sky130_fd_sc_hd__buf_1)
                                         _0120_ (net)
                  0.04    0.00    0.49 ^ _5885_/D (sky130_fd_sc_hd__dfxtp_2)
                                  0.49   data arrival time

                  0.00    0.00    0.00   clock core_clock (rise edge)
                          0.00    0.00   clock network delay (ideal)
                          0.00    0.00   clock reconvergence pessimism
                                  0.00 ^ _5885_/CLK (sky130_fd_sc_hd__dfxtp_2)
                         -0.04   -0.04   library hold time
                                 -0.04   data required time
-----------------------------------------------------------------------------
                                 -0.04   data required time
                                 -0.49   data arrival time
-----------------------------------------------------------------------------
                                  0.53   slack (MET)


Startpoint: _5949_ (rising edge-triggered flip-flop clocked by core_clock)
Endpoint: _5949_ (rising edge-triggered flip-flop clocked by core_clock)
Path Group: core_clock
Path Type: min

Fanout     Cap    Slew   Delay    Time   Description
-----------------------------------------------------------------------------
                  0.00    0.00    0.00   clock core_clock (rise edge)
                          0.00    0.00   clock network delay (ideal)
                  0.00    0.00    0.00 ^ _5949_/CLK (sky130_fd_sc_hd__dfxtp_2)
     2    0.00    0.04    0.29    0.29 ^ _5949_/Q (sky130_fd_sc_hd__dfxtp_2)
                                         reg_file.memory[6][11] (net)
                  0.04    0.00    0.29 ^ _5074_/A1 (sky130_fd_sc_hd__mux2_2)
     1    0.00    0.04    0.13    0.42 ^ _5074_/X (sky130_fd_sc_hd__mux2_2)
                                         _2525_ (net)
                  0.04    0.00    0.42 ^ _5075_/A (sky130_fd_sc_hd__buf_1)
     1    0.00    0.03    0.07    0.49 ^ _5075_/X (sky130_fd_sc_hd__buf_1)
                                         _0184_ (net)
                  0.03    0.00    0.49 ^ _5949_/D (sky130_fd_sc_hd__dfxtp_2)
                                  0.49   data arrival time

                  0.00    0.00    0.00   clock core_clock (rise edge)
                          0.00    0.00   clock network delay (ideal)
                          0.00    0.00   clock reconvergence pessimism
                                  0.00 ^ _5949_/CLK (sky130_fd_sc_hd__dfxtp_2)
                         -0.03   -0.03   library hold time
                                 -0.03   data required time
-----------------------------------------------------------------------------
                                 -0.03   data required time
                                 -0.49   data arrival time
-----------------------------------------------------------------------------
                                  0.53   slack (MET)


Startpoint: _6123_ (rising edge-triggered flip-flop clocked by core_clock)
Endpoint: _6123_ (rising edge-triggered flip-flop clocked by core_clock)
Path Group: core_clock
Path Type: min

Fanout     Cap    Slew   Delay    Time   Description
-----------------------------------------------------------------------------
                  0.00    0.00    0.00   clock core_clock (rise edge)
                          0.00    0.00   clock network delay (ideal)
                  0.00    0.00    0.00 ^ _6123_/CLK (sky130_fd_sc_hd__dfxtp_2)
     2    0.00    0.04    0.29    0.29 ^ _6123_/Q (sky130_fd_sc_hd__dfxtp_2)
                                         reg_file.memory[15][25] (net)
                  0.04    0.00    0.29 ^ _5442_/A1 (sky130_fd_sc_hd__mux2_2)
     1    0.00    0.04    0.13    0.42 ^ _5442_/X (sky130_fd_sc_hd__mux2_2)
                                         _2719_ (net)
                  0.04    0.00    0.42 ^ _5443_/A (sky130_fd_sc_hd__buf_1)
     1    0.00    0.03    0.07    0.49 ^ _5443_/X (sky130_fd_sc_hd__buf_1)
                                         _0358_ (net)
                  0.03    0.00    0.49 ^ _6123_/D (sky130_fd_sc_hd__dfxtp_2)
                                  0.49   data arrival time

                  0.00    0.00    0.00   clock core_clock (rise edge)
                          0.00    0.00   clock network delay (ideal)
                          0.00    0.00   clock reconvergence pessimism
                                  0.00 ^ _6123_/CLK (sky130_fd_sc_hd__dfxtp_2)
                         -0.03   -0.03   library hold time
                                 -0.03   data required time
-----------------------------------------------------------------------------
                                 -0.03   data required time
                                 -0.49   data arrival time
-----------------------------------------------------------------------------
                                  0.53   slack (MET)


Startpoint: _6100_ (rising edge-triggered flip-flop clocked by core_clock)
Endpoint: _6100_ (rising edge-triggered flip-flop clocked by core_clock)
Path Group: core_clock
Path Type: min

Fanout     Cap    Slew   Delay    Time   Description
-----------------------------------------------------------------------------
                  0.00    0.00    0.00   clock core_clock (rise edge)
                          0.00    0.00   clock network delay (ideal)
                  0.00    0.00    0.00 ^ _6100_/CLK (sky130_fd_sc_hd__dfxtp_2)
     2    0.00    0.04    0.29    0.29 ^ _6100_/Q (sky130_fd_sc_hd__dfxtp_2)
                                         reg_file.memory[15][2] (net)
                  0.04    0.00    0.29 ^ _5394_/A1 (sky130_fd_sc_hd__mux2_2)
     1    0.00    0.04    0.13    0.42 ^ _5394_/X (sky130_fd_sc_hd__mux2_2)
                                         _2694_ (net)
                  0.04    0.00    0.42 ^ _5395_/A (sky130_fd_sc_hd__buf_1)
     1    0.00    0.03    0.07    0.49 ^ _5395_/X (sky130_fd_sc_hd__buf_1)
                                         _0335_ (net)
                  0.03    0.00    0.49 ^ _6100_/D (sky130_fd_sc_hd__dfxtp_2)
                                  0.49   data arrival time

                  0.00    0.00    0.00   clock core_clock (rise edge)
                          0.00    0.00   clock network delay (ideal)
                          0.00    0.00   clock reconvergence pessimism
                                  0.00 ^ _6100_/CLK (sky130_fd_sc_hd__dfxtp_2)
                         -0.03   -0.03   library hold time
                                 -0.03   data required time
-----------------------------------------------------------------------------
                                 -0.03   data required time
                                 -0.49   data arrival time
-----------------------------------------------------------------------------
                                  0.53   slack (MET)


Startpoint: _6125_ (rising edge-triggered flip-flop clocked by core_clock)
Endpoint: _6125_ (rising edge-triggered flip-flop clocked by core_clock)
Path Group: core_clock
Path Type: min

Fanout     Cap    Slew   Delay    Time   Description
-----------------------------------------------------------------------------
                  0.00    0.00    0.00   clock core_clock (rise edge)
                          0.00    0.00   clock network delay (ideal)
                  0.00    0.00    0.00 ^ _6125_/CLK (sky130_fd_sc_hd__dfxtp_2)
     2    0.00    0.04    0.29    0.29 ^ _6125_/Q (sky130_fd_sc_hd__dfxtp_2)
                                         reg_file.memory[15][27] (net)
                  0.04    0.00    0.29 ^ _5446_/A1 (sky130_fd_sc_hd__mux2_2)
     1    0.00    0.04    0.13    0.42 ^ _5446_/X (sky130_fd_sc_hd__mux2_2)
                                         _2721_ (net)
                  0.04    0.00    0.42 ^ _5447_/A (sky130_fd_sc_hd__buf_1)
     1    0.00    0.03    0.07    0.49 ^ _5447_/X (sky130_fd_sc_hd__buf_1)
                                         _0360_ (net)
                  0.03    0.00    0.49 ^ _6125_/D (sky130_fd_sc_hd__dfxtp_2)
                                  0.49   data arrival time

                  0.00    0.00    0.00   clock core_clock (rise edge)
                          0.00    0.00   clock network delay (ideal)
                          0.00    0.00   clock reconvergence pessimism
                                  0.00 ^ _6125_/CLK (sky130_fd_sc_hd__dfxtp_2)
                         -0.03   -0.03   library hold time
                                 -0.03   data required time
-----------------------------------------------------------------------------
                                 -0.03   data required time
                                 -0.49   data arrival time
-----------------------------------------------------------------------------
                                  0.53   slack (MET)


Startpoint: _6162_ (rising edge-triggered flip-flop clocked by core_clock)
Endpoint: _6162_ (rising edge-triggered flip-flop clocked by core_clock)
Path Group: core_clock
Path Type: min

Fanout     Cap    Slew   Delay    Time   Description
-----------------------------------------------------------------------------
                  0.00    0.00    0.00   clock core_clock (rise edge)
                          0.00    0.00   clock network delay (ideal)
                  0.00    0.00    0.00 ^ _6162_/CLK (sky130_fd_sc_hd__dfxtp_2)
     2    0.00    0.04    0.30    0.30 ^ _6162_/Q (sky130_fd_sc_hd__dfxtp_2)
                                         reg_file.memory[21][0] (net)
                  0.04    0.00    0.30 ^ _5523_/A1 (sky130_fd_sc_hd__mux2_2)
     1    0.00    0.04    0.13    0.42 ^ _5523_/X (sky130_fd_sc_hd__mux2_2)
                                         _2761_ (net)
                  0.04    0.00    0.42 ^ _5524_/A (sky130_fd_sc_hd__buf_1)
     1    0.00    0.03    0.07    0.49 ^ _5524_/X (sky130_fd_sc_hd__buf_1)
                                         _0397_ (net)
                  0.03    0.00    0.49 ^ _6162_/D (sky130_fd_sc_hd__dfxtp_2)
                                  0.49   data arrival time

                  0.00    0.00    0.00   clock core_clock (rise edge)
                          0.00    0.00   clock network delay (ideal)
                          0.00    0.00   clock reconvergence pessimism
                                  0.00 ^ _6162_/CLK (sky130_fd_sc_hd__dfxtp_2)
                         -0.03   -0.03   library hold time
                                 -0.03   data required time
-----------------------------------------------------------------------------
                                 -0.03   data required time
                                 -0.49   data arrival time
-----------------------------------------------------------------------------
                                  0.53   slack (MET)


Startpoint: _6116_ (rising edge-triggered flip-flop clocked by core_clock)
Endpoint: _6116_ (rising edge-triggered flip-flop clocked by core_clock)
Path Group: core_clock
Path Type: min

Fanout     Cap    Slew   Delay    Time   Description
-----------------------------------------------------------------------------
                  0.00    0.00    0.00   clock core_clock (rise edge)
                          0.00    0.00   clock network delay (ideal)
                  0.00    0.00    0.00 ^ _6116_/CLK (sky130_fd_sc_hd__dfxtp_2)
     2    0.00    0.04    0.30    0.30 ^ _6116_/Q (sky130_fd_sc_hd__dfxtp_2)
                                         reg_file.memory[15][18] (net)
                  0.04    0.00    0.30 ^ _5427_/A1 (sky130_fd_sc_hd__mux2_2)
     1    0.00    0.04    0.13    0.42 ^ _5427_/X (sky130_fd_sc_hd__mux2_2)
                                         _2711_ (net)
                  0.04    0.00    0.42 ^ _5428_/A (sky130_fd_sc_hd__buf_1)
     1    0.00    0.03    0.07    0.49 ^ _5428_/X (sky130_fd_sc_hd__buf_1)
                                         _0351_ (net)
                  0.03    0.00    0.49 ^ _6116_/D (sky130_fd_sc_hd__dfxtp_2)
                                  0.49   data arrival time

                  0.00    0.00    0.00   clock core_clock (rise edge)
                          0.00    0.00   clock network delay (ideal)
                          0.00    0.00   clock reconvergence pessimism
                                  0.00 ^ _6116_/CLK (sky130_fd_sc_hd__dfxtp_2)
                         -0.03   -0.03   library hold time
                                 -0.03   data required time
-----------------------------------------------------------------------------
                                 -0.03   data required time
                                 -0.49   data arrival time
-----------------------------------------------------------------------------
                                  0.53   slack (MET)


Startpoint: _6030_ (rising edge-triggered flip-flop clocked by core_clock)
Endpoint: _6030_ (rising edge-triggered flip-flop clocked by core_clock)
Path Group: core_clock
Path Type: min

Fanout     Cap    Slew   Delay    Time   Description
-----------------------------------------------------------------------------
                  0.00    0.00    0.00   clock core_clock (rise edge)
                          0.00    0.00   clock network delay (ideal)
                  0.00    0.00    0.00 ^ _6030_/CLK (sky130_fd_sc_hd__dfxtp_2)
     2    0.00    0.04    0.29    0.29 ^ _6030_/Q (sky130_fd_sc_hd__dfxtp_2)
                                         reg_file.memory[8][28] (net)
                  0.04    0.00    0.29 ^ _5247_/A0 (sky130_fd_sc_hd__mux2_2)
     1    0.00    0.04    0.13    0.42 ^ _5247_/X (sky130_fd_sc_hd__mux2_2)
                                         _2617_ (net)
                  0.04    0.00    0.42 ^ _5248_/A (sky130_fd_sc_hd__buf_1)
     1    0.00    0.03    0.07    0.49 ^ _5248_/X (sky130_fd_sc_hd__buf_1)
                                         _0265_ (net)
                  0.03    0.00    0.49 ^ _6030_/D (sky130_fd_sc_hd__dfxtp_2)
                                  0.49   data arrival time

                  0.00    0.00    0.00   clock core_clock (rise edge)
                          0.00    0.00   clock network delay (ideal)
                          0.00    0.00   clock reconvergence pessimism
                                  0.00 ^ _6030_/CLK (sky130_fd_sc_hd__dfxtp_2)
                         -0.04   -0.04   library hold time
                                 -0.04   data required time
-----------------------------------------------------------------------------
                                 -0.04   data required time
                                 -0.49   data arrival time
-----------------------------------------------------------------------------
                                  0.53   slack (MET)


Startpoint: _6122_ (rising edge-triggered flip-flop clocked by core_clock)
Endpoint: _6122_ (rising edge-triggered flip-flop clocked by core_clock)
Path Group: core_clock
Path Type: min

Fanout     Cap    Slew   Delay    Time   Description
-----------------------------------------------------------------------------
                  0.00    0.00    0.00   clock core_clock (rise edge)
                          0.00    0.00   clock network delay (ideal)
                  0.00    0.00    0.00 ^ _6122_/CLK (sky130_fd_sc_hd__dfxtp_2)
     2    0.00    0.04    0.29    0.29 ^ _6122_/Q (sky130_fd_sc_hd__dfxtp_2)
                                         reg_file.memory[15][24] (net)
                  0.04    0.00    0.29 ^ _5440_/A1 (sky130_fd_sc_hd__mux2_2)
     1    0.00    0.04    0.13    0.42 ^ _5440_/X (sky130_fd_sc_hd__mux2_2)
                                         _2718_ (net)
                  0.04    0.00    0.42 ^ _5441_/A (sky130_fd_sc_hd__buf_1)
     1    0.00    0.03    0.07    0.49 ^ _5441_/X (sky130_fd_sc_hd__buf_1)
                                         _0357_ (net)
                  0.03    0.00    0.49 ^ _6122_/D (sky130_fd_sc_hd__dfxtp_2)
                                  0.49   data arrival time

                  0.00    0.00    0.00   clock core_clock (rise edge)
                          0.00    0.00   clock network delay (ideal)
                          0.00    0.00   clock reconvergence pessimism
                                  0.00 ^ _6122_/CLK (sky130_fd_sc_hd__dfxtp_2)
                         -0.03   -0.03   library hold time
                                 -0.03   data required time
-----------------------------------------------------------------------------
                                 -0.03   data required time
                                 -0.49   data arrival time
-----------------------------------------------------------------------------
                                  0.53   slack (MET)


Startpoint: _6004_ (rising edge-triggered flip-flop clocked by core_clock)
Endpoint: _6004_ (rising edge-triggered flip-flop clocked by core_clock)
Path Group: core_clock
Path Type: min

Fanout     Cap    Slew   Delay    Time   Description
-----------------------------------------------------------------------------
                  0.00    0.00    0.00   clock core_clock (rise edge)
                          0.00    0.00   clock network delay (ideal)
                  0.00    0.00    0.00 ^ _6004_/CLK (sky130_fd_sc_hd__dfxtp_2)
     2    0.00    0.04    0.29    0.29 ^ _6004_/Q (sky130_fd_sc_hd__dfxtp_2)
                                         reg_file.memory[8][2] (net)
                  0.04    0.00    0.29 ^ _5193_/A0 (sky130_fd_sc_hd__mux2_2)
     1    0.00    0.04    0.13    0.42 ^ _5193_/X (sky130_fd_sc_hd__mux2_2)
                                         _2589_ (net)
                  0.04    0.00    0.42 ^ _5194_/A (sky130_fd_sc_hd__buf_1)
     1    0.00    0.04    0.07    0.49 ^ _5194_/X (sky130_fd_sc_hd__buf_1)
                                         _0239_ (net)
                  0.04    0.00    0.49 ^ _6004_/D (sky130_fd_sc_hd__dfxtp_2)
                                  0.49   data arrival time

                  0.00    0.00    0.00   clock core_clock (rise edge)
                          0.00    0.00   clock network delay (ideal)
                          0.00    0.00   clock reconvergence pessimism
                                  0.00 ^ _6004_/CLK (sky130_fd_sc_hd__dfxtp_2)
                         -0.04   -0.04   library hold time
                                 -0.04   data required time
-----------------------------------------------------------------------------
                                 -0.04   data required time
                                 -0.49   data arrival time
-----------------------------------------------------------------------------
                                  0.53   slack (MET)


Startpoint: _6111_ (rising edge-triggered flip-flop clocked by core_clock)
Endpoint: _6111_ (rising edge-triggered flip-flop clocked by core_clock)
Path Group: core_clock
Path Type: min

Fanout     Cap    Slew   Delay    Time   Description
-----------------------------------------------------------------------------
                  0.00    0.00    0.00   clock core_clock (rise edge)
                          0.00    0.00   clock network delay (ideal)
                  0.00    0.00    0.00 ^ _6111_/CLK (sky130_fd_sc_hd__dfxtp_2)
     2    0.00    0.04    0.29    0.29 ^ _6111_/Q (sky130_fd_sc_hd__dfxtp_2)
                                         reg_file.memory[15][13] (net)
                  0.04    0.00    0.29 ^ _5417_/A1 (sky130_fd_sc_hd__mux2_2)
     1    0.00    0.04    0.13    0.42 ^ _5417_/X (sky130_fd_sc_hd__mux2_2)
                                         _2706_ (net)
                  0.04    0.00    0.42 ^ _5418_/A (sky130_fd_sc_hd__buf_1)
     1    0.00    0.03    0.07    0.49 ^ _5418_/X (sky130_fd_sc_hd__buf_1)
                                         _0346_ (net)
                  0.03    0.00    0.49 ^ _6111_/D (sky130_fd_sc_hd__dfxtp_2)
                                  0.49   data arrival time

                  0.00    0.00    0.00   clock core_clock (rise edge)
                          0.00    0.00   clock network delay (ideal)
                          0.00    0.00   clock reconvergence pessimism
                                  0.00 ^ _6111_/CLK (sky130_fd_sc_hd__dfxtp_2)
                         -0.03   -0.03   library hold time
                                 -0.03   data required time
-----------------------------------------------------------------------------
                                 -0.03   data required time
                                 -0.49   data arrival time
-----------------------------------------------------------------------------
                                  0.53   slack (MET)


Startpoint: _6103_ (rising edge-triggered flip-flop clocked by core_clock)
Endpoint: _6103_ (rising edge-triggered flip-flop clocked by core_clock)
Path Group: core_clock
Path Type: min

Fanout     Cap    Slew   Delay    Time   Description
-----------------------------------------------------------------------------
                  0.00    0.00    0.00   clock core_clock (rise edge)
                          0.00    0.00   clock network delay (ideal)
                  0.00    0.00    0.00 ^ _6103_/CLK (sky130_fd_sc_hd__dfxtp_2)
     2    0.00    0.04    0.29    0.29 ^ _6103_/Q (sky130_fd_sc_hd__dfxtp_2)
                                         reg_file.memory[15][5] (net)
                  0.04    0.00    0.29 ^ _5400_/A1 (sky130_fd_sc_hd__mux2_2)
     1    0.00    0.04    0.13    0.42 ^ _5400_/X (sky130_fd_sc_hd__mux2_2)
                                         _2697_ (net)
                  0.04    0.00    0.42 ^ _5401_/A (sky130_fd_sc_hd__buf_1)
     1    0.00    0.03    0.07    0.49 ^ _5401_/X (sky130_fd_sc_hd__buf_1)
                                         _0338_ (net)
                  0.03    0.00    0.49 ^ _6103_/D (sky130_fd_sc_hd__dfxtp_2)
                                  0.49   data arrival time

                  0.00    0.00    0.00   clock core_clock (rise edge)
                          0.00    0.00   clock network delay (ideal)
                          0.00    0.00   clock reconvergence pessimism
                                  0.00 ^ _6103_/CLK (sky130_fd_sc_hd__dfxtp_2)
                         -0.03   -0.03   library hold time
                                 -0.03   data required time
-----------------------------------------------------------------------------
                                 -0.03   data required time
                                 -0.49   data arrival time
-----------------------------------------------------------------------------
                                  0.53   slack (MET)


Startpoint: _6128_ (rising edge-triggered flip-flop clocked by core_clock)
Endpoint: _6128_ (rising edge-triggered flip-flop clocked by core_clock)
Path Group: core_clock
Path Type: min

Fanout     Cap    Slew   Delay    Time   Description
-----------------------------------------------------------------------------
                  0.00    0.00    0.00   clock core_clock (rise edge)
                          0.00    0.00   clock network delay (ideal)
                  0.00    0.00    0.00 ^ _6128_/CLK (sky130_fd_sc_hd__dfxtp_2)
     2    0.00    0.04    0.29    0.29 ^ _6128_/Q (sky130_fd_sc_hd__dfxtp_2)
                                         reg_file.memory[15][30] (net)
                  0.04    0.00    0.29 ^ _5452_/A1 (sky130_fd_sc_hd__mux2_2)
     1    0.00    0.04    0.13    0.42 ^ _5452_/X (sky130_fd_sc_hd__mux2_2)
                                         _2724_ (net)
                  0.04    0.00    0.42 ^ _5453_/A (sky130_fd_sc_hd__buf_1)
     1    0.00    0.03    0.07    0.49 ^ _5453_/X (sky130_fd_sc_hd__buf_1)
                                         _0363_ (net)
                  0.03    0.00    0.49 ^ _6128_/D (sky130_fd_sc_hd__dfxtp_2)
                                  0.49   data arrival time

                  0.00    0.00    0.00   clock core_clock (rise edge)
                          0.00    0.00   clock network delay (ideal)
                          0.00    0.00   clock reconvergence pessimism
                                  0.00 ^ _6128_/CLK (sky130_fd_sc_hd__dfxtp_2)
                         -0.03   -0.03   library hold time
                                 -0.03   data required time
-----------------------------------------------------------------------------
                                 -0.03   data required time
                                 -0.49   data arrival time
-----------------------------------------------------------------------------
                                  0.53   slack (MET)


Startpoint: _6120_ (rising edge-triggered flip-flop clocked by core_clock)
Endpoint: _6120_ (rising edge-triggered flip-flop clocked by core_clock)
Path Group: core_clock
Path Type: min

Fanout     Cap    Slew   Delay    Time   Description
-----------------------------------------------------------------------------
                  0.00    0.00    0.00   clock core_clock (rise edge)
                          0.00    0.00   clock network delay (ideal)
                  0.00    0.00    0.00 ^ _6120_/CLK (sky130_fd_sc_hd__dfxtp_2)
     2    0.00    0.04    0.29    0.29 ^ _6120_/Q (sky130_fd_sc_hd__dfxtp_2)
                                         reg_file.memory[15][22] (net)
                  0.04    0.00    0.29 ^ _5436_/A1 (sky130_fd_sc_hd__mux2_2)
     1    0.00    0.04    0.13    0.42 ^ _5436_/X (sky130_fd_sc_hd__mux2_2)
                                         _2716_ (net)
                  0.04    0.00    0.42 ^ _5437_/A (sky130_fd_sc_hd__buf_1)
     1    0.00    0.03    0.07    0.49 ^ _5437_/X (sky130_fd_sc_hd__buf_1)
                                         _0355_ (net)
                  0.03    0.00    0.49 ^ _6120_/D (sky130_fd_sc_hd__dfxtp_2)
                                  0.49   data arrival time

                  0.00    0.00    0.00   clock core_clock (rise edge)
                          0.00    0.00   clock network delay (ideal)
                          0.00    0.00   clock reconvergence pessimism
                                  0.00 ^ _6120_/CLK (sky130_fd_sc_hd__dfxtp_2)
                         -0.03   -0.03   library hold time
                                 -0.03   data required time
-----------------------------------------------------------------------------
                                 -0.03   data required time
                                 -0.49   data arrival time
-----------------------------------------------------------------------------
                                  0.53   slack (MET)


Startpoint: _6105_ (rising edge-triggered flip-flop clocked by core_clock)
Endpoint: _6105_ (rising edge-triggered flip-flop clocked by core_clock)
Path Group: core_clock
Path Type: min

Fanout     Cap    Slew   Delay    Time   Description
-----------------------------------------------------------------------------
                  0.00    0.00    0.00   clock core_clock (rise edge)
                          0.00    0.00   clock network delay (ideal)
                  0.00    0.00    0.00 ^ _6105_/CLK (sky130_fd_sc_hd__dfxtp_2)
     2    0.00    0.04    0.29    0.29 ^ _6105_/Q (sky130_fd_sc_hd__dfxtp_2)
                                         reg_file.memory[15][7] (net)
                  0.04    0.00    0.29 ^ _5404_/A1 (sky130_fd_sc_hd__mux2_2)
     1    0.00    0.04    0.13    0.42 ^ _5404_/X (sky130_fd_sc_hd__mux2_2)
                                         _2699_ (net)
                  0.04    0.00    0.42 ^ _5405_/A (sky130_fd_sc_hd__buf_1)
     1    0.00    0.03    0.07    0.49 ^ _5405_/X (sky130_fd_sc_hd__buf_1)
                                         _0340_ (net)
                  0.03    0.00    0.49 ^ _6105_/D (sky130_fd_sc_hd__dfxtp_2)
                                  0.49   data arrival time

                  0.00    0.00    0.00   clock core_clock (rise edge)
                          0.00    0.00   clock network delay (ideal)
                          0.00    0.00   clock reconvergence pessimism
                                  0.00 ^ _6105_/CLK (sky130_fd_sc_hd__dfxtp_2)
                         -0.03   -0.03   library hold time
                                 -0.03   data required time
-----------------------------------------------------------------------------
                                 -0.03   data required time
                                 -0.49   data arrival time
-----------------------------------------------------------------------------
                                  0.53   slack (MET)


Startpoint: _6031_ (rising edge-triggered flip-flop clocked by core_clock)
Endpoint: _6031_ (rising edge-triggered flip-flop clocked by core_clock)
Path Group: core_clock
Path Type: min

Fanout     Cap    Slew   Delay    Time   Description
-----------------------------------------------------------------------------
                  0.00    0.00    0.00   clock core_clock (rise edge)
                          0.00    0.00   clock network delay (ideal)
                  0.00    0.00    0.00 ^ _6031_/CLK (sky130_fd_sc_hd__dfxtp_2)
     2    0.00    0.04    0.29    0.29 ^ _6031_/Q (sky130_fd_sc_hd__dfxtp_2)
                                         reg_file.memory[8][29] (net)
                  0.04    0.00    0.29 ^ _5249_/A0 (sky130_fd_sc_hd__mux2_2)
     1    0.00    0.04    0.13    0.42 ^ _5249_/X (sky130_fd_sc_hd__mux2_2)
                                         _2618_ (net)
                  0.04    0.00    0.42 ^ _5250_/A (sky130_fd_sc_hd__buf_1)
     1    0.00    0.04    0.07    0.49 ^ _5250_/X (sky130_fd_sc_hd__buf_1)
                                         _0266_ (net)
                  0.04    0.00    0.49 ^ _6031_/D (sky130_fd_sc_hd__dfxtp_2)
                                  0.49   data arrival time

                  0.00    0.00    0.00   clock core_clock (rise edge)
                          0.00    0.00   clock network delay (ideal)
                          0.00    0.00   clock reconvergence pessimism
                                  0.00 ^ _6031_/CLK (sky130_fd_sc_hd__dfxtp_2)
                         -0.04   -0.04   library hold time
                                 -0.04   data required time
-----------------------------------------------------------------------------
                                 -0.04   data required time
                                 -0.49   data arrival time
-----------------------------------------------------------------------------
                                  0.53   slack (MET)


Startpoint: _6114_ (rising edge-triggered flip-flop clocked by core_clock)
Endpoint: _6114_ (rising edge-triggered flip-flop clocked by core_clock)
Path Group: core_clock
Path Type: min

Fanout     Cap    Slew   Delay    Time   Description
-----------------------------------------------------------------------------
                  0.00    0.00    0.00   clock core_clock (rise edge)
                          0.00    0.00   clock network delay (ideal)
                  0.00    0.00    0.00 ^ _6114_/CLK (sky130_fd_sc_hd__dfxtp_2)
     2    0.00    0.04    0.29    0.29 ^ _6114_/Q (sky130_fd_sc_hd__dfxtp_2)
                                         reg_file.memory[15][16] (net)
                  0.04    0.00    0.29 ^ _5423_/A1 (sky130_fd_sc_hd__mux2_2)
     1    0.00    0.04    0.13    0.42 ^ _5423_/X (sky130_fd_sc_hd__mux2_2)
                                         _2709_ (net)
                  0.04    0.00    0.42 ^ _5424_/A (sky130_fd_sc_hd__buf_1)
     1    0.00    0.03    0.07    0.49 ^ _5424_/X (sky130_fd_sc_hd__buf_1)
                                         _0349_ (net)
                  0.03    0.00    0.49 ^ _6114_/D (sky130_fd_sc_hd__dfxtp_2)
                                  0.49   data arrival time

                  0.00    0.00    0.00   clock core_clock (rise edge)
                          0.00    0.00   clock network delay (ideal)
                          0.00    0.00   clock reconvergence pessimism
                                  0.00 ^ _6114_/CLK (sky130_fd_sc_hd__dfxtp_2)
                         -0.03   -0.03   library hold time
                                 -0.03   data required time
-----------------------------------------------------------------------------
                                 -0.03   data required time
                                 -0.49   data arrival time
-----------------------------------------------------------------------------
                                  0.53   slack (MET)


Startpoint: _6106_ (rising edge-triggered flip-flop clocked by core_clock)
Endpoint: _6106_ (rising edge-triggered flip-flop clocked by core_clock)
Path Group: core_clock
Path Type: min

Fanout     Cap    Slew   Delay    Time   Description
-----------------------------------------------------------------------------
                  0.00    0.00    0.00   clock core_clock (rise edge)
                          0.00    0.00   clock network delay (ideal)
                  0.00    0.00    0.00 ^ _6106_/CLK (sky130_fd_sc_hd__dfxtp_2)
     2    0.00    0.04    0.29    0.29 ^ _6106_/Q (sky130_fd_sc_hd__dfxtp_2)
                                         reg_file.memory[15][8] (net)
                  0.04    0.00    0.29 ^ _5406_/A1 (sky130_fd_sc_hd__mux2_2)
     1    0.00    0.04    0.13    0.42 ^ _5406_/X (sky130_fd_sc_hd__mux2_2)
                                         _2700_ (net)
                  0.04    0.00    0.42 ^ _5407_/A (sky130_fd_sc_hd__buf_1)
     1    0.00    0.03    0.07    0.49 ^ _5407_/X (sky130_fd_sc_hd__buf_1)
                                         _0341_ (net)
                  0.03    0.00    0.49 ^ _6106_/D (sky130_fd_sc_hd__dfxtp_2)
                                  0.49   data arrival time

                  0.00    0.00    0.00   clock core_clock (rise edge)
                          0.00    0.00   clock network delay (ideal)
                          0.00    0.00   clock reconvergence pessimism
                                  0.00 ^ _6106_/CLK (sky130_fd_sc_hd__dfxtp_2)
                         -0.03   -0.03   library hold time
                                 -0.03   data required time
-----------------------------------------------------------------------------
                                 -0.03   data required time
                                 -0.49   data arrival time
-----------------------------------------------------------------------------
                                  0.53   slack (MET)


Startpoint: _6119_ (rising edge-triggered flip-flop clocked by core_clock)
Endpoint: _6119_ (rising edge-triggered flip-flop clocked by core_clock)
Path Group: core_clock
Path Type: min

Fanout     Cap    Slew   Delay    Time   Description
-----------------------------------------------------------------------------
                  0.00    0.00    0.00   clock core_clock (rise edge)
                          0.00    0.00   clock network delay (ideal)
                  0.00    0.00    0.00 ^ _6119_/CLK (sky130_fd_sc_hd__dfxtp_2)
     2    0.00    0.04    0.30    0.30 ^ _6119_/Q (sky130_fd_sc_hd__dfxtp_2)
                                         reg_file.memory[15][21] (net)
                  0.04    0.00    0.30 ^ _5434_/A1 (sky130_fd_sc_hd__mux2_2)
     1    0.00    0.04    0.13    0.42 ^ _5434_/X (sky130_fd_sc_hd__mux2_2)
                                         _2715_ (net)
                  0.04    0.00    0.42 ^ _5435_/A (sky130_fd_sc_hd__buf_1)
     1    0.00    0.03    0.07    0.49 ^ _5435_/X (sky130_fd_sc_hd__buf_1)
                                         _0354_ (net)
                  0.03    0.00    0.49 ^ _6119_/D (sky130_fd_sc_hd__dfxtp_2)
                                  0.49   data arrival time

                  0.00    0.00    0.00   clock core_clock (rise edge)
                          0.00    0.00   clock network delay (ideal)
                          0.00    0.00   clock reconvergence pessimism
                                  0.00 ^ _6119_/CLK (sky130_fd_sc_hd__dfxtp_2)
                         -0.03   -0.03   library hold time
                                 -0.03   data required time
-----------------------------------------------------------------------------
                                 -0.03   data required time
                                 -0.49   data arrival time
-----------------------------------------------------------------------------
                                  0.53   slack (MET)


Startpoint: _6112_ (rising edge-triggered flip-flop clocked by core_clock)
Endpoint: _6112_ (rising edge-triggered flip-flop clocked by core_clock)
Path Group: core_clock
Path Type: min

Fanout     Cap    Slew   Delay    Time   Description
-----------------------------------------------------------------------------
                  0.00    0.00    0.00   clock core_clock (rise edge)
                          0.00    0.00   clock network delay (ideal)
                  0.00    0.00    0.00 ^ _6112_/CLK (sky130_fd_sc_hd__dfxtp_2)
     2    0.00    0.04    0.30    0.30 ^ _6112_/Q (sky130_fd_sc_hd__dfxtp_2)
                                         reg_file.memory[15][14] (net)
                  0.04    0.00    0.30 ^ _5419_/A1 (sky130_fd_sc_hd__mux2_2)
     1    0.00    0.04    0.13    0.42 ^ _5419_/X (sky130_fd_sc_hd__mux2_2)
                                         _2707_ (net)
                  0.04    0.00    0.42 ^ _5420_/A (sky130_fd_sc_hd__buf_1)
     1    0.00    0.03    0.07    0.49 ^ _5420_/X (sky130_fd_sc_hd__buf_1)
                                         _0347_ (net)
                  0.03    0.00    0.49 ^ _6112_/D (sky130_fd_sc_hd__dfxtp_2)
                                  0.49   data arrival time

                  0.00    0.00    0.00   clock core_clock (rise edge)
                          0.00    0.00   clock network delay (ideal)
                          0.00    0.00   clock reconvergence pessimism
                                  0.00 ^ _6112_/CLK (sky130_fd_sc_hd__dfxtp_2)
                         -0.03   -0.03   library hold time
                                 -0.03   data required time
-----------------------------------------------------------------------------
                                 -0.03   data required time
                                 -0.49   data arrival time
-----------------------------------------------------------------------------
                                  0.53   slack (MET)


Startpoint: _5939_ (rising edge-triggered flip-flop clocked by core_clock)
Endpoint: _5939_ (rising edge-triggered flip-flop clocked by core_clock)
Path Group: core_clock
Path Type: min

Fanout     Cap    Slew   Delay    Time   Description
-----------------------------------------------------------------------------
                  0.00    0.00    0.00   clock core_clock (rise edge)
                          0.00    0.00   clock network delay (ideal)
                  0.00    0.00    0.00 ^ _5939_/CLK (sky130_fd_sc_hd__dfxtp_2)
     2    0.00    0.04    0.29    0.29 ^ _5939_/Q (sky130_fd_sc_hd__dfxtp_2)
                                         reg_file.memory[6][1] (net)
                  0.04    0.00    0.29 ^ _5053_/A1 (sky130_fd_sc_hd__mux2_2)
     1    0.00    0.04    0.13    0.42 ^ _5053_/X (sky130_fd_sc_hd__mux2_2)
                                         _2514_ (net)
                  0.04    0.00    0.42 ^ _5054_/A (sky130_fd_sc_hd__buf_1)
     1    0.00    0.03    0.07    0.49 ^ _5054_/X (sky130_fd_sc_hd__buf_1)
                                         _0174_ (net)
                  0.03    0.00    0.49 ^ _5939_/D (sky130_fd_sc_hd__dfxtp_2)
                                  0.49   data arrival time

                  0.00    0.00    0.00   clock core_clock (rise edge)
                          0.00    0.00   clock network delay (ideal)
                          0.00    0.00   clock reconvergence pessimism
                                  0.00 ^ _5939_/CLK (sky130_fd_sc_hd__dfxtp_2)
                         -0.04   -0.04   library hold time
                                 -0.04   data required time
-----------------------------------------------------------------------------
                                 -0.04   data required time
                                 -0.49   data arrival time
-----------------------------------------------------------------------------
                                  0.53   slack (MET)


Startpoint: _6006_ (rising edge-triggered flip-flop clocked by core_clock)
Endpoint: _6006_ (rising edge-triggered flip-flop clocked by core_clock)
Path Group: core_clock
Path Type: min

Fanout     Cap    Slew   Delay    Time   Description
-----------------------------------------------------------------------------
                  0.00    0.00    0.00   clock core_clock (rise edge)
                          0.00    0.00   clock network delay (ideal)
                  0.00    0.00    0.00 ^ _6006_/CLK (sky130_fd_sc_hd__dfxtp_2)
     2    0.00    0.04    0.29    0.29 ^ _6006_/Q (sky130_fd_sc_hd__dfxtp_2)
                                         reg_file.memory[8][4] (net)
                  0.04    0.00    0.29 ^ _5197_/A0 (sky130_fd_sc_hd__mux2_2)
     1    0.00    0.04    0.13    0.42 ^ _5197_/X (sky130_fd_sc_hd__mux2_2)
                                         _2591_ (net)
                  0.04    0.00    0.42 ^ _5198_/A (sky130_fd_sc_hd__buf_1)
     1    0.00    0.04    0.07    0.49 ^ _5198_/X (sky130_fd_sc_hd__buf_1)
                                         _0241_ (net)
                  0.04    0.00    0.49 ^ _6006_/D (sky130_fd_sc_hd__dfxtp_2)
                                  0.49   data arrival time

                  0.00    0.00    0.00   clock core_clock (rise edge)
                          0.00    0.00   clock network delay (ideal)
                          0.00    0.00   clock reconvergence pessimism
                                  0.00 ^ _6006_/CLK (sky130_fd_sc_hd__dfxtp_2)
                         -0.04   -0.04   library hold time
                                 -0.04   data required time
-----------------------------------------------------------------------------
                                 -0.04   data required time
                                 -0.49   data arrival time
-----------------------------------------------------------------------------
                                  0.53   slack (MET)


Startpoint: _6115_ (rising edge-triggered flip-flop clocked by core_clock)
Endpoint: _6115_ (rising edge-triggered flip-flop clocked by core_clock)
Path Group: core_clock
Path Type: min

Fanout     Cap    Slew   Delay    Time   Description
-----------------------------------------------------------------------------
                  0.00    0.00    0.00   clock core_clock (rise edge)
                          0.00    0.00   clock network delay (ideal)
                  0.00    0.00    0.00 ^ _6115_/CLK (sky130_fd_sc_hd__dfxtp_2)
     2    0.00    0.04    0.29    0.29 ^ _6115_/Q (sky130_fd_sc_hd__dfxtp_2)
                                         reg_file.memory[15][17] (net)
                  0.04    0.00    0.29 ^ _5425_/A1 (sky130_fd_sc_hd__mux2_2)
     1    0.00    0.04    0.13    0.42 ^ _5425_/X (sky130_fd_sc_hd__mux2_2)
                                         _2710_ (net)
                  0.04    0.00    0.42 ^ _5426_/A (sky130_fd_sc_hd__buf_1)
     1    0.00    0.03    0.07    0.49 ^ _5426_/X (sky130_fd_sc_hd__buf_1)
                                         _0350_ (net)
                  0.03    0.00    0.49 ^ _6115_/D (sky130_fd_sc_hd__dfxtp_2)
                                  0.49   data arrival time

                  0.00    0.00    0.00   clock core_clock (rise edge)
                          0.00    0.00   clock network delay (ideal)
                          0.00    0.00   clock reconvergence pessimism
                                  0.00 ^ _6115_/CLK (sky130_fd_sc_hd__dfxtp_2)
                         -0.03   -0.03   library hold time
                                 -0.03   data required time
-----------------------------------------------------------------------------
                                 -0.03   data required time
                                 -0.49   data arrival time
-----------------------------------------------------------------------------
                                  0.53   slack (MET)


Startpoint: _6129_ (rising edge-triggered flip-flop clocked by core_clock)
Endpoint: _6129_ (rising edge-triggered flip-flop clocked by core_clock)
Path Group: core_clock
Path Type: min

Fanout     Cap    Slew   Delay    Time   Description
-----------------------------------------------------------------------------
                  0.00    0.00    0.00   clock core_clock (rise edge)
                          0.00    0.00   clock network delay (ideal)
                  0.00    0.00    0.00 ^ _6129_/CLK (sky130_fd_sc_hd__dfxtp_2)
     2    0.00    0.04    0.30    0.30 ^ _6129_/Q (sky130_fd_sc_hd__dfxtp_2)
                                         reg_file.memory[15][31] (net)
                  0.04    0.00    0.30 ^ _5454_/A1 (sky130_fd_sc_hd__mux2_2)
     1    0.00    0.04    0.13    0.42 ^ _5454_/X (sky130_fd_sc_hd__mux2_2)
                                         _2725_ (net)
                  0.04    0.00    0.42 ^ _5455_/A (sky130_fd_sc_hd__buf_1)
     1    0.00    0.03    0.07    0.49 ^ _5455_/X (sky130_fd_sc_hd__buf_1)
                                         _0364_ (net)
                  0.03    0.00    0.49 ^ _6129_/D (sky130_fd_sc_hd__dfxtp_2)
                                  0.49   data arrival time

                  0.00    0.00    0.00   clock core_clock (rise edge)
                          0.00    0.00   clock network delay (ideal)
                          0.00    0.00   clock reconvergence pessimism
                                  0.00 ^ _6129_/CLK (sky130_fd_sc_hd__dfxtp_2)
                         -0.03   -0.03   library hold time
                                 -0.03   data required time
-----------------------------------------------------------------------------
                                 -0.03   data required time
                                 -0.49   data arrival time
-----------------------------------------------------------------------------
                                  0.53   slack (MET)


Startpoint: _6101_ (rising edge-triggered flip-flop clocked by core_clock)
Endpoint: _6101_ (rising edge-triggered flip-flop clocked by core_clock)
Path Group: core_clock
Path Type: min

Fanout     Cap    Slew   Delay    Time   Description
-----------------------------------------------------------------------------
                  0.00    0.00    0.00   clock core_clock (rise edge)
                          0.00    0.00   clock network delay (ideal)
                  0.00    0.00    0.00 ^ _6101_/CLK (sky130_fd_sc_hd__dfxtp_2)
     2    0.00    0.04    0.30    0.30 ^ _6101_/Q (sky130_fd_sc_hd__dfxtp_2)
                                         reg_file.memory[15][3] (net)
                  0.04    0.00    0.30 ^ _5396_/A1 (sky130_fd_sc_hd__mux2_2)
     1    0.00    0.04    0.13    0.42 ^ _5396_/X (sky130_fd_sc_hd__mux2_2)
                                         _2695_ (net)
                  0.04    0.00    0.42 ^ _5397_/A (sky130_fd_sc_hd__buf_1)
     1    0.00    0.03    0.07    0.49 ^ _5397_/X (sky130_fd_sc_hd__buf_1)
                                         _0336_ (net)
                  0.03    0.00    0.49 ^ _6101_/D (sky130_fd_sc_hd__dfxtp_2)
                                  0.49   data arrival time

                  0.00    0.00    0.00   clock core_clock (rise edge)
                          0.00    0.00   clock network delay (ideal)
                          0.00    0.00   clock reconvergence pessimism
                                  0.00 ^ _6101_/CLK (sky130_fd_sc_hd__dfxtp_2)
                         -0.03   -0.03   library hold time
                                 -0.03   data required time
-----------------------------------------------------------------------------
                                 -0.03   data required time
                                 -0.49   data arrival time
-----------------------------------------------------------------------------
                                  0.53   slack (MET)


Startpoint: _6121_ (rising edge-triggered flip-flop clocked by core_clock)
Endpoint: _6121_ (rising edge-triggered flip-flop clocked by core_clock)
Path Group: core_clock
Path Type: min

Fanout     Cap    Slew   Delay    Time   Description
-----------------------------------------------------------------------------
                  0.00    0.00    0.00   clock core_clock (rise edge)
                          0.00    0.00   clock network delay (ideal)
                  0.00    0.00    0.00 ^ _6121_/CLK (sky130_fd_sc_hd__dfxtp_2)
     2    0.00    0.04    0.30    0.30 ^ _6121_/Q (sky130_fd_sc_hd__dfxtp_2)
                                         reg_file.memory[15][23] (net)
                  0.04    0.00    0.30 ^ _5438_/A1 (sky130_fd_sc_hd__mux2_2)
     1    0.00    0.04    0.13    0.42 ^ _5438_/X (sky130_fd_sc_hd__mux2_2)
                                         _2717_ (net)
                  0.04    0.00    0.42 ^ _5439_/A (sky130_fd_sc_hd__buf_1)
     1    0.00    0.03    0.07    0.49 ^ _5439_/X (sky130_fd_sc_hd__buf_1)
                                         _0356_ (net)
                  0.03    0.00    0.49 ^ _6121_/D (sky130_fd_sc_hd__dfxtp_2)
                                  0.49   data arrival time

                  0.00    0.00    0.00   clock core_clock (rise edge)
                          0.00    0.00   clock network delay (ideal)
                          0.00    0.00   clock reconvergence pessimism
                                  0.00 ^ _6121_/CLK (sky130_fd_sc_hd__dfxtp_2)
                         -0.03   -0.03   library hold time
                                 -0.03   data required time
-----------------------------------------------------------------------------
                                 -0.03   data required time
                                 -0.49   data arrival time
-----------------------------------------------------------------------------
                                  0.53   slack (MET)


Startpoint: _6098_ (rising edge-triggered flip-flop clocked by core_clock)
Endpoint: _6098_ (rising edge-triggered flip-flop clocked by core_clock)
Path Group: core_clock
Path Type: min

Fanout     Cap    Slew   Delay    Time   Description
-----------------------------------------------------------------------------
                  0.00    0.00    0.00   clock core_clock (rise edge)
                          0.00    0.00   clock network delay (ideal)
                  0.00    0.00    0.00 ^ _6098_/CLK (sky130_fd_sc_hd__dfxtp_2)
     2    0.00    0.04    0.30    0.30 ^ _6098_/Q (sky130_fd_sc_hd__dfxtp_2)
                                         reg_file.memory[15][0] (net)
                  0.04    0.00    0.30 ^ _5390_/A1 (sky130_fd_sc_hd__mux2_2)
     1    0.00    0.04    0.13    0.42 ^ _5390_/X (sky130_fd_sc_hd__mux2_2)
                                         _2692_ (net)
                  0.04    0.00    0.42 ^ _5391_/A (sky130_fd_sc_hd__buf_1)
     1    0.00    0.03    0.07    0.49 ^ _5391_/X (sky130_fd_sc_hd__buf_1)
                                         _0333_ (net)
                  0.03    0.00    0.49 ^ _6098_/D (sky130_fd_sc_hd__dfxtp_2)
                                  0.49   data arrival time

                  0.00    0.00    0.00   clock core_clock (rise edge)
                          0.00    0.00   clock network delay (ideal)
                          0.00    0.00   clock reconvergence pessimism
                                  0.00 ^ _6098_/CLK (sky130_fd_sc_hd__dfxtp_2)
                         -0.03   -0.03   library hold time
                                 -0.03   data required time
-----------------------------------------------------------------------------
                                 -0.03   data required time
                                 -0.49   data arrival time
-----------------------------------------------------------------------------
                                  0.53   slack (MET)


Startpoint: _5894_ (rising edge-triggered flip-flop clocked by core_clock)
Endpoint: _5894_ (rising edge-triggered flip-flop clocked by core_clock)
Path Group: core_clock
Path Type: min

Fanout     Cap    Slew   Delay    Time   Description
-----------------------------------------------------------------------------
                  0.00    0.00    0.00   clock core_clock (rise edge)
                          0.00    0.00   clock network delay (ideal)
                  0.00    0.00    0.00 ^ _5894_/CLK (sky130_fd_sc_hd__dfxtp_2)
     2    0.00    0.04    0.29    0.29 ^ _5894_/Q (sky130_fd_sc_hd__dfxtp_2)
                                         reg_file.memory[4][20] (net)
                  0.04    0.00    0.29 ^ _4946_/A1 (sky130_fd_sc_hd__mux2_2)
     1    0.00    0.04    0.13    0.42 ^ _4946_/X (sky130_fd_sc_hd__mux2_2)
                                         _2452_ (net)
                  0.04    0.00    0.42 ^ _4947_/A (sky130_fd_sc_hd__buf_1)
     1    0.00    0.03    0.07    0.49 ^ _4947_/X (sky130_fd_sc_hd__buf_1)
                                         _0129_ (net)
                  0.03    0.00    0.49 ^ _5894_/D (sky130_fd_sc_hd__dfxtp_2)
                                  0.49   data arrival time

                  0.00    0.00    0.00   clock core_clock (rise edge)
                          0.00    0.00   clock network delay (ideal)
                          0.00    0.00   clock reconvergence pessimism
                                  0.00 ^ _5894_/CLK (sky130_fd_sc_hd__dfxtp_2)
                         -0.03   -0.03   library hold time
                                 -0.03   data required time
-----------------------------------------------------------------------------
                                 -0.03   data required time
                                 -0.49   data arrival time
-----------------------------------------------------------------------------
                                  0.53   slack (MET)


Startpoint: _6117_ (rising edge-triggered flip-flop clocked by core_clock)
Endpoint: _6117_ (rising edge-triggered flip-flop clocked by core_clock)
Path Group: core_clock
Path Type: min

Fanout     Cap    Slew   Delay    Time   Description
-----------------------------------------------------------------------------
                  0.00    0.00    0.00   clock core_clock (rise edge)
                          0.00    0.00   clock network delay (ideal)
                  0.00    0.00    0.00 ^ _6117_/CLK (sky130_fd_sc_hd__dfxtp_2)
     2    0.00    0.04    0.30    0.30 ^ _6117_/Q (sky130_fd_sc_hd__dfxtp_2)
                                         reg_file.memory[15][19] (net)
                  0.04    0.00    0.30 ^ _5429_/A1 (sky130_fd_sc_hd__mux2_2)
     1    0.00    0.04    0.13    0.42 ^ _5429_/X (sky130_fd_sc_hd__mux2_2)
                                         _2712_ (net)
                  0.04    0.00    0.42 ^ _5430_/A (sky130_fd_sc_hd__buf_1)
     1    0.00    0.03    0.07    0.49 ^ _5430_/X (sky130_fd_sc_hd__buf_1)
                                         _0352_ (net)
                  0.03    0.00    0.49 ^ _6117_/D (sky130_fd_sc_hd__dfxtp_2)
                                  0.49   data arrival time

                  0.00    0.00    0.00   clock core_clock (rise edge)
                          0.00    0.00   clock network delay (ideal)
                          0.00    0.00   clock reconvergence pessimism
                                  0.00 ^ _6117_/CLK (sky130_fd_sc_hd__dfxtp_2)
                         -0.03   -0.03   library hold time
                                 -0.03   data required time
-----------------------------------------------------------------------------
                                 -0.03   data required time
                                 -0.49   data arrival time
-----------------------------------------------------------------------------
                                  0.53   slack (MET)


Startpoint: _6188_ (rising edge-triggered flip-flop clocked by core_clock)
Endpoint: _6188_ (rising edge-triggered flip-flop clocked by core_clock)
Path Group: core_clock
Path Type: min

Fanout     Cap    Slew   Delay    Time   Description
-----------------------------------------------------------------------------
                  0.00    0.00    0.00   clock core_clock (rise edge)
                          0.00    0.00   clock network delay (ideal)
                  0.00    0.00    0.00 ^ _6188_/CLK (sky130_fd_sc_hd__dfxtp_2)
     2    0.00    0.04    0.29    0.29 ^ _6188_/Q (sky130_fd_sc_hd__dfxtp_2)
                                         reg_file.memory[21][26] (net)
                  0.04    0.00    0.29 ^ _5577_/A1 (sky130_fd_sc_hd__mux2_2)
     1    0.00    0.04    0.13    0.42 ^ _5577_/X (sky130_fd_sc_hd__mux2_2)
                                         _2789_ (net)
                  0.04    0.00    0.42 ^ _5578_/A (sky130_fd_sc_hd__buf_1)
     1    0.00    0.03    0.07    0.49 ^ _5578_/X (sky130_fd_sc_hd__buf_1)
                                         _0423_ (net)
                  0.03    0.00    0.49 ^ _6188_/D (sky130_fd_sc_hd__dfxtp_2)
                                  0.49   data arrival time

                  0.00    0.00    0.00   clock core_clock (rise edge)
                          0.00    0.00   clock network delay (ideal)
                          0.00    0.00   clock reconvergence pessimism
                                  0.00 ^ _6188_/CLK (sky130_fd_sc_hd__dfxtp_2)
                         -0.03   -0.03   library hold time
                                 -0.03   data required time
-----------------------------------------------------------------------------
                                 -0.03   data required time
                                 -0.49   data arrival time
-----------------------------------------------------------------------------
                                  0.53   slack (MET)


Startpoint: _6113_ (rising edge-triggered flip-flop clocked by core_clock)
Endpoint: _6113_ (rising edge-triggered flip-flop clocked by core_clock)
Path Group: core_clock
Path Type: min

Fanout     Cap    Slew   Delay    Time   Description
-----------------------------------------------------------------------------
                  0.00    0.00    0.00   clock core_clock (rise edge)
                          0.00    0.00   clock network delay (ideal)
                  0.00    0.00    0.00 ^ _6113_/CLK (sky130_fd_sc_hd__dfxtp_2)
     2    0.00    0.04    0.29    0.29 ^ _6113_/Q (sky130_fd_sc_hd__dfxtp_2)
                                         reg_file.memory[15][15] (net)
                  0.04    0.00    0.29 ^ _5421_/A1 (sky130_fd_sc_hd__mux2_2)
     1    0.00    0.04    0.13    0.42 ^ _5421_/X (sky130_fd_sc_hd__mux2_2)
                                         _2708_ (net)
                  0.04    0.00    0.42 ^ _5422_/A (sky130_fd_sc_hd__buf_1)
     1    0.00    0.03    0.07    0.49 ^ _5422_/X (sky130_fd_sc_hd__buf_1)
                                         _0348_ (net)
                  0.03    0.00    0.49 ^ _6113_/D (sky130_fd_sc_hd__dfxtp_2)
                                  0.49   data arrival time

                  0.00    0.00    0.00   clock core_clock (rise edge)
                          0.00    0.00   clock network delay (ideal)
                          0.00    0.00   clock reconvergence pessimism
                                  0.00 ^ _6113_/CLK (sky130_fd_sc_hd__dfxtp_2)
                         -0.03   -0.03   library hold time
                                 -0.03   data required time
-----------------------------------------------------------------------------
                                 -0.03   data required time
                                 -0.49   data arrival time
-----------------------------------------------------------------------------
                                  0.53   slack (MET)


Startpoint: _6167_ (rising edge-triggered flip-flop clocked by core_clock)
Endpoint: _6167_ (rising edge-triggered flip-flop clocked by core_clock)
Path Group: core_clock
Path Type: min

Fanout     Cap    Slew   Delay    Time   Description
-----------------------------------------------------------------------------
                  0.00    0.00    0.00   clock core_clock (rise edge)
                          0.00    0.00   clock network delay (ideal)
                  0.00    0.00    0.00 ^ _6167_/CLK (sky130_fd_sc_hd__dfxtp_2)
     2    0.00    0.04    0.30    0.30 ^ _6167_/Q (sky130_fd_sc_hd__dfxtp_2)
                                         reg_file.memory[21][5] (net)
                  0.04    0.00    0.30 ^ _5533_/A1 (sky130_fd_sc_hd__mux2_2)
     1    0.00    0.04    0.13    0.42 ^ _5533_/X (sky130_fd_sc_hd__mux2_2)
                                         _2766_ (net)
                  0.04    0.00    0.42 ^ _5534_/A (sky130_fd_sc_hd__buf_1)
     1    0.00    0.03    0.07    0.49 ^ _5534_/X (sky130_fd_sc_hd__buf_1)
                                         _0402_ (net)
                  0.03    0.00    0.49 ^ _6167_/D (sky130_fd_sc_hd__dfxtp_2)
                                  0.49   data arrival time

                  0.00    0.00    0.00   clock core_clock (rise edge)
                          0.00    0.00   clock network delay (ideal)
                          0.00    0.00   clock reconvergence pessimism
                                  0.00 ^ _6167_/CLK (sky130_fd_sc_hd__dfxtp_2)
                         -0.03   -0.03   library hold time
                                 -0.03   data required time
-----------------------------------------------------------------------------
                                 -0.03   data required time
                                 -0.49   data arrival time
-----------------------------------------------------------------------------
                                  0.53   slack (MET)


Startpoint: _6110_ (rising edge-triggered flip-flop clocked by core_clock)
Endpoint: _6110_ (rising edge-triggered flip-flop clocked by core_clock)
Path Group: core_clock
Path Type: min

Fanout     Cap    Slew   Delay    Time   Description
-----------------------------------------------------------------------------
                  0.00    0.00    0.00   clock core_clock (rise edge)
                          0.00    0.00   clock network delay (ideal)
                  0.00    0.00    0.00 ^ _6110_/CLK (sky130_fd_sc_hd__dfxtp_2)
     2    0.00    0.04    0.30    0.30 ^ _6110_/Q (sky130_fd_sc_hd__dfxtp_2)
                                         reg_file.memory[15][12] (net)
                  0.04    0.00    0.30 ^ _5415_/A1 (sky130_fd_sc_hd__mux2_2)
     1    0.00    0.04    0.13    0.42 ^ _5415_/X (sky130_fd_sc_hd__mux2_2)
                                         _2705_ (net)
                  0.04    0.00    0.42 ^ _5416_/A (sky130_fd_sc_hd__buf_1)
     1    0.00    0.03    0.07    0.49 ^ _5416_/X (sky130_fd_sc_hd__buf_1)
                                         _0345_ (net)
                  0.03    0.00    0.49 ^ _6110_/D (sky130_fd_sc_hd__dfxtp_2)
                                  0.49   data arrival time

                  0.00    0.00    0.00   clock core_clock (rise edge)
                          0.00    0.00   clock network delay (ideal)
                          0.00    0.00   clock reconvergence pessimism
                                  0.00 ^ _6110_/CLK (sky130_fd_sc_hd__dfxtp_2)
                         -0.03   -0.03   library hold time
                                 -0.03   data required time
-----------------------------------------------------------------------------
                                 -0.03   data required time
                                 -0.49   data arrival time
-----------------------------------------------------------------------------
                                  0.53   slack (MET)


Startpoint: _6126_ (rising edge-triggered flip-flop clocked by core_clock)
Endpoint: _6126_ (rising edge-triggered flip-flop clocked by core_clock)
Path Group: core_clock
Path Type: min

Fanout     Cap    Slew   Delay    Time   Description
-----------------------------------------------------------------------------
                  0.00    0.00    0.00   clock core_clock (rise edge)
                          0.00    0.00   clock network delay (ideal)
                  0.00    0.00    0.00 ^ _6126_/CLK (sky130_fd_sc_hd__dfxtp_2)
     2    0.00    0.04    0.30    0.30 ^ _6126_/Q (sky130_fd_sc_hd__dfxtp_2)
                                         reg_file.memory[15][28] (net)
                  0.04    0.00    0.30 ^ _5448_/A1 (sky130_fd_sc_hd__mux2_2)
     1    0.00    0.04    0.13    0.42 ^ _5448_/X (sky130_fd_sc_hd__mux2_2)
                                         _2722_ (net)
                  0.04    0.00    0.42 ^ _5449_/A (sky130_fd_sc_hd__buf_1)
     1    0.00    0.03    0.07    0.49 ^ _5449_/X (sky130_fd_sc_hd__buf_1)
                                         _0361_ (net)
                  0.03    0.00    0.49 ^ _6126_/D (sky130_fd_sc_hd__dfxtp_2)
                                  0.49   data arrival time

                  0.00    0.00    0.00   clock core_clock (rise edge)
                          0.00    0.00   clock network delay (ideal)
                          0.00    0.00   clock reconvergence pessimism
                                  0.00 ^ _6126_/CLK (sky130_fd_sc_hd__dfxtp_2)
                         -0.03   -0.03   library hold time
                                 -0.03   data required time
-----------------------------------------------------------------------------
                                 -0.03   data required time
                                 -0.49   data arrival time
-----------------------------------------------------------------------------
                                  0.53   slack (MET)


Startpoint: _6099_ (rising edge-triggered flip-flop clocked by core_clock)
Endpoint: _6099_ (rising edge-triggered flip-flop clocked by core_clock)
Path Group: core_clock
Path Type: min

Fanout     Cap    Slew   Delay    Time   Description
-----------------------------------------------------------------------------
                  0.00    0.00    0.00   clock core_clock (rise edge)
                          0.00    0.00   clock network delay (ideal)
                  0.00    0.00    0.00 ^ _6099_/CLK (sky130_fd_sc_hd__dfxtp_2)
     2    0.00    0.04    0.30    0.30 ^ _6099_/Q (sky130_fd_sc_hd__dfxtp_2)
                                         reg_file.memory[15][1] (net)
                  0.04    0.00    0.30 ^ _5392_/A1 (sky130_fd_sc_hd__mux2_2)
     1    0.00    0.04    0.13    0.42 ^ _5392_/X (sky130_fd_sc_hd__mux2_2)
                                         _2693_ (net)
                  0.04    0.00    0.42 ^ _5393_/A (sky130_fd_sc_hd__buf_1)
     1    0.00    0.03    0.07    0.49 ^ _5393_/X (sky130_fd_sc_hd__buf_1)
                                         _0334_ (net)
                  0.03    0.00    0.49 ^ _6099_/D (sky130_fd_sc_hd__dfxtp_2)
                                  0.49   data arrival time

                  0.00    0.00    0.00   clock core_clock (rise edge)
                          0.00    0.00   clock network delay (ideal)
                          0.00    0.00   clock reconvergence pessimism
                                  0.00 ^ _6099_/CLK (sky130_fd_sc_hd__dfxtp_2)
                         -0.03   -0.03   library hold time
                                 -0.03   data required time
-----------------------------------------------------------------------------
                                 -0.03   data required time
                                 -0.49   data arrival time
-----------------------------------------------------------------------------
                                  0.53   slack (MET)


Startpoint: _6163_ (rising edge-triggered flip-flop clocked by core_clock)
Endpoint: _6163_ (rising edge-triggered flip-flop clocked by core_clock)
Path Group: core_clock
Path Type: min

Fanout     Cap    Slew   Delay    Time   Description
-----------------------------------------------------------------------------
                  0.00    0.00    0.00   clock core_clock (rise edge)
                          0.00    0.00   clock network delay (ideal)
                  0.00    0.00    0.00 ^ _6163_/CLK (sky130_fd_sc_hd__dfxtp_2)
     2    0.00    0.04    0.30    0.30 ^ _6163_/Q (sky130_fd_sc_hd__dfxtp_2)
                                         reg_file.memory[21][1] (net)
                  0.04    0.00    0.30 ^ _5525_/A1 (sky130_fd_sc_hd__mux2_2)
     1    0.00    0.04    0.13    0.42 ^ _5525_/X (sky130_fd_sc_hd__mux2_2)
                                         _2762_ (net)
                  0.04    0.00    0.42 ^ _5526_/A (sky130_fd_sc_hd__buf_1)
     1    0.00    0.03    0.07    0.49 ^ _5526_/X (sky130_fd_sc_hd__buf_1)
                                         _0398_ (net)
                  0.03    0.00    0.49 ^ _6163_/D (sky130_fd_sc_hd__dfxtp_2)
                                  0.49   data arrival time

                  0.00    0.00    0.00   clock core_clock (rise edge)
                          0.00    0.00   clock network delay (ideal)
                          0.00    0.00   clock reconvergence pessimism
                                  0.00 ^ _6163_/CLK (sky130_fd_sc_hd__dfxtp_2)
                         -0.03   -0.03   library hold time
                                 -0.03   data required time
-----------------------------------------------------------------------------
                                 -0.03   data required time
                                 -0.49   data arrival time
-----------------------------------------------------------------------------
                                  0.53   slack (MET)


Startpoint: _6109_ (rising edge-triggered flip-flop clocked by core_clock)
Endpoint: _6109_ (rising edge-triggered flip-flop clocked by core_clock)
Path Group: core_clock
Path Type: min

Fanout     Cap    Slew   Delay    Time   Description
-----------------------------------------------------------------------------
                  0.00    0.00    0.00   clock core_clock (rise edge)
                          0.00    0.00   clock network delay (ideal)
                  0.00    0.00    0.00 ^ _6109_/CLK (sky130_fd_sc_hd__dfxtp_2)
     2    0.00    0.04    0.29    0.29 ^ _6109_/Q (sky130_fd_sc_hd__dfxtp_2)
                                         reg_file.memory[15][11] (net)
                  0.04    0.00    0.29 ^ _5413_/A1 (sky130_fd_sc_hd__mux2_2)
     1    0.00    0.04    0.13    0.42 ^ _5413_/X (sky130_fd_sc_hd__mux2_2)
                                         _2704_ (net)
                  0.04    0.00    0.42 ^ _5414_/A (sky130_fd_sc_hd__buf_1)
     1    0.00    0.03    0.07    0.49 ^ _5414_/X (sky130_fd_sc_hd__buf_1)
                                         _0344_ (net)
                  0.03    0.00    0.49 ^ _6109_/D (sky130_fd_sc_hd__dfxtp_2)
                                  0.49   data arrival time

                  0.00    0.00    0.00   clock core_clock (rise edge)
                          0.00    0.00   clock network delay (ideal)
                          0.00    0.00   clock reconvergence pessimism
                                  0.00 ^ _6109_/CLK (sky130_fd_sc_hd__dfxtp_2)
                         -0.03   -0.03   library hold time
                                 -0.03   data required time
-----------------------------------------------------------------------------
                                 -0.03   data required time
                                 -0.49   data arrival time
-----------------------------------------------------------------------------
                                  0.53   slack (MET)


Startpoint: _6127_ (rising edge-triggered flip-flop clocked by core_clock)
Endpoint: _6127_ (rising edge-triggered flip-flop clocked by core_clock)
Path Group: core_clock
Path Type: min

Fanout     Cap    Slew   Delay    Time   Description
-----------------------------------------------------------------------------
                  0.00    0.00    0.00   clock core_clock (rise edge)
                          0.00    0.00   clock network delay (ideal)
                  0.00    0.00    0.00 ^ _6127_/CLK (sky130_fd_sc_hd__dfxtp_2)
     2    0.00    0.04    0.30    0.30 ^ _6127_/Q (sky130_fd_sc_hd__dfxtp_2)
                                         reg_file.memory[15][29] (net)
                  0.04    0.00    0.30 ^ _5450_/A1 (sky130_fd_sc_hd__mux2_2)
     1    0.00    0.04    0.13    0.42 ^ _5450_/X (sky130_fd_sc_hd__mux2_2)
                                         _2723_ (net)
                  0.04    0.00    0.42 ^ _5451_/A (sky130_fd_sc_hd__buf_1)
     1    0.00    0.03    0.07    0.49 ^ _5451_/X (sky130_fd_sc_hd__buf_1)
                                         _0362_ (net)
                  0.03    0.00    0.49 ^ _6127_/D (sky130_fd_sc_hd__dfxtp_2)
                                  0.49   data arrival time

                  0.00    0.00    0.00   clock core_clock (rise edge)
                          0.00    0.00   clock network delay (ideal)
                          0.00    0.00   clock reconvergence pessimism
                                  0.00 ^ _6127_/CLK (sky130_fd_sc_hd__dfxtp_2)
                         -0.03   -0.03   library hold time
                                 -0.03   data required time
-----------------------------------------------------------------------------
                                 -0.03   data required time
                                 -0.49   data arrival time
-----------------------------------------------------------------------------
                                  0.53   slack (MET)


Startpoint: _6124_ (rising edge-triggered flip-flop clocked by core_clock)
Endpoint: _6124_ (rising edge-triggered flip-flop clocked by core_clock)
Path Group: core_clock
Path Type: min

Fanout     Cap    Slew   Delay    Time   Description
-----------------------------------------------------------------------------
                  0.00    0.00    0.00   clock core_clock (rise edge)
                          0.00    0.00   clock network delay (ideal)
                  0.00    0.00    0.00 ^ _6124_/CLK (sky130_fd_sc_hd__dfxtp_2)
     2    0.00    0.04    0.29    0.29 ^ _6124_/Q (sky130_fd_sc_hd__dfxtp_2)
                                         reg_file.memory[15][26] (net)
                  0.04    0.00    0.29 ^ _5444_/A1 (sky130_fd_sc_hd__mux2_2)
     1    0.00    0.04    0.13    0.42 ^ _5444_/X (sky130_fd_sc_hd__mux2_2)
                                         _2720_ (net)
                  0.04    0.00    0.42 ^ _5445_/A (sky130_fd_sc_hd__buf_1)
     1    0.00    0.04    0.07    0.49 ^ _5445_/X (sky130_fd_sc_hd__buf_1)
                                         _0359_ (net)
                  0.04    0.00    0.49 ^ _6124_/D (sky130_fd_sc_hd__dfxtp_2)
                                  0.49   data arrival time

                  0.00    0.00    0.00   clock core_clock (rise edge)
                          0.00    0.00   clock network delay (ideal)
                          0.00    0.00   clock reconvergence pessimism
                                  0.00 ^ _6124_/CLK (sky130_fd_sc_hd__dfxtp_2)
                         -0.04   -0.04   library hold time
                                 -0.04   data required time
-----------------------------------------------------------------------------
                                 -0.04   data required time
                                 -0.49   data arrival time
-----------------------------------------------------------------------------
                                  0.53   slack (MET)


Startpoint: _6118_ (rising edge-triggered flip-flop clocked by core_clock)
Endpoint: _6118_ (rising edge-triggered flip-flop clocked by core_clock)
Path Group: core_clock
Path Type: min

Fanout     Cap    Slew   Delay    Time   Description
-----------------------------------------------------------------------------
                  0.00    0.00    0.00   clock core_clock (rise edge)
                          0.00    0.00   clock network delay (ideal)
                  0.00    0.00    0.00 ^ _6118_/CLK (sky130_fd_sc_hd__dfxtp_2)
     2    0.00    0.04    0.30    0.30 ^ _6118_/Q (sky130_fd_sc_hd__dfxtp_2)
                                         reg_file.memory[15][20] (net)
                  0.04    0.00    0.30 ^ _5432_/A1 (sky130_fd_sc_hd__mux2_2)
     1    0.00    0.04    0.13    0.42 ^ _5432_/X (sky130_fd_sc_hd__mux2_2)
                                         _2714_ (net)
                  0.04    0.00    0.42 ^ _5433_/A (sky130_fd_sc_hd__buf_1)
     1    0.00    0.03    0.07    0.49 ^ _5433_/X (sky130_fd_sc_hd__buf_1)
                                         _0353_ (net)
                  0.03    0.00    0.49 ^ _6118_/D (sky130_fd_sc_hd__dfxtp_2)
                                  0.49   data arrival time

                  0.00    0.00    0.00   clock core_clock (rise edge)
                          0.00    0.00   clock network delay (ideal)
                          0.00    0.00   clock reconvergence pessimism
                                  0.00 ^ _6118_/CLK (sky130_fd_sc_hd__dfxtp_2)
                         -0.03   -0.03   library hold time
                                 -0.03   data required time
-----------------------------------------------------------------------------
                                 -0.03   data required time
                                 -0.49   data arrival time
-----------------------------------------------------------------------------
                                  0.53   slack (MET)


Startpoint: _6108_ (rising edge-triggered flip-flop clocked by core_clock)
Endpoint: _6108_ (rising edge-triggered flip-flop clocked by core_clock)
Path Group: core_clock
Path Type: min

Fanout     Cap    Slew   Delay    Time   Description
-----------------------------------------------------------------------------
                  0.00    0.00    0.00   clock core_clock (rise edge)
                          0.00    0.00   clock network delay (ideal)
                  0.00    0.00    0.00 ^ _6108_/CLK (sky130_fd_sc_hd__dfxtp_2)
     2    0.00    0.04    0.30    0.30 ^ _6108_/Q (sky130_fd_sc_hd__dfxtp_2)
                                         reg_file.memory[15][10] (net)
                  0.04    0.00    0.30 ^ _5411_/A1 (sky130_fd_sc_hd__mux2_2)
     1    0.00    0.04    0.13    0.42 ^ _5411_/X (sky130_fd_sc_hd__mux2_2)
                                         _2703_ (net)
                  0.04    0.00    0.42 ^ _5412_/A (sky130_fd_sc_hd__buf_1)
     1    0.00    0.04    0.07    0.49 ^ _5412_/X (sky130_fd_sc_hd__buf_1)
                                         _0343_ (net)
                  0.04    0.00    0.49 ^ _6108_/D (sky130_fd_sc_hd__dfxtp_2)
                                  0.49   data arrival time

                  0.00    0.00    0.00   clock core_clock (rise edge)
                          0.00    0.00   clock network delay (ideal)
                          0.00    0.00   clock reconvergence pessimism
                                  0.00 ^ _6108_/CLK (sky130_fd_sc_hd__dfxtp_2)
                         -0.04   -0.04   library hold time
                                 -0.04   data required time
-----------------------------------------------------------------------------
                                 -0.04   data required time
                                 -0.49   data arrival time
-----------------------------------------------------------------------------
                                  0.53   slack (MET)


Startpoint: _5915_ (rising edge-triggered flip-flop clocked by core_clock)
Endpoint: _5915_ (rising edge-triggered flip-flop clocked by core_clock)
Path Group: core_clock
Path Type: min

Fanout     Cap    Slew   Delay    Time   Description
-----------------------------------------------------------------------------
                  0.00    0.00    0.00   clock core_clock (rise edge)
                          0.00    0.00   clock network delay (ideal)
                  0.00    0.00    0.00 ^ _5915_/CLK (sky130_fd_sc_hd__dfxtp_2)
     3    0.01    0.04    0.30    0.30 ^ _5915_/Q (sky130_fd_sc_hd__dfxtp_2)
                                         reg_file.memory[5][9] (net)
                  0.04    0.00    0.30 ^ _5000_/A1 (sky130_fd_sc_hd__mux2_2)
     1    0.00    0.04    0.13    0.43 ^ _5000_/X (sky130_fd_sc_hd__mux2_2)
                                         _2485_ (net)
                  0.04    0.00    0.43 ^ _5001_/A (sky130_fd_sc_hd__buf_1)
     1    0.00    0.03    0.07    0.50 ^ _5001_/X (sky130_fd_sc_hd__buf_1)
                                         _0150_ (net)
                  0.03    0.00    0.50 ^ _5915_/D (sky130_fd_sc_hd__dfxtp_2)
                                  0.50   data arrival time

                  0.00    0.00    0.00   clock core_clock (rise edge)
                          0.00    0.00   clock network delay (ideal)
                          0.00    0.00   clock reconvergence pessimism
                                  0.00 ^ _5915_/CLK (sky130_fd_sc_hd__dfxtp_2)
                         -0.03   -0.03   library hold time
                                 -0.03   data required time
-----------------------------------------------------------------------------
                                 -0.03   data required time
                                 -0.50   data arrival time
-----------------------------------------------------------------------------
                                  0.53   slack (MET)


Startpoint: _5919_ (rising edge-triggered flip-flop clocked by core_clock)
Endpoint: _5919_ (rising edge-triggered flip-flop clocked by core_clock)
Path Group: core_clock
Path Type: min

Fanout     Cap    Slew   Delay    Time   Description
-----------------------------------------------------------------------------
                  0.00    0.00    0.00   clock core_clock (rise edge)
                          0.00    0.00   clock network delay (ideal)
                  0.00    0.00    0.00 ^ _5919_/CLK (sky130_fd_sc_hd__dfxtp_2)
     3    0.01    0.04    0.30    0.30 ^ _5919_/Q (sky130_fd_sc_hd__dfxtp_2)
                                         reg_file.memory[5][13] (net)
                  0.04    0.00    0.30 ^ _5009_/A1 (sky130_fd_sc_hd__mux2_2)
     1    0.00    0.04    0.13    0.43 ^ _5009_/X (sky130_fd_sc_hd__mux2_2)
                                         _2490_ (net)
                  0.04    0.00    0.43 ^ _5010_/A (sky130_fd_sc_hd__buf_1)
     1    0.00    0.03    0.07    0.50 ^ _5010_/X (sky130_fd_sc_hd__buf_1)
                                         _0154_ (net)
                  0.03    0.00    0.50 ^ _5919_/D (sky130_fd_sc_hd__dfxtp_2)
                                  0.50   data arrival time

                  0.00    0.00    0.00   clock core_clock (rise edge)
                          0.00    0.00   clock network delay (ideal)
                          0.00    0.00   clock reconvergence pessimism
                                  0.00 ^ _5919_/CLK (sky130_fd_sc_hd__dfxtp_2)
                         -0.03   -0.03   library hold time
                                 -0.03   data required time
-----------------------------------------------------------------------------
                                 -0.03   data required time
                                 -0.50   data arrival time
-----------------------------------------------------------------------------
                                  0.53   slack (MET)


Startpoint: _5937_ (rising edge-triggered flip-flop clocked by core_clock)
Endpoint: _5937_ (rising edge-triggered flip-flop clocked by core_clock)
Path Group: core_clock
Path Type: min

Fanout     Cap    Slew   Delay    Time   Description
-----------------------------------------------------------------------------
                  0.00    0.00    0.00   clock core_clock (rise edge)
                          0.00    0.00   clock network delay (ideal)
                  0.00    0.00    0.00 ^ _5937_/CLK (sky130_fd_sc_hd__dfxtp_2)
     3    0.01    0.05    0.30    0.30 ^ _5937_/Q (sky130_fd_sc_hd__dfxtp_2)
                                         reg_file.memory[5][31] (net)
                  0.05    0.00    0.30 ^ _5046_/A1 (sky130_fd_sc_hd__mux2_2)
     1    0.00    0.04    0.13    0.43 ^ _5046_/X (sky130_fd_sc_hd__mux2_2)
                                         _2509_ (net)
                  0.04    0.00    0.43 ^ _5047_/A (sky130_fd_sc_hd__buf_1)
     1    0.00    0.03    0.07    0.50 ^ _5047_/X (sky130_fd_sc_hd__buf_1)
                                         _0172_ (net)
                  0.03    0.00    0.50 ^ _5937_/D (sky130_fd_sc_hd__dfxtp_2)
                                  0.50   data arrival time

                  0.00    0.00    0.00   clock core_clock (rise edge)
                          0.00    0.00   clock network delay (ideal)
                          0.00    0.00   clock reconvergence pessimism
                                  0.00 ^ _5937_/CLK (sky130_fd_sc_hd__dfxtp_2)
                         -0.03   -0.03   library hold time
                                 -0.03   data required time
-----------------------------------------------------------------------------
                                 -0.03   data required time
                                 -0.50   data arrival time
-----------------------------------------------------------------------------
                                  0.53   slack (MET)


Startpoint: _5918_ (rising edge-triggered flip-flop clocked by core_clock)
Endpoint: _5918_ (rising edge-triggered flip-flop clocked by core_clock)
Path Group: core_clock
Path Type: min

Fanout     Cap    Slew   Delay    Time   Description
-----------------------------------------------------------------------------
                  0.00    0.00    0.00   clock core_clock (rise edge)
                          0.00    0.00   clock network delay (ideal)
                  0.00    0.00    0.00 ^ _5918_/CLK (sky130_fd_sc_hd__dfxtp_2)
     3    0.01    0.04    0.30    0.30 ^ _5918_/Q (sky130_fd_sc_hd__dfxtp_2)
                                         reg_file.memory[5][12] (net)
                  0.04    0.00    0.30 ^ _5007_/A1 (sky130_fd_sc_hd__mux2_2)
     1    0.00    0.04    0.13    0.43 ^ _5007_/X (sky130_fd_sc_hd__mux2_2)
                                         _2489_ (net)
                  0.04    0.00    0.43 ^ _5008_/A (sky130_fd_sc_hd__buf_1)
     1    0.00    0.03    0.07    0.50 ^ _5008_/X (sky130_fd_sc_hd__buf_1)
                                         _0153_ (net)
                  0.03    0.00    0.50 ^ _5918_/D (sky130_fd_sc_hd__dfxtp_2)
                                  0.50   data arrival time

                  0.00    0.00    0.00   clock core_clock (rise edge)
                          0.00    0.00   clock network delay (ideal)
                          0.00    0.00   clock reconvergence pessimism
                                  0.00 ^ _5918_/CLK (sky130_fd_sc_hd__dfxtp_2)
                         -0.03   -0.03   library hold time
                                 -0.03   data required time
-----------------------------------------------------------------------------
                                 -0.03   data required time
                                 -0.50   data arrival time
-----------------------------------------------------------------------------
                                  0.53   slack (MET)


Startpoint: _5931_ (rising edge-triggered flip-flop clocked by core_clock)
Endpoint: _5931_ (rising edge-triggered flip-flop clocked by core_clock)
Path Group: core_clock
Path Type: min

Fanout     Cap    Slew   Delay    Time   Description
-----------------------------------------------------------------------------
                  0.00    0.00    0.00   clock core_clock (rise edge)
                          0.00    0.00   clock network delay (ideal)
                  0.00    0.00    0.00 ^ _5931_/CLK (sky130_fd_sc_hd__dfxtp_2)
     3    0.01    0.04    0.30    0.30 ^ _5931_/Q (sky130_fd_sc_hd__dfxtp_2)
                                         reg_file.memory[5][25] (net)
                  0.04    0.00    0.30 ^ _5034_/A1 (sky130_fd_sc_hd__mux2_2)
     1    0.00    0.04    0.13    0.43 ^ _5034_/X (sky130_fd_sc_hd__mux2_2)
                                         _2503_ (net)
                  0.04    0.00    0.43 ^ _5035_/A (sky130_fd_sc_hd__buf_1)
     1    0.00    0.03    0.07    0.50 ^ _5035_/X (sky130_fd_sc_hd__buf_1)
                                         _0166_ (net)
                  0.03    0.00    0.50 ^ _5931_/D (sky130_fd_sc_hd__dfxtp_2)
                                  0.50   data arrival time

                  0.00    0.00    0.00   clock core_clock (rise edge)
                          0.00    0.00   clock network delay (ideal)
                          0.00    0.00   clock reconvergence pessimism
                                  0.00 ^ _5931_/CLK (sky130_fd_sc_hd__dfxtp_2)
                         -0.03   -0.03   library hold time
                                 -0.03   data required time
-----------------------------------------------------------------------------
                                 -0.03   data required time
                                 -0.50   data arrival time
-----------------------------------------------------------------------------
                                  0.53   slack (MET)


Startpoint: _5906_ (rising edge-triggered flip-flop clocked by core_clock)
Endpoint: _5906_ (rising edge-triggered flip-flop clocked by core_clock)
Path Group: core_clock
Path Type: min

Fanout     Cap    Slew   Delay    Time   Description
-----------------------------------------------------------------------------
                  0.00    0.00    0.00   clock core_clock (rise edge)
                          0.00    0.00   clock network delay (ideal)
                  0.00    0.00    0.00 ^ _5906_/CLK (sky130_fd_sc_hd__dfxtp_2)
     3    0.01    0.04    0.30    0.30 ^ _5906_/Q (sky130_fd_sc_hd__dfxtp_2)
                                         reg_file.memory[5][0] (net)
                  0.04    0.00    0.30 ^ _4982_/A1 (sky130_fd_sc_hd__mux2_2)
     1    0.00    0.04    0.13    0.43 ^ _4982_/X (sky130_fd_sc_hd__mux2_2)
                                         _2476_ (net)
                  0.04    0.00    0.43 ^ _4983_/A (sky130_fd_sc_hd__buf_1)
     1    0.00    0.03    0.07    0.50 ^ _4983_/X (sky130_fd_sc_hd__buf_1)
                                         _0141_ (net)
                  0.03    0.00    0.50 ^ _5906_/D (sky130_fd_sc_hd__dfxtp_2)
                                  0.50   data arrival time

                  0.00    0.00    0.00   clock core_clock (rise edge)
                          0.00    0.00   clock network delay (ideal)
                          0.00    0.00   clock reconvergence pessimism
                                  0.00 ^ _5906_/CLK (sky130_fd_sc_hd__dfxtp_2)
                         -0.03   -0.03   library hold time
                                 -0.03   data required time
-----------------------------------------------------------------------------
                                 -0.03   data required time
                                 -0.50   data arrival time
-----------------------------------------------------------------------------
                                  0.53   slack (MET)


Startpoint: _5936_ (rising edge-triggered flip-flop clocked by core_clock)
Endpoint: _5936_ (rising edge-triggered flip-flop clocked by core_clock)
Path Group: core_clock
Path Type: min

Fanout     Cap    Slew   Delay    Time   Description
-----------------------------------------------------------------------------
                  0.00    0.00    0.00   clock core_clock (rise edge)
                          0.00    0.00   clock network delay (ideal)
                  0.00    0.00    0.00 ^ _5936_/CLK (sky130_fd_sc_hd__dfxtp_2)
     3    0.01    0.05    0.30    0.30 ^ _5936_/Q (sky130_fd_sc_hd__dfxtp_2)
                                         reg_file.memory[5][30] (net)
                  0.05    0.00    0.30 ^ _5044_/A1 (sky130_fd_sc_hd__mux2_2)
     1    0.00    0.04    0.13    0.43 ^ _5044_/X (sky130_fd_sc_hd__mux2_2)
                                         _2508_ (net)
                  0.04    0.00    0.43 ^ _5045_/A (sky130_fd_sc_hd__buf_1)
     1    0.00    0.03    0.07    0.50 ^ _5045_/X (sky130_fd_sc_hd__buf_1)
                                         _0171_ (net)
                  0.03    0.00    0.50 ^ _5936_/D (sky130_fd_sc_hd__dfxtp_2)
                                  0.50   data arrival time

                  0.00    0.00    0.00   clock core_clock (rise edge)
                          0.00    0.00   clock network delay (ideal)
                          0.00    0.00   clock reconvergence pessimism
                                  0.00 ^ _5936_/CLK (sky130_fd_sc_hd__dfxtp_2)
                         -0.03   -0.03   library hold time
                                 -0.03   data required time
-----------------------------------------------------------------------------
                                 -0.03   data required time
                                 -0.50   data arrival time
-----------------------------------------------------------------------------
                                  0.53   slack (MET)


Startpoint: _5909_ (rising edge-triggered flip-flop clocked by core_clock)
Endpoint: _5909_ (rising edge-triggered flip-flop clocked by core_clock)
Path Group: core_clock
Path Type: min

Fanout     Cap    Slew   Delay    Time   Description
-----------------------------------------------------------------------------
                  0.00    0.00    0.00   clock core_clock (rise edge)
                          0.00    0.00   clock network delay (ideal)
                  0.00    0.00    0.00 ^ _5909_/CLK (sky130_fd_sc_hd__dfxtp_2)
     3    0.01    0.04    0.30    0.30 ^ _5909_/Q (sky130_fd_sc_hd__dfxtp_2)
                                         reg_file.memory[5][3] (net)
                  0.04    0.00    0.30 ^ _4988_/A1 (sky130_fd_sc_hd__mux2_2)
     1    0.00    0.04    0.13    0.43 ^ _4988_/X (sky130_fd_sc_hd__mux2_2)
                                         _2479_ (net)
                  0.04    0.00    0.43 ^ _4989_/A (sky130_fd_sc_hd__buf_1)
     1    0.00    0.03    0.07    0.50 ^ _4989_/X (sky130_fd_sc_hd__buf_1)
                                         _0144_ (net)
                  0.03    0.00    0.50 ^ _5909_/D (sky130_fd_sc_hd__dfxtp_2)
                                  0.50   data arrival time

                  0.00    0.00    0.00   clock core_clock (rise edge)
                          0.00    0.00   clock network delay (ideal)
                          0.00    0.00   clock reconvergence pessimism
                                  0.00 ^ _5909_/CLK (sky130_fd_sc_hd__dfxtp_2)
                         -0.03   -0.03   library hold time
                                 -0.03   data required time
-----------------------------------------------------------------------------
                                 -0.03   data required time
                                 -0.50   data arrival time
-----------------------------------------------------------------------------
                                  0.54   slack (MET)


Startpoint: _5930_ (rising edge-triggered flip-flop clocked by core_clock)
Endpoint: _5930_ (rising edge-triggered flip-flop clocked by core_clock)
Path Group: core_clock
Path Type: min

Fanout     Cap    Slew   Delay    Time   Description
-----------------------------------------------------------------------------
                  0.00    0.00    0.00   clock core_clock (rise edge)
                          0.00    0.00   clock network delay (ideal)
                  0.00    0.00    0.00 ^ _5930_/CLK (sky130_fd_sc_hd__dfxtp_2)
     3    0.01    0.05    0.30    0.30 ^ _5930_/Q (sky130_fd_sc_hd__dfxtp_2)
                                         reg_file.memory[5][24] (net)
                  0.05    0.00    0.30 ^ _5032_/A1 (sky130_fd_sc_hd__mux2_2)
     1    0.00    0.04    0.13    0.43 ^ _5032_/X (sky130_fd_sc_hd__mux2_2)
                                         _2502_ (net)
                  0.04    0.00    0.43 ^ _5033_/A (sky130_fd_sc_hd__buf_1)
     1    0.00    0.03    0.07    0.50 ^ _5033_/X (sky130_fd_sc_hd__buf_1)
                                         _0165_ (net)
                  0.03    0.00    0.50 ^ _5930_/D (sky130_fd_sc_hd__dfxtp_2)
                                  0.50   data arrival time

                  0.00    0.00    0.00   clock core_clock (rise edge)
                          0.00    0.00   clock network delay (ideal)
                          0.00    0.00   clock reconvergence pessimism
                                  0.00 ^ _5930_/CLK (sky130_fd_sc_hd__dfxtp_2)
                         -0.03   -0.03   library hold time
                                 -0.03   data required time
-----------------------------------------------------------------------------
                                 -0.03   data required time
                                 -0.50   data arrival time
-----------------------------------------------------------------------------
                                  0.54   slack (MET)


Startpoint: _5912_ (rising edge-triggered flip-flop clocked by core_clock)
Endpoint: _5912_ (rising edge-triggered flip-flop clocked by core_clock)
Path Group: core_clock
Path Type: min

Fanout     Cap    Slew   Delay    Time   Description
-----------------------------------------------------------------------------
                  0.00    0.00    0.00   clock core_clock (rise edge)
                          0.00    0.00   clock network delay (ideal)
                  0.00    0.00    0.00 ^ _5912_/CLK (sky130_fd_sc_hd__dfxtp_2)
     3    0.01    0.04    0.30    0.30 ^ _5912_/Q (sky130_fd_sc_hd__dfxtp_2)
                                         reg_file.memory[5][6] (net)
                  0.04    0.00    0.30 ^ _4994_/A1 (sky130_fd_sc_hd__mux2_2)
     1    0.00    0.04    0.13    0.43 ^ _4994_/X (sky130_fd_sc_hd__mux2_2)
                                         _2482_ (net)
                  0.04    0.00    0.43 ^ _4995_/A (sky130_fd_sc_hd__buf_1)
     1    0.00    0.03    0.07    0.50 ^ _4995_/X (sky130_fd_sc_hd__buf_1)
                                         _0147_ (net)
                  0.03    0.00    0.50 ^ _5912_/D (sky130_fd_sc_hd__dfxtp_2)
                                  0.50   data arrival time

                  0.00    0.00    0.00   clock core_clock (rise edge)
                          0.00    0.00   clock network delay (ideal)
                          0.00    0.00   clock reconvergence pessimism
                                  0.00 ^ _5912_/CLK (sky130_fd_sc_hd__dfxtp_2)
                         -0.04   -0.04   library hold time
                                 -0.04   data required time
-----------------------------------------------------------------------------
                                 -0.04   data required time
                                 -0.50   data arrival time
-----------------------------------------------------------------------------
                                  0.54   slack (MET)


Startpoint: _5913_ (rising edge-triggered flip-flop clocked by core_clock)
Endpoint: _5913_ (rising edge-triggered flip-flop clocked by core_clock)
Path Group: core_clock
Path Type: min

Fanout     Cap    Slew   Delay    Time   Description
-----------------------------------------------------------------------------
                  0.00    0.00    0.00   clock core_clock (rise edge)
                          0.00    0.00   clock network delay (ideal)
                  0.00    0.00    0.00 ^ _5913_/CLK (sky130_fd_sc_hd__dfxtp_2)
     3    0.01    0.04    0.30    0.30 ^ _5913_/Q (sky130_fd_sc_hd__dfxtp_2)
                                         reg_file.memory[5][7] (net)
                  0.04    0.00    0.30 ^ _4996_/A1 (sky130_fd_sc_hd__mux2_2)
     1    0.00    0.04    0.13    0.43 ^ _4996_/X (sky130_fd_sc_hd__mux2_2)
                                         _2483_ (net)
                  0.04    0.00    0.43 ^ _4997_/A (sky130_fd_sc_hd__buf_1)
     1    0.00    0.03    0.07    0.50 ^ _4997_/X (sky130_fd_sc_hd__buf_1)
                                         _0148_ (net)
                  0.03    0.00    0.50 ^ _5913_/D (sky130_fd_sc_hd__dfxtp_2)
                                  0.50   data arrival time

                  0.00    0.00    0.00   clock core_clock (rise edge)
                          0.00    0.00   clock network delay (ideal)
                          0.00    0.00   clock reconvergence pessimism
                                  0.00 ^ _5913_/CLK (sky130_fd_sc_hd__dfxtp_2)
                         -0.04   -0.04   library hold time
                                 -0.04   data required time
-----------------------------------------------------------------------------
                                 -0.04   data required time
                                 -0.50   data arrival time
-----------------------------------------------------------------------------
                                  0.54   slack (MET)


Startpoint: _5925_ (rising edge-triggered flip-flop clocked by core_clock)
Endpoint: _5925_ (rising edge-triggered flip-flop clocked by core_clock)
Path Group: core_clock
Path Type: min

Fanout     Cap    Slew   Delay    Time   Description
-----------------------------------------------------------------------------
                  0.00    0.00    0.00   clock core_clock (rise edge)
                          0.00    0.00   clock network delay (ideal)
                  0.00    0.00    0.00 ^ _5925_/CLK (sky130_fd_sc_hd__dfxtp_2)
     3    0.01    0.05    0.30    0.30 ^ _5925_/Q (sky130_fd_sc_hd__dfxtp_2)
                                         reg_file.memory[5][19] (net)
                  0.05    0.00    0.30 ^ _5021_/A1 (sky130_fd_sc_hd__mux2_2)
     1    0.00    0.04    0.13    0.43 ^ _5021_/X (sky130_fd_sc_hd__mux2_2)
                                         _2496_ (net)
                  0.04    0.00    0.43 ^ _5022_/A (sky130_fd_sc_hd__buf_1)
     1    0.00    0.03    0.07    0.50 ^ _5022_/X (sky130_fd_sc_hd__buf_1)
                                         _0160_ (net)
                  0.03    0.00    0.50 ^ _5925_/D (sky130_fd_sc_hd__dfxtp_2)
                                  0.50   data arrival time

                  0.00    0.00    0.00   clock core_clock (rise edge)
                          0.00    0.00   clock network delay (ideal)
                          0.00    0.00   clock reconvergence pessimism
                                  0.00 ^ _5925_/CLK (sky130_fd_sc_hd__dfxtp_2)
                         -0.03   -0.03   library hold time
                                 -0.03   data required time
-----------------------------------------------------------------------------
                                 -0.03   data required time
                                 -0.50   data arrival time
-----------------------------------------------------------------------------
                                  0.54   slack (MET)


Startpoint: _5910_ (rising edge-triggered flip-flop clocked by core_clock)
Endpoint: _5910_ (rising edge-triggered flip-flop clocked by core_clock)
Path Group: core_clock
Path Type: min

Fanout     Cap    Slew   Delay    Time   Description
-----------------------------------------------------------------------------
                  0.00    0.00    0.00   clock core_clock (rise edge)
                          0.00    0.00   clock network delay (ideal)
                  0.00    0.00    0.00 ^ _5910_/CLK (sky130_fd_sc_hd__dfxtp_2)
     3    0.01    0.04    0.30    0.30 ^ _5910_/Q (sky130_fd_sc_hd__dfxtp_2)
                                         reg_file.memory[5][4] (net)
                  0.04    0.00    0.30 ^ _4990_/A1 (sky130_fd_sc_hd__mux2_2)
     1    0.00    0.04    0.13    0.43 ^ _4990_/X (sky130_fd_sc_hd__mux2_2)
                                         _2480_ (net)
                  0.04    0.00    0.43 ^ _4991_/A (sky130_fd_sc_hd__buf_1)
     1    0.00    0.04    0.07    0.50 ^ _4991_/X (sky130_fd_sc_hd__buf_1)
                                         _0145_ (net)
                  0.04    0.00    0.50 ^ _5910_/D (sky130_fd_sc_hd__dfxtp_2)
                                  0.50   data arrival time

                  0.00    0.00    0.00   clock core_clock (rise edge)
                          0.00    0.00   clock network delay (ideal)
                          0.00    0.00   clock reconvergence pessimism
                                  0.00 ^ _5910_/CLK (sky130_fd_sc_hd__dfxtp_2)
                         -0.04   -0.04   library hold time
                                 -0.04   data required time
-----------------------------------------------------------------------------
                                 -0.04   data required time
                                 -0.50   data arrival time
-----------------------------------------------------------------------------
                                  0.54   slack (MET)


Startpoint: _5914_ (rising edge-triggered flip-flop clocked by core_clock)
Endpoint: _5914_ (rising edge-triggered flip-flop clocked by core_clock)
Path Group: core_clock
Path Type: min

Fanout     Cap    Slew   Delay    Time   Description
-----------------------------------------------------------------------------
                  0.00    0.00    0.00   clock core_clock (rise edge)
                          0.00    0.00   clock network delay (ideal)
                  0.00    0.00    0.00 ^ _5914_/CLK (sky130_fd_sc_hd__dfxtp_2)
     3    0.01    0.04    0.30    0.30 ^ _5914_/Q (sky130_fd_sc_hd__dfxtp_2)
                                         reg_file.memory[5][8] (net)
                  0.04    0.00    0.30 ^ _4998_/A1 (sky130_fd_sc_hd__mux2_2)
     1    0.00    0.04    0.13    0.43 ^ _4998_/X (sky130_fd_sc_hd__mux2_2)
                                         _2484_ (net)
                  0.04    0.00    0.43 ^ _4999_/A (sky130_fd_sc_hd__buf_1)
     1    0.00    0.04    0.07    0.50 ^ _4999_/X (sky130_fd_sc_hd__buf_1)
                                         _0149_ (net)
                  0.04    0.00    0.50 ^ _5914_/D (sky130_fd_sc_hd__dfxtp_2)
                                  0.50   data arrival time

                  0.00    0.00    0.00   clock core_clock (rise edge)
                          0.00    0.00   clock network delay (ideal)
                          0.00    0.00   clock reconvergence pessimism
                                  0.00 ^ _5914_/CLK (sky130_fd_sc_hd__dfxtp_2)
                         -0.04   -0.04   library hold time
                                 -0.04   data required time
-----------------------------------------------------------------------------
                                 -0.04   data required time
                                 -0.50   data arrival time
-----------------------------------------------------------------------------
                                  0.54   slack (MET)


Startpoint: _5916_ (rising edge-triggered flip-flop clocked by core_clock)
Endpoint: _5916_ (rising edge-triggered flip-flop clocked by core_clock)
Path Group: core_clock
Path Type: min

Fanout     Cap    Slew   Delay    Time   Description
-----------------------------------------------------------------------------
                  0.00    0.00    0.00   clock core_clock (rise edge)
                          0.00    0.00   clock network delay (ideal)
                  0.00    0.00    0.00 ^ _5916_/CLK (sky130_fd_sc_hd__dfxtp_2)
     3    0.01    0.05    0.30    0.30 ^ _5916_/Q (sky130_fd_sc_hd__dfxtp_2)
                                         reg_file.memory[5][10] (net)
                  0.05    0.00    0.30 ^ _5003_/A1 (sky130_fd_sc_hd__mux2_2)
     1    0.00    0.04    0.13    0.43 ^ _5003_/X (sky130_fd_sc_hd__mux2_2)
                                         _2487_ (net)
                  0.04    0.00    0.43 ^ _5004_/A (sky130_fd_sc_hd__buf_1)
     1    0.00    0.03    0.07    0.50 ^ _5004_/X (sky130_fd_sc_hd__buf_1)
                                         _0151_ (net)
                  0.03    0.00    0.50 ^ _5916_/D (sky130_fd_sc_hd__dfxtp_2)
                                  0.50   data arrival time

                  0.00    0.00    0.00   clock core_clock (rise edge)
                          0.00    0.00   clock network delay (ideal)
                          0.00    0.00   clock reconvergence pessimism
                                  0.00 ^ _5916_/CLK (sky130_fd_sc_hd__dfxtp_2)
                         -0.03   -0.03   library hold time
                                 -0.03   data required time
-----------------------------------------------------------------------------
                                 -0.03   data required time
                                 -0.50   data arrival time
-----------------------------------------------------------------------------
                                  0.54   slack (MET)


Startpoint: _5911_ (rising edge-triggered flip-flop clocked by core_clock)
Endpoint: _5911_ (rising edge-triggered flip-flop clocked by core_clock)
Path Group: core_clock
Path Type: min

Fanout     Cap    Slew   Delay    Time   Description
-----------------------------------------------------------------------------
                  0.00    0.00    0.00   clock core_clock (rise edge)
                          0.00    0.00   clock network delay (ideal)
                  0.00    0.00    0.00 ^ _5911_/CLK (sky130_fd_sc_hd__dfxtp_2)
     3    0.01    0.05    0.30    0.30 ^ _5911_/Q (sky130_fd_sc_hd__dfxtp_2)
                                         reg_file.memory[5][5] (net)
                  0.05    0.00    0.30 ^ _4992_/A1 (sky130_fd_sc_hd__mux2_2)
     1    0.00    0.04    0.13    0.43 ^ _4992_/X (sky130_fd_sc_hd__mux2_2)
                                         _2481_ (net)
                  0.04    0.00    0.43 ^ _4993_/A (sky130_fd_sc_hd__buf_1)
     1    0.00    0.03    0.07    0.50 ^ _4993_/X (sky130_fd_sc_hd__buf_1)
                                         _0146_ (net)
                  0.03    0.00    0.50 ^ _5911_/D (sky130_fd_sc_hd__dfxtp_2)
                                  0.50   data arrival time

                  0.00    0.00    0.00   clock core_clock (rise edge)
                          0.00    0.00   clock network delay (ideal)
                          0.00    0.00   clock reconvergence pessimism
                                  0.00 ^ _5911_/CLK (sky130_fd_sc_hd__dfxtp_2)
                         -0.03   -0.03   library hold time
                                 -0.03   data required time
-----------------------------------------------------------------------------
                                 -0.03   data required time
                                 -0.50   data arrival time
-----------------------------------------------------------------------------
                                  0.54   slack (MET)


Startpoint: _5927_ (rising edge-triggered flip-flop clocked by core_clock)
Endpoint: _5927_ (rising edge-triggered flip-flop clocked by core_clock)
Path Group: core_clock
Path Type: min

Fanout     Cap    Slew   Delay    Time   Description
-----------------------------------------------------------------------------
                  0.00    0.00    0.00   clock core_clock (rise edge)
                          0.00    0.00   clock network delay (ideal)
                  0.00    0.00    0.00 ^ _5927_/CLK (sky130_fd_sc_hd__dfxtp_2)
     3    0.01    0.05    0.30    0.30 ^ _5927_/Q (sky130_fd_sc_hd__dfxtp_2)
                                         reg_file.memory[5][21] (net)
                  0.05    0.00    0.30 ^ _5026_/A1 (sky130_fd_sc_hd__mux2_2)
     1    0.00    0.04    0.13    0.43 ^ _5026_/X (sky130_fd_sc_hd__mux2_2)
                                         _2499_ (net)
                  0.04    0.00    0.43 ^ _5027_/A (sky130_fd_sc_hd__buf_1)
     1    0.00    0.03    0.07    0.50 ^ _5027_/X (sky130_fd_sc_hd__buf_1)
                                         _0162_ (net)
                  0.03    0.00    0.50 ^ _5927_/D (sky130_fd_sc_hd__dfxtp_2)
                                  0.50   data arrival time

                  0.00    0.00    0.00   clock core_clock (rise edge)
                          0.00    0.00   clock network delay (ideal)
                          0.00    0.00   clock reconvergence pessimism
                                  0.00 ^ _5927_/CLK (sky130_fd_sc_hd__dfxtp_2)
                         -0.03   -0.03   library hold time
                                 -0.03   data required time
-----------------------------------------------------------------------------
                                 -0.03   data required time
                                 -0.50   data arrival time
-----------------------------------------------------------------------------
                                  0.54   slack (MET)


Startpoint: _5907_ (rising edge-triggered flip-flop clocked by core_clock)
Endpoint: _5907_ (rising edge-triggered flip-flop clocked by core_clock)
Path Group: core_clock
Path Type: min

Fanout     Cap    Slew   Delay    Time   Description
-----------------------------------------------------------------------------
                  0.00    0.00    0.00   clock core_clock (rise edge)
                          0.00    0.00   clock network delay (ideal)
                  0.00    0.00    0.00 ^ _5907_/CLK (sky130_fd_sc_hd__dfxtp_2)
     3    0.01    0.04    0.30    0.30 ^ _5907_/Q (sky130_fd_sc_hd__dfxtp_2)
                                         reg_file.memory[5][1] (net)
                  0.04    0.00    0.30 ^ _4984_/A1 (sky130_fd_sc_hd__mux2_2)
     1    0.00    0.04    0.13    0.43 ^ _4984_/X (sky130_fd_sc_hd__mux2_2)
                                         _2477_ (net)
                  0.04    0.00    0.43 ^ _4985_/A (sky130_fd_sc_hd__buf_1)
     1    0.00    0.04    0.07    0.50 ^ _4985_/X (sky130_fd_sc_hd__buf_1)
                                         _0142_ (net)
                  0.04    0.00    0.50 ^ _5907_/D (sky130_fd_sc_hd__dfxtp_2)
                                  0.50   data arrival time

                  0.00    0.00    0.00   clock core_clock (rise edge)
                          0.00    0.00   clock network delay (ideal)
                          0.00    0.00   clock reconvergence pessimism
                                  0.00 ^ _5907_/CLK (sky130_fd_sc_hd__dfxtp_2)
                         -0.04   -0.04   library hold time
                                 -0.04   data required time
-----------------------------------------------------------------------------
                                 -0.04   data required time
                                 -0.50   data arrival time
-----------------------------------------------------------------------------
                                  0.54   slack (MET)


Startpoint: _5917_ (rising edge-triggered flip-flop clocked by core_clock)
Endpoint: _5917_ (rising edge-triggered flip-flop clocked by core_clock)
Path Group: core_clock
Path Type: min

Fanout     Cap    Slew   Delay    Time   Description
-----------------------------------------------------------------------------
                  0.00    0.00    0.00   clock core_clock (rise edge)
                          0.00    0.00   clock network delay (ideal)
                  0.00    0.00    0.00 ^ _5917_/CLK (sky130_fd_sc_hd__dfxtp_2)
     3    0.01    0.04    0.30    0.30 ^ _5917_/Q (sky130_fd_sc_hd__dfxtp_2)
                                         reg_file.memory[5][11] (net)
                  0.04    0.00    0.30 ^ _5005_/A1 (sky130_fd_sc_hd__mux2_2)
     1    0.00    0.04    0.13    0.43 ^ _5005_/X (sky130_fd_sc_hd__mux2_2)
                                         _2488_ (net)
                  0.04    0.00    0.43 ^ _5006_/A (sky130_fd_sc_hd__buf_1)
     1    0.00    0.04    0.07    0.50 ^ _5006_/X (sky130_fd_sc_hd__buf_1)
                                         _0152_ (net)
                  0.04    0.00    0.50 ^ _5917_/D (sky130_fd_sc_hd__dfxtp_2)
                                  0.50   data arrival time

                  0.00    0.00    0.00   clock core_clock (rise edge)
                          0.00    0.00   clock network delay (ideal)
                          0.00    0.00   clock reconvergence pessimism
                                  0.00 ^ _5917_/CLK (sky130_fd_sc_hd__dfxtp_2)
                         -0.04   -0.04   library hold time
                                 -0.04   data required time
-----------------------------------------------------------------------------
                                 -0.04   data required time
                                 -0.50   data arrival time
-----------------------------------------------------------------------------
                                  0.54   slack (MET)


Startpoint: _5933_ (rising edge-triggered flip-flop clocked by core_clock)
Endpoint: _5933_ (rising edge-triggered flip-flop clocked by core_clock)
Path Group: core_clock
Path Type: min

Fanout     Cap    Slew   Delay    Time   Description
-----------------------------------------------------------------------------
                  0.00    0.00    0.00   clock core_clock (rise edge)
                          0.00    0.00   clock network delay (ideal)
                  0.00    0.00    0.00 ^ _5933_/CLK (sky130_fd_sc_hd__dfxtp_2)
     3    0.01    0.05    0.30    0.30 ^ _5933_/Q (sky130_fd_sc_hd__dfxtp_2)
                                         reg_file.memory[5][27] (net)
                  0.05    0.00    0.30 ^ _5038_/A1 (sky130_fd_sc_hd__mux2_2)
     1    0.00    0.04    0.13    0.43 ^ _5038_/X (sky130_fd_sc_hd__mux2_2)
                                         _2505_ (net)
                  0.04    0.00    0.43 ^ _5039_/A (sky130_fd_sc_hd__buf_1)
     1    0.00    0.03    0.07    0.50 ^ _5039_/X (sky130_fd_sc_hd__buf_1)
                                         _0168_ (net)
                  0.03    0.00    0.50 ^ _5933_/D (sky130_fd_sc_hd__dfxtp_2)
                                  0.50   data arrival time

                  0.00    0.00    0.00   clock core_clock (rise edge)
                          0.00    0.00   clock network delay (ideal)
                          0.00    0.00   clock reconvergence pessimism
                                  0.00 ^ _5933_/CLK (sky130_fd_sc_hd__dfxtp_2)
                         -0.03   -0.03   library hold time
                                 -0.03   data required time
-----------------------------------------------------------------------------
                                 -0.03   data required time
                                 -0.50   data arrival time
-----------------------------------------------------------------------------
                                  0.54   slack (MET)


Startpoint: _5908_ (rising edge-triggered flip-flop clocked by core_clock)
Endpoint: _5908_ (rising edge-triggered flip-flop clocked by core_clock)
Path Group: core_clock
Path Type: min

Fanout     Cap    Slew   Delay    Time   Description
-----------------------------------------------------------------------------
                  0.00    0.00    0.00   clock core_clock (rise edge)
                          0.00    0.00   clock network delay (ideal)
                  0.00    0.00    0.00 ^ _5908_/CLK (sky130_fd_sc_hd__dfxtp_2)
     3    0.01    0.04    0.30    0.30 ^ _5908_/Q (sky130_fd_sc_hd__dfxtp_2)
                                         reg_file.memory[5][2] (net)
                  0.04    0.00    0.30 ^ _4986_/A1 (sky130_fd_sc_hd__mux2_2)
     1    0.00    0.04    0.13    0.43 ^ _4986_/X (sky130_fd_sc_hd__mux2_2)
                                         _2478_ (net)
                  0.04    0.00    0.43 ^ _4987_/A (sky130_fd_sc_hd__buf_1)
     1    0.00    0.04    0.07    0.50 ^ _4987_/X (sky130_fd_sc_hd__buf_1)
                                         _0143_ (net)
                  0.04    0.00    0.50 ^ _5908_/D (sky130_fd_sc_hd__dfxtp_2)
                                  0.50   data arrival time

                  0.00    0.00    0.00   clock core_clock (rise edge)
                          0.00    0.00   clock network delay (ideal)
                          0.00    0.00   clock reconvergence pessimism
                                  0.00 ^ _5908_/CLK (sky130_fd_sc_hd__dfxtp_2)
                         -0.04   -0.04   library hold time
                                 -0.04   data required time
-----------------------------------------------------------------------------
                                 -0.04   data required time
                                 -0.50   data arrival time
-----------------------------------------------------------------------------
                                  0.54   slack (MET)


Startpoint: _5997_ (rising edge-triggered flip-flop clocked by core_clock)
Endpoint: _5997_ (rising edge-triggered flip-flop clocked by core_clock)
Path Group: core_clock
Path Type: min

Fanout     Cap    Slew   Delay    Time   Description
-----------------------------------------------------------------------------
                  0.00    0.00    0.00   clock core_clock (rise edge)
                          0.00    0.00   clock network delay (ideal)
                  0.00    0.00    0.00 ^ _5997_/CLK (sky130_fd_sc_hd__dfxtp_2)
     3    0.01    0.05    0.30    0.30 ^ _5997_/Q (sky130_fd_sc_hd__dfxtp_2)
                                         reg_file.memory[7][27] (net)
                  0.05    0.00    0.30 ^ _5175_/A1 (sky130_fd_sc_hd__mux2_2)
     1    0.00    0.04    0.13    0.43 ^ _5175_/X (sky130_fd_sc_hd__mux2_2)
                                         _2578_ (net)
                  0.04    0.00    0.43 ^ _5176_/A (sky130_fd_sc_hd__buf_1)
     1    0.00    0.03    0.07    0.50 ^ _5176_/X (sky130_fd_sc_hd__buf_1)
                                         _0232_ (net)
                  0.03    0.00    0.50 ^ _5997_/D (sky130_fd_sc_hd__dfxtp_2)
                                  0.50   data arrival time

                  0.00    0.00    0.00   clock core_clock (rise edge)
                          0.00    0.00   clock network delay (ideal)
                          0.00    0.00   clock reconvergence pessimism
                                  0.00 ^ _5997_/CLK (sky130_fd_sc_hd__dfxtp_2)
                         -0.03   -0.03   library hold time
                                 -0.03   data required time
-----------------------------------------------------------------------------
                                 -0.03   data required time
                                 -0.50   data arrival time
-----------------------------------------------------------------------------
                                  0.54   slack (MET)


Startpoint: _5970_ (rising edge-triggered flip-flop clocked by core_clock)
Endpoint: _5970_ (rising edge-triggered flip-flop clocked by core_clock)
Path Group: core_clock
Path Type: min

Fanout     Cap    Slew   Delay    Time   Description
-----------------------------------------------------------------------------
                  0.00    0.00    0.00   clock core_clock (rise edge)
                          0.00    0.00   clock network delay (ideal)
                  0.00    0.00    0.00 ^ _5970_/CLK (sky130_fd_sc_hd__dfxtp_2)
     3    0.01    0.05    0.30    0.30 ^ _5970_/Q (sky130_fd_sc_hd__dfxtp_2)
                                         reg_file.memory[7][0] (net)
                  0.05    0.00    0.30 ^ _5119_/A1 (sky130_fd_sc_hd__mux2_2)
     1    0.00    0.04    0.13    0.43 ^ _5119_/X (sky130_fd_sc_hd__mux2_2)
                                         _2549_ (net)
                  0.04    0.00    0.43 ^ _5120_/A (sky130_fd_sc_hd__buf_1)
     1    0.00    0.03    0.07    0.50 ^ _5120_/X (sky130_fd_sc_hd__buf_1)
                                         _0205_ (net)
                  0.03    0.00    0.50 ^ _5970_/D (sky130_fd_sc_hd__dfxtp_2)
                                  0.50   data arrival time

                  0.00    0.00    0.00   clock core_clock (rise edge)
                          0.00    0.00   clock network delay (ideal)
                          0.00    0.00   clock reconvergence pessimism
                                  0.00 ^ _5970_/CLK (sky130_fd_sc_hd__dfxtp_2)
                         -0.03   -0.03   library hold time
                                 -0.03   data required time
-----------------------------------------------------------------------------
                                 -0.03   data required time
                                 -0.50   data arrival time
-----------------------------------------------------------------------------
                                  0.54   slack (MET)


Startpoint: _5928_ (rising edge-triggered flip-flop clocked by core_clock)
Endpoint: _5928_ (rising edge-triggered flip-flop clocked by core_clock)
Path Group: core_clock
Path Type: min

Fanout     Cap    Slew   Delay    Time   Description
-----------------------------------------------------------------------------
                  0.00    0.00    0.00   clock core_clock (rise edge)
                          0.00    0.00   clock network delay (ideal)
                  0.00    0.00    0.00 ^ _5928_/CLK (sky130_fd_sc_hd__dfxtp_2)
     3    0.01    0.05    0.30    0.30 ^ _5928_/Q (sky130_fd_sc_hd__dfxtp_2)
                                         reg_file.memory[5][22] (net)
                  0.05    0.00    0.30 ^ _5028_/A1 (sky130_fd_sc_hd__mux2_2)
     1    0.00    0.03    0.13    0.43 ^ _5028_/X (sky130_fd_sc_hd__mux2_2)
                                         _2500_ (net)
                  0.03    0.00    0.43 ^ _5029_/A (sky130_fd_sc_hd__buf_1)
     1    0.00    0.03    0.07    0.50 ^ _5029_/X (sky130_fd_sc_hd__buf_1)
                                         _0163_ (net)
                  0.03    0.00    0.50 ^ _5928_/D (sky130_fd_sc_hd__dfxtp_2)
                                  0.50   data arrival time

                  0.00    0.00    0.00   clock core_clock (rise edge)
                          0.00    0.00   clock network delay (ideal)
                          0.00    0.00   clock reconvergence pessimism
                                  0.00 ^ _5928_/CLK (sky130_fd_sc_hd__dfxtp_2)
                         -0.03   -0.03   library hold time
                                 -0.03   data required time
-----------------------------------------------------------------------------
                                 -0.03   data required time
                                 -0.50   data arrival time
-----------------------------------------------------------------------------
                                  0.54   slack (MET)


Startpoint: _5920_ (rising edge-triggered flip-flop clocked by core_clock)
Endpoint: _5920_ (rising edge-triggered flip-flop clocked by core_clock)
Path Group: core_clock
Path Type: min

Fanout     Cap    Slew   Delay    Time   Description
-----------------------------------------------------------------------------
                  0.00    0.00    0.00   clock core_clock (rise edge)
                          0.00    0.00   clock network delay (ideal)
                  0.00    0.00    0.00 ^ _5920_/CLK (sky130_fd_sc_hd__dfxtp_2)
     3    0.01    0.05    0.30    0.30 ^ _5920_/Q (sky130_fd_sc_hd__dfxtp_2)
                                         reg_file.memory[5][14] (net)
                  0.05    0.00    0.30 ^ _5011_/A1 (sky130_fd_sc_hd__mux2_2)
     1    0.00    0.04    0.13    0.43 ^ _5011_/X (sky130_fd_sc_hd__mux2_2)
                                         _2491_ (net)
                  0.04    0.00    0.43 ^ _5012_/A (sky130_fd_sc_hd__buf_1)
     1    0.00    0.03    0.07    0.50 ^ _5012_/X (sky130_fd_sc_hd__buf_1)
                                         _0155_ (net)
                  0.03    0.00    0.50 ^ _5920_/D (sky130_fd_sc_hd__dfxtp_2)
                                  0.50   data arrival time

                  0.00    0.00    0.00   clock core_clock (rise edge)
                          0.00    0.00   clock network delay (ideal)
                          0.00    0.00   clock reconvergence pessimism
                                  0.00 ^ _5920_/CLK (sky130_fd_sc_hd__dfxtp_2)
                         -0.03   -0.03   library hold time
                                 -0.03   data required time
-----------------------------------------------------------------------------
                                 -0.03   data required time
                                 -0.50   data arrival time
-----------------------------------------------------------------------------
                                  0.54   slack (MET)


Startpoint: _5924_ (rising edge-triggered flip-flop clocked by core_clock)
Endpoint: _5924_ (rising edge-triggered flip-flop clocked by core_clock)
Path Group: core_clock
Path Type: min

Fanout     Cap    Slew   Delay    Time   Description
-----------------------------------------------------------------------------
                  0.00    0.00    0.00   clock core_clock (rise edge)
                          0.00    0.00   clock network delay (ideal)
                  0.00    0.00    0.00 ^ _5924_/CLK (sky130_fd_sc_hd__dfxtp_2)
     3    0.01    0.05    0.30    0.30 ^ _5924_/Q (sky130_fd_sc_hd__dfxtp_2)
                                         reg_file.memory[5][18] (net)
                  0.05    0.00    0.30 ^ _5019_/A1 (sky130_fd_sc_hd__mux2_2)
     1    0.00    0.04    0.13    0.43 ^ _5019_/X (sky130_fd_sc_hd__mux2_2)
                                         _2495_ (net)
                  0.04    0.00    0.43 ^ _5020_/A (sky130_fd_sc_hd__buf_1)
     1    0.00    0.03    0.07    0.50 ^ _5020_/X (sky130_fd_sc_hd__buf_1)
                                         _0159_ (net)
                  0.03    0.00    0.50 ^ _5924_/D (sky130_fd_sc_hd__dfxtp_2)
                                  0.50   data arrival time

                  0.00    0.00    0.00   clock core_clock (rise edge)
                          0.00    0.00   clock network delay (ideal)
                          0.00    0.00   clock reconvergence pessimism
                                  0.00 ^ _5924_/CLK (sky130_fd_sc_hd__dfxtp_2)
                         -0.03   -0.03   library hold time
                                 -0.03   data required time
-----------------------------------------------------------------------------
                                 -0.03   data required time
                                 -0.50   data arrival time
-----------------------------------------------------------------------------
                                  0.54   slack (MET)


Startpoint: _5972_ (rising edge-triggered flip-flop clocked by core_clock)
Endpoint: _5972_ (rising edge-triggered flip-flop clocked by core_clock)
Path Group: core_clock
Path Type: min

Fanout     Cap    Slew   Delay    Time   Description
-----------------------------------------------------------------------------
                  0.00    0.00    0.00   clock core_clock (rise edge)
                          0.00    0.00   clock network delay (ideal)
                  0.00    0.00    0.00 ^ _5972_/CLK (sky130_fd_sc_hd__dfxtp_2)
     3    0.01    0.05    0.30    0.30 ^ _5972_/Q (sky130_fd_sc_hd__dfxtp_2)
                                         reg_file.memory[7][2] (net)
                  0.05    0.00    0.30 ^ _5123_/A1 (sky130_fd_sc_hd__mux2_2)
     1    0.00    0.04    0.13    0.43 ^ _5123_/X (sky130_fd_sc_hd__mux2_2)
                                         _2551_ (net)
                  0.04    0.00    0.43 ^ _5124_/A (sky130_fd_sc_hd__buf_1)
     1    0.00    0.03    0.07    0.50 ^ _5124_/X (sky130_fd_sc_hd__buf_1)
                                         _0207_ (net)
                  0.03    0.00    0.50 ^ _5972_/D (sky130_fd_sc_hd__dfxtp_2)
                                  0.50   data arrival time

                  0.00    0.00    0.00   clock core_clock (rise edge)
                          0.00    0.00   clock network delay (ideal)
                          0.00    0.00   clock reconvergence pessimism
                                  0.00 ^ _5972_/CLK (sky130_fd_sc_hd__dfxtp_2)
                         -0.03   -0.03   library hold time
                                 -0.03   data required time
-----------------------------------------------------------------------------
                                 -0.03   data required time
                                 -0.50   data arrival time
-----------------------------------------------------------------------------
                                  0.54   slack (MET)


Startpoint: _5921_ (rising edge-triggered flip-flop clocked by core_clock)
Endpoint: _5921_ (rising edge-triggered flip-flop clocked by core_clock)
Path Group: core_clock
Path Type: min

Fanout     Cap    Slew   Delay    Time   Description
-----------------------------------------------------------------------------
                  0.00    0.00    0.00   clock core_clock (rise edge)
                          0.00    0.00   clock network delay (ideal)
                  0.00    0.00    0.00 ^ _5921_/CLK (sky130_fd_sc_hd__dfxtp_2)
     3    0.01    0.05    0.30    0.30 ^ _5921_/Q (sky130_fd_sc_hd__dfxtp_2)
                                         reg_file.memory[5][15] (net)
                  0.05    0.00    0.30 ^ _5013_/A1 (sky130_fd_sc_hd__mux2_2)
     1    0.00    0.04    0.13    0.43 ^ _5013_/X (sky130_fd_sc_hd__mux2_2)
                                         _2492_ (net)
                  0.04    0.00    0.43 ^ _5014_/A (sky130_fd_sc_hd__buf_1)
     1    0.00    0.03    0.07    0.50 ^ _5014_/X (sky130_fd_sc_hd__buf_1)
                                         _0156_ (net)
                  0.03    0.00    0.50 ^ _5921_/D (sky130_fd_sc_hd__dfxtp_2)
                                  0.50   data arrival time

                  0.00    0.00    0.00   clock core_clock (rise edge)
                          0.00    0.00   clock network delay (ideal)
                          0.00    0.00   clock reconvergence pessimism
                                  0.00 ^ _5921_/CLK (sky130_fd_sc_hd__dfxtp_2)
                         -0.03   -0.03   library hold time
                                 -0.03   data required time
-----------------------------------------------------------------------------
                                 -0.03   data required time
                                 -0.50   data arrival time
-----------------------------------------------------------------------------
                                  0.54   slack (MET)


Startpoint: _5932_ (rising edge-triggered flip-flop clocked by core_clock)
Endpoint: _5932_ (rising edge-triggered flip-flop clocked by core_clock)
Path Group: core_clock
Path Type: min

Fanout     Cap    Slew   Delay    Time   Description
-----------------------------------------------------------------------------
                  0.00    0.00    0.00   clock core_clock (rise edge)
                          0.00    0.00   clock network delay (ideal)
                  0.00    0.00    0.00 ^ _5932_/CLK (sky130_fd_sc_hd__dfxtp_2)
     3    0.01    0.05    0.30    0.30 ^ _5932_/Q (sky130_fd_sc_hd__dfxtp_2)
                                         reg_file.memory[5][26] (net)
                  0.05    0.00    0.30 ^ _5036_/A1 (sky130_fd_sc_hd__mux2_2)
     1    0.00    0.04    0.13    0.43 ^ _5036_/X (sky130_fd_sc_hd__mux2_2)
                                         _2504_ (net)
                  0.04    0.00    0.43 ^ _5037_/A (sky130_fd_sc_hd__buf_1)
     1    0.00    0.03    0.07    0.50 ^ _5037_/X (sky130_fd_sc_hd__buf_1)
                                         _0167_ (net)
                  0.03    0.00    0.50 ^ _5932_/D (sky130_fd_sc_hd__dfxtp_2)
                                  0.50   data arrival time

                  0.00    0.00    0.00   clock core_clock (rise edge)
                          0.00    0.00   clock network delay (ideal)
                          0.00    0.00   clock reconvergence pessimism
                                  0.00 ^ _5932_/CLK (sky130_fd_sc_hd__dfxtp_2)
                         -0.03   -0.03   library hold time
                                 -0.03   data required time
-----------------------------------------------------------------------------
                                 -0.03   data required time
                                 -0.50   data arrival time
-----------------------------------------------------------------------------
                                  0.54   slack (MET)


Startpoint: _5922_ (rising edge-triggered flip-flop clocked by core_clock)
Endpoint: _5922_ (rising edge-triggered flip-flop clocked by core_clock)
Path Group: core_clock
Path Type: min

Fanout     Cap    Slew   Delay    Time   Description
-----------------------------------------------------------------------------
                  0.00    0.00    0.00   clock core_clock (rise edge)
                          0.00    0.00   clock network delay (ideal)
                  0.00    0.00    0.00 ^ _5922_/CLK (sky130_fd_sc_hd__dfxtp_2)
     3    0.01    0.05    0.30    0.30 ^ _5922_/Q (sky130_fd_sc_hd__dfxtp_2)
                                         reg_file.memory[5][16] (net)
                  0.05    0.00    0.30 ^ _5015_/A1 (sky130_fd_sc_hd__mux2_2)
     1    0.00    0.04    0.13    0.43 ^ _5015_/X (sky130_fd_sc_hd__mux2_2)
                                         _2493_ (net)
                  0.04    0.00    0.43 ^ _5016_/A (sky130_fd_sc_hd__buf_1)
     1    0.00    0.03    0.07    0.50 ^ _5016_/X (sky130_fd_sc_hd__buf_1)
                                         _0157_ (net)
                  0.03    0.00    0.50 ^ _5922_/D (sky130_fd_sc_hd__dfxtp_2)
                                  0.50   data arrival time

                  0.00    0.00    0.00   clock core_clock (rise edge)
                          0.00    0.00   clock network delay (ideal)
                          0.00    0.00   clock reconvergence pessimism
                                  0.00 ^ _5922_/CLK (sky130_fd_sc_hd__dfxtp_2)
                         -0.03   -0.03   library hold time
                                 -0.03   data required time
-----------------------------------------------------------------------------
                                 -0.03   data required time
                                 -0.50   data arrival time
-----------------------------------------------------------------------------
                                  0.54   slack (MET)


Startpoint: _5926_ (rising edge-triggered flip-flop clocked by core_clock)
Endpoint: _5926_ (rising edge-triggered flip-flop clocked by core_clock)
Path Group: core_clock
Path Type: min

Fanout     Cap    Slew   Delay    Time   Description
-----------------------------------------------------------------------------
                  0.00    0.00    0.00   clock core_clock (rise edge)
                          0.00    0.00   clock network delay (ideal)
                  0.00    0.00    0.00 ^ _5926_/CLK (sky130_fd_sc_hd__dfxtp_2)
     3    0.01    0.05    0.30    0.30 ^ _5926_/Q (sky130_fd_sc_hd__dfxtp_2)
                                         reg_file.memory[5][20] (net)
                  0.05    0.00    0.30 ^ _5024_/A1 (sky130_fd_sc_hd__mux2_2)
     1    0.00    0.04    0.13    0.43 ^ _5024_/X (sky130_fd_sc_hd__mux2_2)
                                         _2498_ (net)
                  0.04    0.00    0.43 ^ _5025_/A (sky130_fd_sc_hd__buf_1)
     1    0.00    0.03    0.07    0.50 ^ _5025_/X (sky130_fd_sc_hd__buf_1)
                                         _0161_ (net)
                  0.03    0.00    0.50 ^ _5926_/D (sky130_fd_sc_hd__dfxtp_2)
                                  0.50   data arrival time

                  0.00    0.00    0.00   clock core_clock (rise edge)
                          0.00    0.00   clock network delay (ideal)
                          0.00    0.00   clock reconvergence pessimism
                                  0.00 ^ _5926_/CLK (sky130_fd_sc_hd__dfxtp_2)
                         -0.04   -0.04   library hold time
                                 -0.04   data required time
-----------------------------------------------------------------------------
                                 -0.04   data required time
                                 -0.50   data arrival time
-----------------------------------------------------------------------------
                                  0.54   slack (MET)


Startpoint: _5989_ (rising edge-triggered flip-flop clocked by core_clock)
Endpoint: _5989_ (rising edge-triggered flip-flop clocked by core_clock)
Path Group: core_clock
Path Type: min

Fanout     Cap    Slew   Delay    Time   Description
-----------------------------------------------------------------------------
                  0.00    0.00    0.00   clock core_clock (rise edge)
                          0.00    0.00   clock network delay (ideal)
                  0.00    0.00    0.00 ^ _5989_/CLK (sky130_fd_sc_hd__dfxtp_2)
     3    0.01    0.05    0.30    0.30 ^ _5989_/Q (sky130_fd_sc_hd__dfxtp_2)
                                         reg_file.memory[7][19] (net)
                  0.05    0.00    0.30 ^ _5158_/A1 (sky130_fd_sc_hd__mux2_2)
     1    0.00    0.04    0.13    0.43 ^ _5158_/X (sky130_fd_sc_hd__mux2_2)
                                         _2569_ (net)
                  0.04    0.00    0.43 ^ _5159_/A (sky130_fd_sc_hd__buf_1)
     1    0.00    0.03    0.07    0.50 ^ _5159_/X (sky130_fd_sc_hd__buf_1)
                                         _0224_ (net)
                  0.03    0.00    0.50 ^ _5989_/D (sky130_fd_sc_hd__dfxtp_2)
                                  0.50   data arrival time

                  0.00    0.00    0.00   clock core_clock (rise edge)
                          0.00    0.00   clock network delay (ideal)
                          0.00    0.00   clock reconvergence pessimism
                                  0.00 ^ _5989_/CLK (sky130_fd_sc_hd__dfxtp_2)
                         -0.03   -0.03   library hold time
                                 -0.03   data required time
-----------------------------------------------------------------------------
                                 -0.03   data required time
                                 -0.50   data arrival time
-----------------------------------------------------------------------------
                                  0.54   slack (MET)


Startpoint: _6000_ (rising edge-triggered flip-flop clocked by core_clock)
Endpoint: _6000_ (rising edge-triggered flip-flop clocked by core_clock)
Path Group: core_clock
Path Type: min

Fanout     Cap    Slew   Delay    Time   Description
-----------------------------------------------------------------------------
                  0.00    0.00    0.00   clock core_clock (rise edge)
                          0.00    0.00   clock network delay (ideal)
                  0.00    0.00    0.00 ^ _6000_/CLK (sky130_fd_sc_hd__dfxtp_2)
     3    0.01    0.05    0.30    0.30 ^ _6000_/Q (sky130_fd_sc_hd__dfxtp_2)
                                         reg_file.memory[7][30] (net)
                  0.05    0.00    0.30 ^ _5181_/A1 (sky130_fd_sc_hd__mux2_2)
     1    0.00    0.03    0.13    0.43 ^ _5181_/X (sky130_fd_sc_hd__mux2_2)
                                         _2581_ (net)
                  0.03    0.00    0.43 ^ _5182_/A (sky130_fd_sc_hd__buf_1)
     1    0.00    0.03    0.07    0.50 ^ _5182_/X (sky130_fd_sc_hd__buf_1)
                                         _0235_ (net)
                  0.03    0.00    0.50 ^ _6000_/D (sky130_fd_sc_hd__dfxtp_2)
                                  0.50   data arrival time

                  0.00    0.00    0.00   clock core_clock (rise edge)
                          0.00    0.00   clock network delay (ideal)
                          0.00    0.00   clock reconvergence pessimism
                                  0.00 ^ _6000_/CLK (sky130_fd_sc_hd__dfxtp_2)
                         -0.03   -0.03   library hold time
                                 -0.03   data required time
-----------------------------------------------------------------------------
                                 -0.03   data required time
                                 -0.50   data arrival time
-----------------------------------------------------------------------------
                                  0.54   slack (MET)


Startpoint: _5979_ (rising edge-triggered flip-flop clocked by core_clock)
Endpoint: _5979_ (rising edge-triggered flip-flop clocked by core_clock)
Path Group: core_clock
Path Type: min

Fanout     Cap    Slew   Delay    Time   Description
-----------------------------------------------------------------------------
                  0.00    0.00    0.00   clock core_clock (rise edge)
                          0.00    0.00   clock network delay (ideal)
                  0.00    0.00    0.00 ^ _5979_/CLK (sky130_fd_sc_hd__dfxtp_2)
     3    0.01    0.05    0.30    0.30 ^ _5979_/Q (sky130_fd_sc_hd__dfxtp_2)
                                         reg_file.memory[7][9] (net)
                  0.05    0.00    0.30 ^ _5137_/A1 (sky130_fd_sc_hd__mux2_2)
     1    0.00    0.03    0.13    0.43 ^ _5137_/X (sky130_fd_sc_hd__mux2_2)
                                         _2558_ (net)
                  0.03    0.00    0.43 ^ _5138_/A (sky130_fd_sc_hd__buf_1)
     1    0.00    0.03    0.07    0.50 ^ _5138_/X (sky130_fd_sc_hd__buf_1)
                                         _0214_ (net)
                  0.03    0.00    0.50 ^ _5979_/D (sky130_fd_sc_hd__dfxtp_2)
                                  0.50   data arrival time

                  0.00    0.00    0.00   clock core_clock (rise edge)
                          0.00    0.00   clock network delay (ideal)
                          0.00    0.00   clock reconvergence pessimism
                                  0.00 ^ _5979_/CLK (sky130_fd_sc_hd__dfxtp_2)
                         -0.03   -0.03   library hold time
                                 -0.03   data required time
-----------------------------------------------------------------------------
                                 -0.03   data required time
                                 -0.50   data arrival time
-----------------------------------------------------------------------------
                                  0.54   slack (MET)


Startpoint: _5975_ (rising edge-triggered flip-flop clocked by core_clock)
Endpoint: _5975_ (rising edge-triggered flip-flop clocked by core_clock)
Path Group: core_clock
Path Type: min

Fanout     Cap    Slew   Delay    Time   Description
-----------------------------------------------------------------------------
                  0.00    0.00    0.00   clock core_clock (rise edge)
                          0.00    0.00   clock network delay (ideal)
                  0.00    0.00    0.00 ^ _5975_/CLK (sky130_fd_sc_hd__dfxtp_2)
     3    0.01    0.05    0.30    0.30 ^ _5975_/Q (sky130_fd_sc_hd__dfxtp_2)
                                         reg_file.memory[7][5] (net)
                  0.05    0.00    0.30 ^ _5129_/A1 (sky130_fd_sc_hd__mux2_2)
     1    0.00    0.04    0.13    0.43 ^ _5129_/X (sky130_fd_sc_hd__mux2_2)
                                         _2554_ (net)
                  0.04    0.00    0.43 ^ _5130_/A (sky130_fd_sc_hd__buf_1)
     1    0.00    0.03    0.07    0.50 ^ _5130_/X (sky130_fd_sc_hd__buf_1)
                                         _0210_ (net)
                  0.03    0.00    0.50 ^ _5975_/D (sky130_fd_sc_hd__dfxtp_2)
                                  0.50   data arrival time

                  0.00    0.00    0.00   clock core_clock (rise edge)
                          0.00    0.00   clock network delay (ideal)
                          0.00    0.00   clock reconvergence pessimism
                                  0.00 ^ _5975_/CLK (sky130_fd_sc_hd__dfxtp_2)
                         -0.03   -0.03   library hold time
                                 -0.03   data required time
-----------------------------------------------------------------------------
                                 -0.03   data required time
                                 -0.50   data arrival time
-----------------------------------------------------------------------------
                                  0.54   slack (MET)


Startpoint: _6193_ (rising edge-triggered flip-flop clocked by core_clock)
Endpoint: _6193_ (rising edge-triggered flip-flop clocked by core_clock)
Path Group: core_clock
Path Type: min

Fanout     Cap    Slew   Delay    Time   Description
-----------------------------------------------------------------------------
                  0.00    0.00    0.00   clock core_clock (rise edge)
                          0.00    0.00   clock network delay (ideal)
                  0.00    0.00    0.00 ^ _6193_/CLK (sky130_fd_sc_hd__dfxtp_2)
     2    0.01    0.05    0.30    0.30 ^ _6193_/Q (sky130_fd_sc_hd__dfxtp_2)
                                         reg_file.memory[21][31] (net)
                  0.05    0.00    0.30 ^ _5587_/A1 (sky130_fd_sc_hd__mux2_2)
     1    0.00    0.04    0.13    0.43 ^ _5587_/X (sky130_fd_sc_hd__mux2_2)
                                         _2794_ (net)
                  0.04    0.00    0.43 ^ _5588_/A (sky130_fd_sc_hd__buf_1)
     1    0.00    0.03    0.07    0.50 ^ _5588_/X (sky130_fd_sc_hd__buf_1)
                                         _0428_ (net)
                  0.03    0.00    0.50 ^ _6193_/D (sky130_fd_sc_hd__dfxtp_2)
                                  0.50   data arrival time

                  0.00    0.00    0.00   clock core_clock (rise edge)
                          0.00    0.00   clock network delay (ideal)
                          0.00    0.00   clock reconvergence pessimism
                                  0.00 ^ _6193_/CLK (sky130_fd_sc_hd__dfxtp_2)
                         -0.03   -0.03   library hold time
                                 -0.03   data required time
-----------------------------------------------------------------------------
                                 -0.03   data required time
                                 -0.50   data arrival time
-----------------------------------------------------------------------------
                                  0.54   slack (MET)


Startpoint: _6171_ (rising edge-triggered flip-flop clocked by core_clock)
Endpoint: _6171_ (rising edge-triggered flip-flop clocked by core_clock)
Path Group: core_clock
Path Type: min

Fanout     Cap    Slew   Delay    Time   Description
-----------------------------------------------------------------------------
                  0.00    0.00    0.00   clock core_clock (rise edge)
                          0.00    0.00   clock network delay (ideal)
                  0.00    0.00    0.00 ^ _6171_/CLK (sky130_fd_sc_hd__dfxtp_2)
     2    0.01    0.05    0.30    0.30 ^ _6171_/Q (sky130_fd_sc_hd__dfxtp_2)
                                         reg_file.memory[21][9] (net)
                  0.05    0.00    0.30 ^ _5541_/A1 (sky130_fd_sc_hd__mux2_2)
     1    0.00    0.03    0.13    0.43 ^ _5541_/X (sky130_fd_sc_hd__mux2_2)
                                         _2770_ (net)
                  0.03    0.00    0.43 ^ _5542_/A (sky130_fd_sc_hd__buf_1)
     1    0.00    0.03    0.07    0.50 ^ _5542_/X (sky130_fd_sc_hd__buf_1)
                                         _0406_ (net)
                  0.03    0.00    0.50 ^ _6171_/D (sky130_fd_sc_hd__dfxtp_2)
                                  0.50   data arrival time

                  0.00    0.00    0.00   clock core_clock (rise edge)
                          0.00    0.00   clock network delay (ideal)
                          0.00    0.00   clock reconvergence pessimism
                                  0.00 ^ _6171_/CLK (sky130_fd_sc_hd__dfxtp_2)
                         -0.03   -0.03   library hold time
                                 -0.03   data required time
-----------------------------------------------------------------------------
                                 -0.03   data required time
                                 -0.50   data arrival time
-----------------------------------------------------------------------------
                                  0.54   slack (MET)


Startpoint: _5923_ (rising edge-triggered flip-flop clocked by core_clock)
Endpoint: _5923_ (rising edge-triggered flip-flop clocked by core_clock)
Path Group: core_clock
Path Type: min

Fanout     Cap    Slew   Delay    Time   Description
-----------------------------------------------------------------------------
                  0.00    0.00    0.00   clock core_clock (rise edge)
                          0.00    0.00   clock network delay (ideal)
                  0.00    0.00    0.00 ^ _5923_/CLK (sky130_fd_sc_hd__dfxtp_2)
     3    0.01    0.05    0.30    0.30 ^ _5923_/Q (sky130_fd_sc_hd__dfxtp_2)
                                         reg_file.memory[5][17] (net)
                  0.05    0.00    0.30 ^ _5017_/A1 (sky130_fd_sc_hd__mux2_2)
     1    0.00    0.04    0.13    0.43 ^ _5017_/X (sky130_fd_sc_hd__mux2_2)
                                         _2494_ (net)
                  0.04    0.00    0.43 ^ _5018_/A (sky130_fd_sc_hd__buf_1)
     1    0.00    0.03    0.07    0.50 ^ _5018_/X (sky130_fd_sc_hd__buf_1)
                                         _0158_ (net)
                  0.03    0.00    0.50 ^ _5923_/D (sky130_fd_sc_hd__dfxtp_2)
                                  0.50   data arrival time

                  0.00    0.00    0.00   clock core_clock (rise edge)
                          0.00    0.00   clock network delay (ideal)
                          0.00    0.00   clock reconvergence pessimism
                                  0.00 ^ _5923_/CLK (sky130_fd_sc_hd__dfxtp_2)
                         -0.03   -0.03   library hold time
                                 -0.03   data required time
-----------------------------------------------------------------------------
                                 -0.03   data required time
                                 -0.50   data arrival time
-----------------------------------------------------------------------------
                                  0.54   slack (MET)


Startpoint: _6175_ (rising edge-triggered flip-flop clocked by core_clock)
Endpoint: _6175_ (rising edge-triggered flip-flop clocked by core_clock)
Path Group: core_clock
Path Type: min

Fanout     Cap    Slew   Delay    Time   Description
-----------------------------------------------------------------------------
                  0.00    0.00    0.00   clock core_clock (rise edge)
                          0.00    0.00   clock network delay (ideal)
                  0.00    0.00    0.00 ^ _6175_/CLK (sky130_fd_sc_hd__dfxtp_2)
     2    0.01    0.05    0.30    0.30 ^ _6175_/Q (sky130_fd_sc_hd__dfxtp_2)
                                         reg_file.memory[21][13] (net)
                  0.05    0.00    0.30 ^ _5550_/A1 (sky130_fd_sc_hd__mux2_2)
     1    0.00    0.04    0.13    0.43 ^ _5550_/X (sky130_fd_sc_hd__mux2_2)
                                         _2775_ (net)
                  0.04    0.00    0.43 ^ _5551_/A (sky130_fd_sc_hd__buf_1)
     1    0.00    0.03    0.07    0.50 ^ _5551_/X (sky130_fd_sc_hd__buf_1)
                                         _0410_ (net)
                  0.03    0.00    0.50 ^ _6175_/D (sky130_fd_sc_hd__dfxtp_2)
                                  0.50   data arrival time

                  0.00    0.00    0.00   clock core_clock (rise edge)
                          0.00    0.00   clock network delay (ideal)
                          0.00    0.00   clock reconvergence pessimism
                                  0.00 ^ _6175_/CLK (sky130_fd_sc_hd__dfxtp_2)
                         -0.03   -0.03   library hold time
                                 -0.03   data required time
-----------------------------------------------------------------------------
                                 -0.03   data required time
                                 -0.50   data arrival time
-----------------------------------------------------------------------------
                                  0.54   slack (MET)


Startpoint: _5934_ (rising edge-triggered flip-flop clocked by core_clock)
Endpoint: _5934_ (rising edge-triggered flip-flop clocked by core_clock)
Path Group: core_clock
Path Type: min

Fanout     Cap    Slew   Delay    Time   Description
-----------------------------------------------------------------------------
                  0.00    0.00    0.00   clock core_clock (rise edge)
                          0.00    0.00   clock network delay (ideal)
                  0.00    0.00    0.00 ^ _5934_/CLK (sky130_fd_sc_hd__dfxtp_2)
     3    0.01    0.05    0.30    0.30 ^ _5934_/Q (sky130_fd_sc_hd__dfxtp_2)
                                         reg_file.memory[5][28] (net)
                  0.05    0.00    0.30 ^ _5040_/A1 (sky130_fd_sc_hd__mux2_2)
     1    0.00    0.04    0.13    0.43 ^ _5040_/X (sky130_fd_sc_hd__mux2_2)
                                         _2506_ (net)
                  0.04    0.00    0.43 ^ _5041_/A (sky130_fd_sc_hd__buf_1)
     1    0.00    0.03    0.07    0.50 ^ _5041_/X (sky130_fd_sc_hd__buf_1)
                                         _0169_ (net)
                  0.03    0.00    0.50 ^ _5934_/D (sky130_fd_sc_hd__dfxtp_2)
                                  0.50   data arrival time

                  0.00    0.00    0.00   clock core_clock (rise edge)
                          0.00    0.00   clock network delay (ideal)
                          0.00    0.00   clock reconvergence pessimism
                                  0.00 ^ _5934_/CLK (sky130_fd_sc_hd__dfxtp_2)
                         -0.03   -0.03   library hold time
                                 -0.03   data required time
-----------------------------------------------------------------------------
                                 -0.03   data required time
                                 -0.50   data arrival time
-----------------------------------------------------------------------------
                                  0.54   slack (MET)


Startpoint: _6186_ (rising edge-triggered flip-flop clocked by core_clock)
Endpoint: _6186_ (rising edge-triggered flip-flop clocked by core_clock)
Path Group: core_clock
Path Type: min

Fanout     Cap    Slew   Delay    Time   Description
-----------------------------------------------------------------------------
                  0.00    0.00    0.00   clock core_clock (rise edge)
                          0.00    0.00   clock network delay (ideal)
                  0.00    0.00    0.00 ^ _6186_/CLK (sky130_fd_sc_hd__dfxtp_2)
     2    0.01    0.05    0.30    0.30 ^ _6186_/Q (sky130_fd_sc_hd__dfxtp_2)
                                         reg_file.memory[21][24] (net)
                  0.05    0.00    0.30 ^ _5573_/A1 (sky130_fd_sc_hd__mux2_2)
     1    0.00    0.04    0.13    0.43 ^ _5573_/X (sky130_fd_sc_hd__mux2_2)
                                         _2787_ (net)
                  0.04    0.00    0.43 ^ _5574_/A (sky130_fd_sc_hd__buf_1)
     1    0.00    0.03    0.07    0.50 ^ _5574_/X (sky130_fd_sc_hd__buf_1)
                                         _0421_ (net)
                  0.03    0.00    0.50 ^ _6186_/D (sky130_fd_sc_hd__dfxtp_2)
                                  0.50   data arrival time

                  0.00    0.00    0.00   clock core_clock (rise edge)
                          0.00    0.00   clock network delay (ideal)
                          0.00    0.00   clock reconvergence pessimism
                                  0.00 ^ _6186_/CLK (sky130_fd_sc_hd__dfxtp_2)
                         -0.03   -0.03   library hold time
                                 -0.03   data required time
-----------------------------------------------------------------------------
                                 -0.03   data required time
                                 -0.50   data arrival time
-----------------------------------------------------------------------------
                                  0.54   slack (MET)


Startpoint: _6197_ (rising edge-triggered flip-flop clocked by core_clock)
Endpoint: _6197_ (rising edge-triggered flip-flop clocked by core_clock)
Path Group: core_clock
Path Type: min

Fanout     Cap    Slew   Delay    Time   Description
-----------------------------------------------------------------------------
                  0.00    0.00    0.00   clock core_clock (rise edge)
                          0.00    0.00   clock network delay (ideal)
                  0.00    0.00    0.00 ^ _6197_/CLK (sky130_fd_sc_hd__dfxtp_2)
     2    0.01    0.05    0.30    0.30 ^ _6197_/Q (sky130_fd_sc_hd__dfxtp_2)
                                         reg_file.memory[25][3] (net)
                  0.05    0.00    0.30 ^ _5598_/A1 (sky130_fd_sc_hd__mux2_2)
     1    0.00    0.04    0.13    0.43 ^ _5598_/X (sky130_fd_sc_hd__mux2_2)
                                         _2801_ (net)
                  0.04    0.00    0.43 ^ _5599_/A (sky130_fd_sc_hd__buf_1)
     1    0.00    0.03    0.07    0.50 ^ _5599_/X (sky130_fd_sc_hd__buf_1)
                                         _0432_ (net)
                  0.03    0.00    0.50 ^ _6197_/D (sky130_fd_sc_hd__dfxtp_2)
                                  0.50   data arrival time

                  0.00    0.00    0.00   clock core_clock (rise edge)
                          0.00    0.00   clock network delay (ideal)
                          0.00    0.00   clock reconvergence pessimism
                                  0.00 ^ _6197_/CLK (sky130_fd_sc_hd__dfxtp_2)
                         -0.03   -0.03   library hold time
                                 -0.03   data required time
-----------------------------------------------------------------------------
                                 -0.03   data required time
                                 -0.50   data arrival time
-----------------------------------------------------------------------------
                                  0.54   slack (MET)


Startpoint: _6184_ (rising edge-triggered flip-flop clocked by core_clock)
Endpoint: _6184_ (rising edge-triggered flip-flop clocked by core_clock)
Path Group: core_clock
Path Type: min

Fanout     Cap    Slew   Delay    Time   Description
-----------------------------------------------------------------------------
                  0.00    0.00    0.00   clock core_clock (rise edge)
                          0.00    0.00   clock network delay (ideal)
                  0.00    0.00    0.00 ^ _6184_/CLK (sky130_fd_sc_hd__dfxtp_2)
     2    0.01    0.05    0.30    0.30 ^ _6184_/Q (sky130_fd_sc_hd__dfxtp_2)
                                         reg_file.memory[21][22] (net)
                  0.05    0.00    0.30 ^ _5569_/A1 (sky130_fd_sc_hd__mux2_2)
     1    0.00    0.04    0.13    0.43 ^ _5569_/X (sky130_fd_sc_hd__mux2_2)
                                         _2785_ (net)
                  0.04    0.00    0.43 ^ _5570_/A (sky130_fd_sc_hd__buf_1)
     1    0.00    0.03    0.07    0.50 ^ _5570_/X (sky130_fd_sc_hd__buf_1)
                                         _0419_ (net)
                  0.03    0.00    0.50 ^ _6184_/D (sky130_fd_sc_hd__dfxtp_2)
                                  0.50   data arrival time

                  0.00    0.00    0.00   clock core_clock (rise edge)
                          0.00    0.00   clock network delay (ideal)
                          0.00    0.00   clock reconvergence pessimism
                                  0.00 ^ _6184_/CLK (sky130_fd_sc_hd__dfxtp_2)
                         -0.03   -0.03   library hold time
                                 -0.03   data required time
-----------------------------------------------------------------------------
                                 -0.03   data required time
                                 -0.50   data arrival time
-----------------------------------------------------------------------------
                                  0.54   slack (MET)


Startpoint: _5974_ (rising edge-triggered flip-flop clocked by core_clock)
Endpoint: _5974_ (rising edge-triggered flip-flop clocked by core_clock)
Path Group: core_clock
Path Type: min

Fanout     Cap    Slew   Delay    Time   Description
-----------------------------------------------------------------------------
                  0.00    0.00    0.00   clock core_clock (rise edge)
                          0.00    0.00   clock network delay (ideal)
                  0.00    0.00    0.00 ^ _5974_/CLK (sky130_fd_sc_hd__dfxtp_2)
     3    0.01    0.05    0.30    0.30 ^ _5974_/Q (sky130_fd_sc_hd__dfxtp_2)
                                         reg_file.memory[7][4] (net)
                  0.05    0.00    0.30 ^ _5127_/A1 (sky130_fd_sc_hd__mux2_2)
     1    0.00    0.04    0.13    0.43 ^ _5127_/X (sky130_fd_sc_hd__mux2_2)
                                         _2553_ (net)
                  0.04    0.00    0.43 ^ _5128_/A (sky130_fd_sc_hd__buf_1)
     1    0.00    0.03    0.07    0.50 ^ _5128_/X (sky130_fd_sc_hd__buf_1)
                                         _0209_ (net)
                  0.03    0.00    0.50 ^ _5974_/D (sky130_fd_sc_hd__dfxtp_2)
                                  0.50   data arrival time

                  0.00    0.00    0.00   clock core_clock (rise edge)
                          0.00    0.00   clock network delay (ideal)
                          0.00    0.00   clock reconvergence pessimism
                                  0.00 ^ _5974_/CLK (sky130_fd_sc_hd__dfxtp_2)
                         -0.03   -0.03   library hold time
                                 -0.03   data required time
-----------------------------------------------------------------------------
                                 -0.03   data required time
                                 -0.50   data arrival time
-----------------------------------------------------------------------------
                                  0.54   slack (MET)


Startpoint: _5935_ (rising edge-triggered flip-flop clocked by core_clock)
Endpoint: _5935_ (rising edge-triggered flip-flop clocked by core_clock)
Path Group: core_clock
Path Type: min

Fanout     Cap    Slew   Delay    Time   Description
-----------------------------------------------------------------------------
                  0.00    0.00    0.00   clock core_clock (rise edge)
                          0.00    0.00   clock network delay (ideal)
                  0.00    0.00    0.00 ^ _5935_/CLK (sky130_fd_sc_hd__dfxtp_2)
     3    0.01    0.05    0.30    0.30 ^ _5935_/Q (sky130_fd_sc_hd__dfxtp_2)
                                         reg_file.memory[5][29] (net)
                  0.05    0.00    0.30 ^ _5042_/A1 (sky130_fd_sc_hd__mux2_2)
     1    0.00    0.04    0.13    0.43 ^ _5042_/X (sky130_fd_sc_hd__mux2_2)
                                         _2507_ (net)
                  0.04    0.00    0.43 ^ _5043_/A (sky130_fd_sc_hd__buf_1)
     1    0.00    0.03    0.07    0.50 ^ _5043_/X (sky130_fd_sc_hd__buf_1)
                                         _0170_ (net)
                  0.03    0.00    0.50 ^ _5935_/D (sky130_fd_sc_hd__dfxtp_2)
                                  0.50   data arrival time

                  0.00    0.00    0.00   clock core_clock (rise edge)
                          0.00    0.00   clock network delay (ideal)
                          0.00    0.00   clock reconvergence pessimism
                                  0.00 ^ _5935_/CLK (sky130_fd_sc_hd__dfxtp_2)
                         -0.03   -0.03   library hold time
                                 -0.03   data required time
-----------------------------------------------------------------------------
                                 -0.03   data required time
                                 -0.50   data arrival time
-----------------------------------------------------------------------------
                                  0.54   slack (MET)


Startpoint: _6165_ (rising edge-triggered flip-flop clocked by core_clock)
Endpoint: _6165_ (rising edge-triggered flip-flop clocked by core_clock)
Path Group: core_clock
Path Type: min

Fanout     Cap    Slew   Delay    Time   Description
-----------------------------------------------------------------------------
                  0.00    0.00    0.00   clock core_clock (rise edge)
                          0.00    0.00   clock network delay (ideal)
                  0.00    0.00    0.00 ^ _6165_/CLK (sky130_fd_sc_hd__dfxtp_2)
     2    0.01    0.05    0.30    0.30 ^ _6165_/Q (sky130_fd_sc_hd__dfxtp_2)
                                         reg_file.memory[21][3] (net)
                  0.05    0.00    0.30 ^ _5529_/A1 (sky130_fd_sc_hd__mux2_2)
     1    0.00    0.04    0.13    0.43 ^ _5529_/X (sky130_fd_sc_hd__mux2_2)
                                         _2764_ (net)
                  0.04    0.00    0.43 ^ _5530_/A (sky130_fd_sc_hd__buf_1)
     1    0.00    0.03    0.07    0.50 ^ _5530_/X (sky130_fd_sc_hd__buf_1)
                                         _0400_ (net)
                  0.03    0.00    0.50 ^ _6165_/D (sky130_fd_sc_hd__dfxtp_2)
                                  0.50   data arrival time

                  0.00    0.00    0.00   clock core_clock (rise edge)
                          0.00    0.00   clock network delay (ideal)
                          0.00    0.00   clock reconvergence pessimism
                                  0.00 ^ _6165_/CLK (sky130_fd_sc_hd__dfxtp_2)
                         -0.03   -0.03   library hold time
                                 -0.03   data required time
-----------------------------------------------------------------------------
                                 -0.03   data required time
                                 -0.50   data arrival time
-----------------------------------------------------------------------------
                                  0.54   slack (MET)


Startpoint: _6174_ (rising edge-triggered flip-flop clocked by core_clock)
Endpoint: _6174_ (rising edge-triggered flip-flop clocked by core_clock)
Path Group: core_clock
Path Type: min

Fanout     Cap    Slew   Delay    Time   Description
-----------------------------------------------------------------------------
                  0.00    0.00    0.00   clock core_clock (rise edge)
                          0.00    0.00   clock network delay (ideal)
                  0.00    0.00    0.00 ^ _6174_/CLK (sky130_fd_sc_hd__dfxtp_2)
     2    0.01    0.05    0.30    0.30 ^ _6174_/Q (sky130_fd_sc_hd__dfxtp_2)
                                         reg_file.memory[21][12] (net)
                  0.05    0.00    0.30 ^ _5548_/A1 (sky130_fd_sc_hd__mux2_2)
     1    0.00    0.04    0.13    0.43 ^ _5548_/X (sky130_fd_sc_hd__mux2_2)
                                         _2774_ (net)
                  0.04    0.00    0.43 ^ _5549_/A (sky130_fd_sc_hd__buf_1)
     1    0.00    0.03    0.07    0.50 ^ _5549_/X (sky130_fd_sc_hd__buf_1)
                                         _0409_ (net)
                  0.03    0.00    0.50 ^ _6174_/D (sky130_fd_sc_hd__dfxtp_2)
                                  0.50   data arrival time

                  0.00    0.00    0.00   clock core_clock (rise edge)
                          0.00    0.00   clock network delay (ideal)
                          0.00    0.00   clock reconvergence pessimism
                                  0.00 ^ _6174_/CLK (sky130_fd_sc_hd__dfxtp_2)
                         -0.03   -0.03   library hold time
                                 -0.03   data required time
-----------------------------------------------------------------------------
                                 -0.03   data required time
                                 -0.50   data arrival time
-----------------------------------------------------------------------------
                                  0.54   slack (MET)


Startpoint: _6176_ (rising edge-triggered flip-flop clocked by core_clock)
Endpoint: _6176_ (rising edge-triggered flip-flop clocked by core_clock)
Path Group: core_clock
Path Type: min

Fanout     Cap    Slew   Delay    Time   Description
-----------------------------------------------------------------------------
                  0.00    0.00    0.00   clock core_clock (rise edge)
                          0.00    0.00   clock network delay (ideal)
                  0.00    0.00    0.00 ^ _6176_/CLK (sky130_fd_sc_hd__dfxtp_2)
     2    0.01    0.05    0.30    0.30 ^ _6176_/Q (sky130_fd_sc_hd__dfxtp_2)
                                         reg_file.memory[21][14] (net)
                  0.05    0.00    0.30 ^ _5552_/A1 (sky130_fd_sc_hd__mux2_2)
     1    0.00    0.04    0.13    0.43 ^ _5552_/X (sky130_fd_sc_hd__mux2_2)
                                         _2776_ (net)
                  0.04    0.00    0.43 ^ _5553_/A (sky130_fd_sc_hd__buf_1)
     1    0.00    0.03    0.07    0.50 ^ _5553_/X (sky130_fd_sc_hd__buf_1)
                                         _0411_ (net)
                  0.03    0.00    0.50 ^ _6176_/D (sky130_fd_sc_hd__dfxtp_2)
                                  0.50   data arrival time

                  0.00    0.00    0.00   clock core_clock (rise edge)
                          0.00    0.00   clock network delay (ideal)
                          0.00    0.00   clock reconvergence pessimism
                                  0.00 ^ _6176_/CLK (sky130_fd_sc_hd__dfxtp_2)
                         -0.03   -0.03   library hold time
                                 -0.03   data required time
-----------------------------------------------------------------------------
                                 -0.03   data required time
                                 -0.50   data arrival time
-----------------------------------------------------------------------------
                                  0.54   slack (MET)


Startpoint: _6196_ (rising edge-triggered flip-flop clocked by core_clock)
Endpoint: _6196_ (rising edge-triggered flip-flop clocked by core_clock)
Path Group: core_clock
Path Type: min

Fanout     Cap    Slew   Delay    Time   Description
-----------------------------------------------------------------------------
                  0.00    0.00    0.00   clock core_clock (rise edge)
                          0.00    0.00   clock network delay (ideal)
                  0.00    0.00    0.00 ^ _6196_/CLK (sky130_fd_sc_hd__dfxtp_2)
     2    0.01    0.05    0.30    0.30 ^ _6196_/Q (sky130_fd_sc_hd__dfxtp_2)
                                         reg_file.memory[25][2] (net)
                  0.05    0.00    0.30 ^ _5596_/A1 (sky130_fd_sc_hd__mux2_2)
     1    0.00    0.04    0.13    0.43 ^ _5596_/X (sky130_fd_sc_hd__mux2_2)
                                         _2800_ (net)
                  0.04    0.00    0.43 ^ _5597_/A (sky130_fd_sc_hd__buf_1)
     1    0.00    0.03    0.07    0.50 ^ _5597_/X (sky130_fd_sc_hd__buf_1)
                                         _0431_ (net)
                  0.03    0.00    0.50 ^ _6196_/D (sky130_fd_sc_hd__dfxtp_2)
                                  0.50   data arrival time

                  0.00    0.00    0.00   clock core_clock (rise edge)
                          0.00    0.00   clock network delay (ideal)
                          0.00    0.00   clock reconvergence pessimism
                                  0.00 ^ _6196_/CLK (sky130_fd_sc_hd__dfxtp_2)
                         -0.03   -0.03   library hold time
                                 -0.03   data required time
-----------------------------------------------------------------------------
                                 -0.03   data required time
                                 -0.50   data arrival time
-----------------------------------------------------------------------------
                                  0.54   slack (MET)


Startpoint: _6192_ (rising edge-triggered flip-flop clocked by core_clock)
Endpoint: _6192_ (rising edge-triggered flip-flop clocked by core_clock)
Path Group: core_clock
Path Type: min

Fanout     Cap    Slew   Delay    Time   Description
-----------------------------------------------------------------------------
                  0.00    0.00    0.00   clock core_clock (rise edge)
                          0.00    0.00   clock network delay (ideal)
                  0.00    0.00    0.00 ^ _6192_/CLK (sky130_fd_sc_hd__dfxtp_2)
     2    0.01    0.05    0.30    0.30 ^ _6192_/Q (sky130_fd_sc_hd__dfxtp_2)
                                         reg_file.memory[21][30] (net)
                  0.05    0.00    0.30 ^ _5585_/A1 (sky130_fd_sc_hd__mux2_2)
     1    0.00    0.04    0.13    0.43 ^ _5585_/X (sky130_fd_sc_hd__mux2_2)
                                         _2793_ (net)
                  0.04    0.00    0.43 ^ _5586_/A (sky130_fd_sc_hd__buf_1)
     1    0.00    0.03    0.07    0.50 ^ _5586_/X (sky130_fd_sc_hd__buf_1)
                                         _0427_ (net)
                  0.03    0.00    0.50 ^ _6192_/D (sky130_fd_sc_hd__dfxtp_2)
                                  0.50   data arrival time

                  0.00    0.00    0.00   clock core_clock (rise edge)
                          0.00    0.00   clock network delay (ideal)
                          0.00    0.00   clock reconvergence pessimism
                                  0.00 ^ _6192_/CLK (sky130_fd_sc_hd__dfxtp_2)
                         -0.03   -0.03   library hold time
                                 -0.03   data required time
-----------------------------------------------------------------------------
                                 -0.03   data required time
                                 -0.50   data arrival time
-----------------------------------------------------------------------------
                                  0.54   slack (MET)


Startpoint: _6104_ (rising edge-triggered flip-flop clocked by core_clock)
Endpoint: _6104_ (rising edge-triggered flip-flop clocked by core_clock)
Path Group: core_clock
Path Type: min

Fanout     Cap    Slew   Delay    Time   Description
-----------------------------------------------------------------------------
                  0.00    0.00    0.00   clock core_clock (rise edge)
                          0.00    0.00   clock network delay (ideal)
                  0.00    0.00    0.00 ^ _6104_/CLK (sky130_fd_sc_hd__dfxtp_2)
     2    0.01    0.05    0.30    0.30 ^ _6104_/Q (sky130_fd_sc_hd__dfxtp_2)
                                         reg_file.memory[15][6] (net)
                  0.05    0.00    0.30 ^ _5402_/A1 (sky130_fd_sc_hd__mux2_2)
     1    0.00    0.04    0.13    0.43 ^ _5402_/X (sky130_fd_sc_hd__mux2_2)
                                         _2698_ (net)
                  0.04    0.00    0.43 ^ _5403_/A (sky130_fd_sc_hd__buf_1)
     1    0.00    0.03    0.07    0.50 ^ _5403_/X (sky130_fd_sc_hd__buf_1)
                                         _0339_ (net)
                  0.03    0.00    0.50 ^ _6104_/D (sky130_fd_sc_hd__dfxtp_2)
                                  0.50   data arrival time

                  0.00    0.00    0.00   clock core_clock (rise edge)
                          0.00    0.00   clock network delay (ideal)
                          0.00    0.00   clock reconvergence pessimism
                                  0.00 ^ _6104_/CLK (sky130_fd_sc_hd__dfxtp_2)
                         -0.03   -0.03   library hold time
                                 -0.03   data required time
-----------------------------------------------------------------------------
                                 -0.03   data required time
                                 -0.50   data arrival time
-----------------------------------------------------------------------------
                                  0.54   slack (MET)


Startpoint: _6170_ (rising edge-triggered flip-flop clocked by core_clock)
Endpoint: _6170_ (rising edge-triggered flip-flop clocked by core_clock)
Path Group: core_clock
Path Type: min

Fanout     Cap    Slew   Delay    Time   Description
-----------------------------------------------------------------------------
                  0.00    0.00    0.00   clock core_clock (rise edge)
                          0.00    0.00   clock network delay (ideal)
                  0.00    0.00    0.00 ^ _6170_/CLK (sky130_fd_sc_hd__dfxtp_2)
     2    0.01    0.05    0.30    0.30 ^ _6170_/Q (sky130_fd_sc_hd__dfxtp_2)
                                         reg_file.memory[21][8] (net)
                  0.05    0.00    0.30 ^ _5539_/A1 (sky130_fd_sc_hd__mux2_2)
     1    0.00    0.04    0.13    0.43 ^ _5539_/X (sky130_fd_sc_hd__mux2_2)
                                         _2769_ (net)
                  0.04    0.00    0.43 ^ _5540_/A (sky130_fd_sc_hd__buf_1)
     1    0.00    0.03    0.07    0.50 ^ _5540_/X (sky130_fd_sc_hd__buf_1)
                                         _0405_ (net)
                  0.03    0.00    0.50 ^ _6170_/D (sky130_fd_sc_hd__dfxtp_2)
                                  0.50   data arrival time

                  0.00    0.00    0.00   clock core_clock (rise edge)
                          0.00    0.00   clock network delay (ideal)
                          0.00    0.00   clock reconvergence pessimism
                                  0.00 ^ _6170_/CLK (sky130_fd_sc_hd__dfxtp_2)
                         -0.03   -0.03   library hold time
                                 -0.03   data required time
-----------------------------------------------------------------------------
                                 -0.03   data required time
                                 -0.50   data arrival time
-----------------------------------------------------------------------------
                                  0.54   slack (MET)


Startpoint: _6169_ (rising edge-triggered flip-flop clocked by core_clock)
Endpoint: _6169_ (rising edge-triggered flip-flop clocked by core_clock)
Path Group: core_clock
Path Type: min

Fanout     Cap    Slew   Delay    Time   Description
-----------------------------------------------------------------------------
                  0.00    0.00    0.00   clock core_clock (rise edge)
                          0.00    0.00   clock network delay (ideal)
                  0.00    0.00    0.00 ^ _6169_/CLK (sky130_fd_sc_hd__dfxtp_2)
     2    0.01    0.05    0.30    0.30 ^ _6169_/Q (sky130_fd_sc_hd__dfxtp_2)
                                         reg_file.memory[21][7] (net)
                  0.05    0.00    0.30 ^ _5537_/A1 (sky130_fd_sc_hd__mux2_2)
     1    0.00    0.04    0.13    0.43 ^ _5537_/X (sky130_fd_sc_hd__mux2_2)
                                         _2768_ (net)
                  0.04    0.00    0.43 ^ _5538_/A (sky130_fd_sc_hd__buf_1)
     1    0.00    0.03    0.07    0.50 ^ _5538_/X (sky130_fd_sc_hd__buf_1)
                                         _0404_ (net)
                  0.03    0.00    0.50 ^ _6169_/D (sky130_fd_sc_hd__dfxtp_2)
                                  0.50   data arrival time

                  0.00    0.00    0.00   clock core_clock (rise edge)
                          0.00    0.00   clock network delay (ideal)
                          0.00    0.00   clock reconvergence pessimism
                                  0.00 ^ _6169_/CLK (sky130_fd_sc_hd__dfxtp_2)
                         -0.03   -0.03   library hold time
                                 -0.03   data required time
-----------------------------------------------------------------------------
                                 -0.03   data required time
                                 -0.50   data arrival time
-----------------------------------------------------------------------------
                                  0.54   slack (MET)


Startpoint: _6168_ (rising edge-triggered flip-flop clocked by core_clock)
Endpoint: _6168_ (rising edge-triggered flip-flop clocked by core_clock)
Path Group: core_clock
Path Type: min

Fanout     Cap    Slew   Delay    Time   Description
-----------------------------------------------------------------------------
                  0.00    0.00    0.00   clock core_clock (rise edge)
                          0.00    0.00   clock network delay (ideal)
                  0.00    0.00    0.00 ^ _6168_/CLK (sky130_fd_sc_hd__dfxtp_2)
     2    0.01    0.05    0.30    0.30 ^ _6168_/Q (sky130_fd_sc_hd__dfxtp_2)
                                         reg_file.memory[21][6] (net)
                  0.05    0.00    0.30 ^ _5535_/A1 (sky130_fd_sc_hd__mux2_2)
     1    0.00    0.04    0.13    0.43 ^ _5535_/X (sky130_fd_sc_hd__mux2_2)
                                         _2767_ (net)
                  0.04    0.00    0.43 ^ _5536_/A (sky130_fd_sc_hd__buf_1)
     1    0.00    0.03    0.07    0.50 ^ _5536_/X (sky130_fd_sc_hd__buf_1)
                                         _0403_ (net)
                  0.03    0.00    0.50 ^ _6168_/D (sky130_fd_sc_hd__dfxtp_2)
                                  0.50   data arrival time

                  0.00    0.00    0.00   clock core_clock (rise edge)
                          0.00    0.00   clock network delay (ideal)
                          0.00    0.00   clock reconvergence pessimism
                                  0.00 ^ _6168_/CLK (sky130_fd_sc_hd__dfxtp_2)
                         -0.03   -0.03   library hold time
                                 -0.03   data required time
-----------------------------------------------------------------------------
                                 -0.03   data required time
                                 -0.50   data arrival time
-----------------------------------------------------------------------------
                                  0.54   slack (MET)


Startpoint: _6181_ (rising edge-triggered flip-flop clocked by core_clock)
Endpoint: _6181_ (rising edge-triggered flip-flop clocked by core_clock)
Path Group: core_clock
Path Type: min

Fanout     Cap    Slew   Delay    Time   Description
-----------------------------------------------------------------------------
                  0.00    0.00    0.00   clock core_clock (rise edge)
                          0.00    0.00   clock network delay (ideal)
                  0.00    0.00    0.00 ^ _6181_/CLK (sky130_fd_sc_hd__dfxtp_2)
     2    0.01    0.05    0.30    0.30 ^ _6181_/Q (sky130_fd_sc_hd__dfxtp_2)
                                         reg_file.memory[21][19] (net)
                  0.05    0.00    0.30 ^ _5562_/A1 (sky130_fd_sc_hd__mux2_2)
     1    0.00    0.04    0.13    0.43 ^ _5562_/X (sky130_fd_sc_hd__mux2_2)
                                         _2781_ (net)
                  0.04    0.00    0.43 ^ _5563_/A (sky130_fd_sc_hd__buf_1)
     1    0.00    0.03    0.07    0.50 ^ _5563_/X (sky130_fd_sc_hd__buf_1)
                                         _0416_ (net)
                  0.03    0.00    0.50 ^ _6181_/D (sky130_fd_sc_hd__dfxtp_2)
                                  0.50   data arrival time

                  0.00    0.00    0.00   clock core_clock (rise edge)
                          0.00    0.00   clock network delay (ideal)
                          0.00    0.00   clock reconvergence pessimism
                                  0.00 ^ _6181_/CLK (sky130_fd_sc_hd__dfxtp_2)
                         -0.03   -0.03   library hold time
                                 -0.03   data required time
-----------------------------------------------------------------------------
                                 -0.03   data required time
                                 -0.50   data arrival time
-----------------------------------------------------------------------------
                                  0.54   slack (MET)


Startpoint: _6166_ (rising edge-triggered flip-flop clocked by core_clock)
Endpoint: _6166_ (rising edge-triggered flip-flop clocked by core_clock)
Path Group: core_clock
Path Type: min

Fanout     Cap    Slew   Delay    Time   Description
-----------------------------------------------------------------------------
                  0.00    0.00    0.00   clock core_clock (rise edge)
                          0.00    0.00   clock network delay (ideal)
                  0.00    0.00    0.00 ^ _6166_/CLK (sky130_fd_sc_hd__dfxtp_2)
     2    0.01    0.05    0.30    0.30 ^ _6166_/Q (sky130_fd_sc_hd__dfxtp_2)
                                         reg_file.memory[21][4] (net)
                  0.05    0.00    0.30 ^ _5531_/A1 (sky130_fd_sc_hd__mux2_2)
     1    0.00    0.04    0.13    0.43 ^ _5531_/X (sky130_fd_sc_hd__mux2_2)
                                         _2765_ (net)
                  0.04    0.00    0.43 ^ _5532_/A (sky130_fd_sc_hd__buf_1)
     1    0.00    0.03    0.07    0.50 ^ _5532_/X (sky130_fd_sc_hd__buf_1)
                                         _0401_ (net)
                  0.03    0.00    0.50 ^ _6166_/D (sky130_fd_sc_hd__dfxtp_2)
                                  0.50   data arrival time

                  0.00    0.00    0.00   clock core_clock (rise edge)
                          0.00    0.00   clock network delay (ideal)
                          0.00    0.00   clock reconvergence pessimism
                                  0.00 ^ _6166_/CLK (sky130_fd_sc_hd__dfxtp_2)
                         -0.03   -0.03   library hold time
                                 -0.03   data required time
-----------------------------------------------------------------------------
                                 -0.03   data required time
                                 -0.50   data arrival time
-----------------------------------------------------------------------------
                                  0.54   slack (MET)


Startpoint: _6189_ (rising edge-triggered flip-flop clocked by core_clock)
Endpoint: _6189_ (rising edge-triggered flip-flop clocked by core_clock)
Path Group: core_clock
Path Type: min

Fanout     Cap    Slew   Delay    Time   Description
-----------------------------------------------------------------------------
                  0.00    0.00    0.00   clock core_clock (rise edge)
                          0.00    0.00   clock network delay (ideal)
                  0.00    0.00    0.00 ^ _6189_/CLK (sky130_fd_sc_hd__dfxtp_2)
     2    0.01    0.05    0.30    0.30 ^ _6189_/Q (sky130_fd_sc_hd__dfxtp_2)
                                         reg_file.memory[21][27] (net)
                  0.05    0.00    0.30 ^ _5579_/A1 (sky130_fd_sc_hd__mux2_2)
     1    0.00    0.04    0.13    0.43 ^ _5579_/X (sky130_fd_sc_hd__mux2_2)
                                         _2790_ (net)
                  0.04    0.00    0.43 ^ _5580_/A (sky130_fd_sc_hd__buf_1)
     1    0.00    0.03    0.07    0.50 ^ _5580_/X (sky130_fd_sc_hd__buf_1)
                                         _0424_ (net)
                  0.03    0.00    0.50 ^ _6189_/D (sky130_fd_sc_hd__dfxtp_2)
                                  0.50   data arrival time

                  0.00    0.00    0.00   clock core_clock (rise edge)
                          0.00    0.00   clock network delay (ideal)
                          0.00    0.00   clock reconvergence pessimism
                                  0.00 ^ _6189_/CLK (sky130_fd_sc_hd__dfxtp_2)
                         -0.03   -0.03   library hold time
                                 -0.03   data required time
-----------------------------------------------------------------------------
                                 -0.03   data required time
                                 -0.50   data arrival time
-----------------------------------------------------------------------------
                                  0.54   slack (MET)


Startpoint: _6191_ (rising edge-triggered flip-flop clocked by core_clock)
Endpoint: _6191_ (rising edge-triggered flip-flop clocked by core_clock)
Path Group: core_clock
Path Type: min

Fanout     Cap    Slew   Delay    Time   Description
-----------------------------------------------------------------------------
                  0.00    0.00    0.00   clock core_clock (rise edge)
                          0.00    0.00   clock network delay (ideal)
                  0.00    0.00    0.00 ^ _6191_/CLK (sky130_fd_sc_hd__dfxtp_2)
     2    0.01    0.05    0.30    0.30 ^ _6191_/Q (sky130_fd_sc_hd__dfxtp_2)
                                         reg_file.memory[21][29] (net)
                  0.05    0.00    0.30 ^ _5583_/A1 (sky130_fd_sc_hd__mux2_2)
     1    0.00    0.04    0.13    0.43 ^ _5583_/X (sky130_fd_sc_hd__mux2_2)
                                         _2792_ (net)
                  0.04    0.00    0.43 ^ _5584_/A (sky130_fd_sc_hd__buf_1)
     1    0.00    0.03    0.07    0.50 ^ _5584_/X (sky130_fd_sc_hd__buf_1)
                                         _0426_ (net)
                  0.03    0.00    0.50 ^ _6191_/D (sky130_fd_sc_hd__dfxtp_2)
                                  0.50   data arrival time

                  0.00    0.00    0.00   clock core_clock (rise edge)
                          0.00    0.00   clock network delay (ideal)
                          0.00    0.00   clock reconvergence pessimism
                                  0.00 ^ _6191_/CLK (sky130_fd_sc_hd__dfxtp_2)
                         -0.03   -0.03   library hold time
                                 -0.03   data required time
-----------------------------------------------------------------------------
                                 -0.03   data required time
                                 -0.50   data arrival time
-----------------------------------------------------------------------------
                                  0.54   slack (MET)


Startpoint: _6190_ (rising edge-triggered flip-flop clocked by core_clock)
Endpoint: _6190_ (rising edge-triggered flip-flop clocked by core_clock)
Path Group: core_clock
Path Type: min

Fanout     Cap    Slew   Delay    Time   Description
-----------------------------------------------------------------------------
                  0.00    0.00    0.00   clock core_clock (rise edge)
                          0.00    0.00   clock network delay (ideal)
                  0.00    0.00    0.00 ^ _6190_/CLK (sky130_fd_sc_hd__dfxtp_2)
     2    0.01    0.05    0.30    0.30 ^ _6190_/Q (sky130_fd_sc_hd__dfxtp_2)
                                         reg_file.memory[21][28] (net)
                  0.05    0.00    0.30 ^ _5581_/A1 (sky130_fd_sc_hd__mux2_2)
     1    0.00    0.04    0.13    0.43 ^ _5581_/X (sky130_fd_sc_hd__mux2_2)
                                         _2791_ (net)
                  0.04    0.00    0.43 ^ _5582_/A (sky130_fd_sc_hd__buf_1)
     1    0.00    0.03    0.07    0.50 ^ _5582_/X (sky130_fd_sc_hd__buf_1)
                                         _0425_ (net)
                  0.03    0.00    0.50 ^ _6190_/D (sky130_fd_sc_hd__dfxtp_2)
                                  0.50   data arrival time

                  0.00    0.00    0.00   clock core_clock (rise edge)
                          0.00    0.00   clock network delay (ideal)
                          0.00    0.00   clock reconvergence pessimism
                                  0.00 ^ _6190_/CLK (sky130_fd_sc_hd__dfxtp_2)
                         -0.03   -0.03   library hold time
                                 -0.03   data required time
-----------------------------------------------------------------------------
                                 -0.03   data required time
                                 -0.50   data arrival time
-----------------------------------------------------------------------------
                                  0.54   slack (MET)


Startpoint: _5973_ (rising edge-triggered flip-flop clocked by core_clock)
Endpoint: _5973_ (rising edge-triggered flip-flop clocked by core_clock)
Path Group: core_clock
Path Type: min

Fanout     Cap    Slew   Delay    Time   Description
-----------------------------------------------------------------------------
                  0.00    0.00    0.00   clock core_clock (rise edge)
                          0.00    0.00   clock network delay (ideal)
                  0.00    0.00    0.00 ^ _5973_/CLK (sky130_fd_sc_hd__dfxtp_2)
     3    0.01    0.05    0.30    0.30 ^ _5973_/Q (sky130_fd_sc_hd__dfxtp_2)
                                         reg_file.memory[7][3] (net)
                  0.05    0.00    0.30 ^ _5125_/A1 (sky130_fd_sc_hd__mux2_2)
     1    0.00    0.04    0.13    0.43 ^ _5125_/X (sky130_fd_sc_hd__mux2_2)
                                         _2552_ (net)
                  0.04    0.00    0.43 ^ _5126_/A (sky130_fd_sc_hd__buf_1)
     1    0.00    0.03    0.07    0.50 ^ _5126_/X (sky130_fd_sc_hd__buf_1)
                                         _0208_ (net)
                  0.03    0.00    0.50 ^ _5973_/D (sky130_fd_sc_hd__dfxtp_2)
                                  0.50   data arrival time

                  0.00    0.00    0.00   clock core_clock (rise edge)
                          0.00    0.00   clock network delay (ideal)
                          0.00    0.00   clock reconvergence pessimism
                                  0.00 ^ _5973_/CLK (sky130_fd_sc_hd__dfxtp_2)
                         -0.03   -0.03   library hold time
                                 -0.03   data required time
-----------------------------------------------------------------------------
                                 -0.03   data required time
                                 -0.50   data arrival time
-----------------------------------------------------------------------------
                                  0.54   slack (MET)


Startpoint: _6173_ (rising edge-triggered flip-flop clocked by core_clock)
Endpoint: _6173_ (rising edge-triggered flip-flop clocked by core_clock)
Path Group: core_clock
Path Type: min

Fanout     Cap    Slew   Delay    Time   Description
-----------------------------------------------------------------------------
                  0.00    0.00    0.00   clock core_clock (rise edge)
                          0.00    0.00   clock network delay (ideal)
                  0.00    0.00    0.00 ^ _6173_/CLK (sky130_fd_sc_hd__dfxtp_2)
     2    0.01    0.05    0.30    0.30 ^ _6173_/Q (sky130_fd_sc_hd__dfxtp_2)
                                         reg_file.memory[21][11] (net)
                  0.05    0.00    0.30 ^ _5546_/A1 (sky130_fd_sc_hd__mux2_2)
     1    0.00    0.04    0.13    0.43 ^ _5546_/X (sky130_fd_sc_hd__mux2_2)
                                         _2773_ (net)
                  0.04    0.00    0.43 ^ _5547_/A (sky130_fd_sc_hd__buf_1)
     1    0.00    0.03    0.07    0.50 ^ _5547_/X (sky130_fd_sc_hd__buf_1)
                                         _0408_ (net)
                  0.03    0.00    0.50 ^ _6173_/D (sky130_fd_sc_hd__dfxtp_2)
                                  0.50   data arrival time

                  0.00    0.00    0.00   clock core_clock (rise edge)
                          0.00    0.00   clock network delay (ideal)
                          0.00    0.00   clock reconvergence pessimism
                                  0.00 ^ _6173_/CLK (sky130_fd_sc_hd__dfxtp_2)
                         -0.03   -0.03   library hold time
                                 -0.03   data required time
-----------------------------------------------------------------------------
                                 -0.03   data required time
                                 -0.50   data arrival time
-----------------------------------------------------------------------------
                                  0.54   slack (MET)


Startpoint: _6179_ (rising edge-triggered flip-flop clocked by core_clock)
Endpoint: _6179_ (rising edge-triggered flip-flop clocked by core_clock)
Path Group: core_clock
Path Type: min

Fanout     Cap    Slew   Delay    Time   Description
-----------------------------------------------------------------------------
                  0.00    0.00    0.00   clock core_clock (rise edge)
                          0.00    0.00   clock network delay (ideal)
                  0.00    0.00    0.00 ^ _6179_/CLK (sky130_fd_sc_hd__dfxtp_2)
     2    0.01    0.05    0.30    0.30 ^ _6179_/Q (sky130_fd_sc_hd__dfxtp_2)
                                         reg_file.memory[21][17] (net)
                  0.05    0.00    0.30 ^ _5558_/A1 (sky130_fd_sc_hd__mux2_2)
     1    0.00    0.04    0.13    0.43 ^ _5558_/X (sky130_fd_sc_hd__mux2_2)
                                         _2779_ (net)
                  0.04    0.00    0.43 ^ _5559_/A (sky130_fd_sc_hd__buf_1)
     1    0.00    0.03    0.07    0.50 ^ _5559_/X (sky130_fd_sc_hd__buf_1)
                                         _0414_ (net)
                  0.03    0.00    0.50 ^ _6179_/D (sky130_fd_sc_hd__dfxtp_2)
                                  0.50   data arrival time

                  0.00    0.00    0.00   clock core_clock (rise edge)
                          0.00    0.00   clock network delay (ideal)
                          0.00    0.00   clock reconvergence pessimism
                                  0.00 ^ _6179_/CLK (sky130_fd_sc_hd__dfxtp_2)
                         -0.03   -0.03   library hold time
                                 -0.03   data required time
-----------------------------------------------------------------------------
                                 -0.03   data required time
                                 -0.50   data arrival time
-----------------------------------------------------------------------------
                                  0.54   slack (MET)


Startpoint: _6194_ (rising edge-triggered flip-flop clocked by core_clock)
Endpoint: _6194_ (rising edge-triggered flip-flop clocked by core_clock)
Path Group: core_clock
Path Type: min

Fanout     Cap    Slew   Delay    Time   Description
-----------------------------------------------------------------------------
                  0.00    0.00    0.00   clock core_clock (rise edge)
                          0.00    0.00   clock network delay (ideal)
                  0.00    0.00    0.00 ^ _6194_/CLK (sky130_fd_sc_hd__dfxtp_2)
     2    0.01    0.05    0.30    0.30 ^ _6194_/Q (sky130_fd_sc_hd__dfxtp_2)
                                         reg_file.memory[25][0] (net)
                  0.05    0.00    0.30 ^ _5592_/A1 (sky130_fd_sc_hd__mux2_2)
     1    0.00    0.04    0.13    0.43 ^ _5592_/X (sky130_fd_sc_hd__mux2_2)
                                         _2798_ (net)
                  0.04    0.00    0.43 ^ _5593_/A (sky130_fd_sc_hd__buf_1)
     1    0.00    0.03    0.07    0.50 ^ _5593_/X (sky130_fd_sc_hd__buf_1)
                                         _0429_ (net)
                  0.03    0.00    0.50 ^ _6194_/D (sky130_fd_sc_hd__dfxtp_2)
                                  0.50   data arrival time

                  0.00    0.00    0.00   clock core_clock (rise edge)
                          0.00    0.00   clock network delay (ideal)
                          0.00    0.00   clock reconvergence pessimism
                                  0.00 ^ _6194_/CLK (sky130_fd_sc_hd__dfxtp_2)
                         -0.03   -0.03   library hold time
                                 -0.03   data required time
-----------------------------------------------------------------------------
                                 -0.03   data required time
                                 -0.50   data arrival time
-----------------------------------------------------------------------------
                                  0.54   slack (MET)


Startpoint: _6102_ (rising edge-triggered flip-flop clocked by core_clock)
Endpoint: _6102_ (rising edge-triggered flip-flop clocked by core_clock)
Path Group: core_clock
Path Type: min

Fanout     Cap    Slew   Delay    Time   Description
-----------------------------------------------------------------------------
                  0.00    0.00    0.00   clock core_clock (rise edge)
                          0.00    0.00   clock network delay (ideal)
                  0.00    0.00    0.00 ^ _6102_/CLK (sky130_fd_sc_hd__dfxtp_2)
     2    0.01    0.05    0.30    0.30 ^ _6102_/Q (sky130_fd_sc_hd__dfxtp_2)
                                         reg_file.memory[15][4] (net)
                  0.05    0.00    0.30 ^ _5398_/A1 (sky130_fd_sc_hd__mux2_2)
     1    0.00    0.04    0.13    0.44 ^ _5398_/X (sky130_fd_sc_hd__mux2_2)
                                         _2696_ (net)
                  0.04    0.00    0.44 ^ _5399_/A (sky130_fd_sc_hd__buf_1)
     1    0.00    0.03    0.07    0.50 ^ _5399_/X (sky130_fd_sc_hd__buf_1)
                                         _0337_ (net)
                  0.03    0.00    0.50 ^ _6102_/D (sky130_fd_sc_hd__dfxtp_2)
                                  0.50   data arrival time

                  0.00    0.00    0.00   clock core_clock (rise edge)
                          0.00    0.00   clock network delay (ideal)
                          0.00    0.00   clock reconvergence pessimism
                                  0.00 ^ _6102_/CLK (sky130_fd_sc_hd__dfxtp_2)
                         -0.03   -0.03   library hold time
                                 -0.03   data required time
-----------------------------------------------------------------------------
                                 -0.03   data required time
                                 -0.50   data arrival time
-----------------------------------------------------------------------------
                                  0.54   slack (MET)


Startpoint: _6177_ (rising edge-triggered flip-flop clocked by core_clock)
Endpoint: _6177_ (rising edge-triggered flip-flop clocked by core_clock)
Path Group: core_clock
Path Type: min

Fanout     Cap    Slew   Delay    Time   Description
-----------------------------------------------------------------------------
                  0.00    0.00    0.00   clock core_clock (rise edge)
                          0.00    0.00   clock network delay (ideal)
                  0.00    0.00    0.00 ^ _6177_/CLK (sky130_fd_sc_hd__dfxtp_2)
     2    0.01    0.05    0.30    0.30 ^ _6177_/Q (sky130_fd_sc_hd__dfxtp_2)
                                         reg_file.memory[21][15] (net)
                  0.05    0.00    0.30 ^ _5554_/A1 (sky130_fd_sc_hd__mux2_2)
     1    0.00    0.04    0.13    0.43 ^ _5554_/X (sky130_fd_sc_hd__mux2_2)
                                         _2777_ (net)
                  0.04    0.00    0.43 ^ _5555_/A (sky130_fd_sc_hd__buf_1)
     1    0.00    0.03    0.07    0.50 ^ _5555_/X (sky130_fd_sc_hd__buf_1)
                                         _0412_ (net)
                  0.03    0.00    0.50 ^ _6177_/D (sky130_fd_sc_hd__dfxtp_2)
                                  0.50   data arrival time

                  0.00    0.00    0.00   clock core_clock (rise edge)
                          0.00    0.00   clock network delay (ideal)
                          0.00    0.00   clock reconvergence pessimism
                                  0.00 ^ _6177_/CLK (sky130_fd_sc_hd__dfxtp_2)
                         -0.03   -0.03   library hold time
                                 -0.03   data required time
-----------------------------------------------------------------------------
                                 -0.03   data required time
                                 -0.50   data arrival time
-----------------------------------------------------------------------------
                                  0.54   slack (MET)


Startpoint: _6185_ (rising edge-triggered flip-flop clocked by core_clock)
Endpoint: _6185_ (rising edge-triggered flip-flop clocked by core_clock)
Path Group: core_clock
Path Type: min

Fanout     Cap    Slew   Delay    Time   Description
-----------------------------------------------------------------------------
                  0.00    0.00    0.00   clock core_clock (rise edge)
                          0.00    0.00   clock network delay (ideal)
                  0.00    0.00    0.00 ^ _6185_/CLK (sky130_fd_sc_hd__dfxtp_2)
     2    0.01    0.05    0.30    0.30 ^ _6185_/Q (sky130_fd_sc_hd__dfxtp_2)
                                         reg_file.memory[21][23] (net)
                  0.05    0.00    0.30 ^ _5571_/A1 (sky130_fd_sc_hd__mux2_2)
     1    0.00    0.04    0.13    0.43 ^ _5571_/X (sky130_fd_sc_hd__mux2_2)
                                         _2786_ (net)
                  0.04    0.00    0.43 ^ _5572_/A (sky130_fd_sc_hd__buf_1)
     1    0.00    0.03    0.07    0.50 ^ _5572_/X (sky130_fd_sc_hd__buf_1)
                                         _0420_ (net)
                  0.03    0.00    0.50 ^ _6185_/D (sky130_fd_sc_hd__dfxtp_2)
                                  0.50   data arrival time

                  0.00    0.00    0.00   clock core_clock (rise edge)
                          0.00    0.00   clock network delay (ideal)
                          0.00    0.00   clock reconvergence pessimism
                                  0.00 ^ _6185_/CLK (sky130_fd_sc_hd__dfxtp_2)
                         -0.04   -0.04   library hold time
                                 -0.04   data required time
-----------------------------------------------------------------------------
                                 -0.04   data required time
                                 -0.50   data arrival time
-----------------------------------------------------------------------------
                                  0.54   slack (MET)


Startpoint: _5983_ (rising edge-triggered flip-flop clocked by core_clock)
Endpoint: _5983_ (rising edge-triggered flip-flop clocked by core_clock)
Path Group: core_clock
Path Type: min

Fanout     Cap    Slew   Delay    Time   Description
-----------------------------------------------------------------------------
                  0.00    0.00    0.00   clock core_clock (rise edge)
                          0.00    0.00   clock network delay (ideal)
                  0.00    0.00    0.00 ^ _5983_/CLK (sky130_fd_sc_hd__dfxtp_2)
     3    0.01    0.05    0.30    0.30 ^ _5983_/Q (sky130_fd_sc_hd__dfxtp_2)
                                         reg_file.memory[7][13] (net)
                  0.05    0.00    0.30 ^ _5146_/A1 (sky130_fd_sc_hd__mux2_2)
     1    0.00    0.04    0.13    0.44 ^ _5146_/X (sky130_fd_sc_hd__mux2_2)
                                         _2563_ (net)
                  0.04    0.00    0.44 ^ _5147_/A (sky130_fd_sc_hd__buf_1)
     1    0.00    0.03    0.07    0.50 ^ _5147_/X (sky130_fd_sc_hd__buf_1)
                                         _0218_ (net)
                  0.03    0.00    0.50 ^ _5983_/D (sky130_fd_sc_hd__dfxtp_2)
                                  0.50   data arrival time

                  0.00    0.00    0.00   clock core_clock (rise edge)
                          0.00    0.00   clock network delay (ideal)
                          0.00    0.00   clock reconvergence pessimism
                                  0.00 ^ _5983_/CLK (sky130_fd_sc_hd__dfxtp_2)
                         -0.03   -0.03   library hold time
                                 -0.03   data required time
-----------------------------------------------------------------------------
                                 -0.03   data required time
                                 -0.50   data arrival time
-----------------------------------------------------------------------------
                                  0.54   slack (MET)


Startpoint: _6187_ (rising edge-triggered flip-flop clocked by core_clock)
Endpoint: _6187_ (rising edge-triggered flip-flop clocked by core_clock)
Path Group: core_clock
Path Type: min

Fanout     Cap    Slew   Delay    Time   Description
-----------------------------------------------------------------------------
                  0.00    0.00    0.00   clock core_clock (rise edge)
                          0.00    0.00   clock network delay (ideal)
                  0.00    0.00    0.00 ^ _6187_/CLK (sky130_fd_sc_hd__dfxtp_2)
     2    0.01    0.05    0.30    0.30 ^ _6187_/Q (sky130_fd_sc_hd__dfxtp_2)
                                         reg_file.memory[21][25] (net)
                  0.05    0.00    0.30 ^ _5575_/A1 (sky130_fd_sc_hd__mux2_2)
     1    0.00    0.04    0.13    0.43 ^ _5575_/X (sky130_fd_sc_hd__mux2_2)
                                         _2788_ (net)
                  0.04    0.00    0.43 ^ _5576_/A (sky130_fd_sc_hd__buf_1)
     1    0.00    0.03    0.07    0.50 ^ _5576_/X (sky130_fd_sc_hd__buf_1)
                                         _0422_ (net)
                  0.03    0.00    0.50 ^ _6187_/D (sky130_fd_sc_hd__dfxtp_2)
                                  0.50   data arrival time

                  0.00    0.00    0.00   clock core_clock (rise edge)
                          0.00    0.00   clock network delay (ideal)
                          0.00    0.00   clock reconvergence pessimism
                                  0.00 ^ _6187_/CLK (sky130_fd_sc_hd__dfxtp_2)
                         -0.03   -0.03   library hold time
                                 -0.03   data required time
-----------------------------------------------------------------------------
                                 -0.03   data required time
                                 -0.50   data arrival time
-----------------------------------------------------------------------------
                                  0.54   slack (MET)


Startpoint: _6178_ (rising edge-triggered flip-flop clocked by core_clock)
Endpoint: _6178_ (rising edge-triggered flip-flop clocked by core_clock)
Path Group: core_clock
Path Type: min

Fanout     Cap    Slew   Delay    Time   Description
-----------------------------------------------------------------------------
                  0.00    0.00    0.00   clock core_clock (rise edge)
                          0.00    0.00   clock network delay (ideal)
                  0.00    0.00    0.00 ^ _6178_/CLK (sky130_fd_sc_hd__dfxtp_2)
     2    0.01    0.05    0.30    0.30 ^ _6178_/Q (sky130_fd_sc_hd__dfxtp_2)
                                         reg_file.memory[21][16] (net)
                  0.05    0.00    0.30 ^ _5556_/A1 (sky130_fd_sc_hd__mux2_2)
     1    0.00    0.04    0.13    0.44 ^ _5556_/X (sky130_fd_sc_hd__mux2_2)
                                         _2778_ (net)
                  0.04    0.00    0.44 ^ _5557_/A (sky130_fd_sc_hd__buf_1)
     1    0.00    0.03    0.07    0.50 ^ _5557_/X (sky130_fd_sc_hd__buf_1)
                                         _0413_ (net)
                  0.03    0.00    0.50 ^ _6178_/D (sky130_fd_sc_hd__dfxtp_2)
                                  0.50   data arrival time

                  0.00    0.00    0.00   clock core_clock (rise edge)
                          0.00    0.00   clock network delay (ideal)
                          0.00    0.00   clock reconvergence pessimism
                                  0.00 ^ _6178_/CLK (sky130_fd_sc_hd__dfxtp_2)
                         -0.03   -0.03   library hold time
                                 -0.03   data required time
-----------------------------------------------------------------------------
                                 -0.03   data required time
                                 -0.50   data arrival time
-----------------------------------------------------------------------------
                                  0.54   slack (MET)


Startpoint: _6182_ (rising edge-triggered flip-flop clocked by core_clock)
Endpoint: _6182_ (rising edge-triggered flip-flop clocked by core_clock)
Path Group: core_clock
Path Type: min

Fanout     Cap    Slew   Delay    Time   Description
-----------------------------------------------------------------------------
                  0.00    0.00    0.00   clock core_clock (rise edge)
                          0.00    0.00   clock network delay (ideal)
                  0.00    0.00    0.00 ^ _6182_/CLK (sky130_fd_sc_hd__dfxtp_2)
     2    0.01    0.05    0.30    0.30 ^ _6182_/Q (sky130_fd_sc_hd__dfxtp_2)
                                         reg_file.memory[21][20] (net)
                  0.05    0.00    0.30 ^ _5565_/A1 (sky130_fd_sc_hd__mux2_2)
     1    0.00    0.04    0.13    0.43 ^ _5565_/X (sky130_fd_sc_hd__mux2_2)
                                         _2783_ (net)
                  0.04    0.00    0.43 ^ _5566_/A (sky130_fd_sc_hd__buf_1)
     1    0.00    0.03    0.07    0.50 ^ _5566_/X (sky130_fd_sc_hd__buf_1)
                                         _0417_ (net)
                  0.03    0.00    0.50 ^ _6182_/D (sky130_fd_sc_hd__dfxtp_2)
                                  0.50   data arrival time

                  0.00    0.00    0.00   clock core_clock (rise edge)
                          0.00    0.00   clock network delay (ideal)
                          0.00    0.00   clock reconvergence pessimism
                                  0.00 ^ _6182_/CLK (sky130_fd_sc_hd__dfxtp_2)
                         -0.04   -0.04   library hold time
                                 -0.04   data required time
-----------------------------------------------------------------------------
                                 -0.04   data required time
                                 -0.50   data arrival time
-----------------------------------------------------------------------------
                                  0.54   slack (MET)


Startpoint: _5976_ (rising edge-triggered flip-flop clocked by core_clock)
Endpoint: _5976_ (rising edge-triggered flip-flop clocked by core_clock)
Path Group: core_clock
Path Type: min

Fanout     Cap    Slew   Delay    Time   Description
-----------------------------------------------------------------------------
                  0.00    0.00    0.00   clock core_clock (rise edge)
                          0.00    0.00   clock network delay (ideal)
                  0.00    0.00    0.00 ^ _5976_/CLK (sky130_fd_sc_hd__dfxtp_2)
     3    0.01    0.05    0.30    0.30 ^ _5976_/Q (sky130_fd_sc_hd__dfxtp_2)
                                         reg_file.memory[7][6] (net)
                  0.05    0.00    0.30 ^ _5131_/A1 (sky130_fd_sc_hd__mux2_2)
     1    0.00    0.04    0.13    0.44 ^ _5131_/X (sky130_fd_sc_hd__mux2_2)
                                         _2555_ (net)
                  0.04    0.00    0.44 ^ _5132_/A (sky130_fd_sc_hd__buf_1)
     1    0.00    0.03    0.07    0.50 ^ _5132_/X (sky130_fd_sc_hd__buf_1)
                                         _0211_ (net)
                  0.03    0.00    0.50 ^ _5976_/D (sky130_fd_sc_hd__dfxtp_2)
                                  0.50   data arrival time

                  0.00    0.00    0.00   clock core_clock (rise edge)
                          0.00    0.00   clock network delay (ideal)
                          0.00    0.00   clock reconvergence pessimism
                                  0.00 ^ _5976_/CLK (sky130_fd_sc_hd__dfxtp_2)
                         -0.03   -0.03   library hold time
                                 -0.03   data required time
-----------------------------------------------------------------------------
                                 -0.03   data required time
                                 -0.50   data arrival time
-----------------------------------------------------------------------------
                                  0.54   slack (MET)


Startpoint: _6183_ (rising edge-triggered flip-flop clocked by core_clock)
Endpoint: _6183_ (rising edge-triggered flip-flop clocked by core_clock)
Path Group: core_clock
Path Type: min

Fanout     Cap    Slew   Delay    Time   Description
-----------------------------------------------------------------------------
                  0.00    0.00    0.00   clock core_clock (rise edge)
                          0.00    0.00   clock network delay (ideal)
                  0.00    0.00    0.00 ^ _6183_/CLK (sky130_fd_sc_hd__dfxtp_2)
     2    0.01    0.05    0.30    0.30 ^ _6183_/Q (sky130_fd_sc_hd__dfxtp_2)
                                         reg_file.memory[21][21] (net)
                  0.05    0.00    0.30 ^ _5567_/A1 (sky130_fd_sc_hd__mux2_2)
     1    0.00    0.04    0.13    0.44 ^ _5567_/X (sky130_fd_sc_hd__mux2_2)
                                         _2784_ (net)
                  0.04    0.00    0.44 ^ _5568_/A (sky130_fd_sc_hd__buf_1)
     1    0.00    0.03    0.07    0.50 ^ _5568_/X (sky130_fd_sc_hd__buf_1)
                                         _0418_ (net)
                  0.03    0.00    0.50 ^ _6183_/D (sky130_fd_sc_hd__dfxtp_2)
                                  0.50   data arrival time

                  0.00    0.00    0.00   clock core_clock (rise edge)
                          0.00    0.00   clock network delay (ideal)
                          0.00    0.00   clock reconvergence pessimism
                                  0.00 ^ _6183_/CLK (sky130_fd_sc_hd__dfxtp_2)
                         -0.03   -0.03   library hold time
                                 -0.03   data required time
-----------------------------------------------------------------------------
                                 -0.03   data required time
                                 -0.50   data arrival time
-----------------------------------------------------------------------------
                                  0.54   slack (MET)


Startpoint: _6180_ (rising edge-triggered flip-flop clocked by core_clock)
Endpoint: _6180_ (rising edge-triggered flip-flop clocked by core_clock)
Path Group: core_clock
Path Type: min

Fanout     Cap    Slew   Delay    Time   Description
-----------------------------------------------------------------------------
                  0.00    0.00    0.00   clock core_clock (rise edge)
                          0.00    0.00   clock network delay (ideal)
                  0.00    0.00    0.00 ^ _6180_/CLK (sky130_fd_sc_hd__dfxtp_2)
     2    0.01    0.05    0.30    0.30 ^ _6180_/Q (sky130_fd_sc_hd__dfxtp_2)
                                         reg_file.memory[21][18] (net)
                  0.05    0.00    0.30 ^ _5560_/A1 (sky130_fd_sc_hd__mux2_2)
     1    0.00    0.04    0.13    0.44 ^ _5560_/X (sky130_fd_sc_hd__mux2_2)
                                         _2780_ (net)
                  0.04    0.00    0.44 ^ _5561_/A (sky130_fd_sc_hd__buf_1)
     1    0.00    0.03    0.07    0.50 ^ _5561_/X (sky130_fd_sc_hd__buf_1)
                                         _0415_ (net)
                  0.03    0.00    0.50 ^ _6180_/D (sky130_fd_sc_hd__dfxtp_2)
                                  0.50   data arrival time

                  0.00    0.00    0.00   clock core_clock (rise edge)
                          0.00    0.00   clock network delay (ideal)
                          0.00    0.00   clock reconvergence pessimism
                                  0.00 ^ _6180_/CLK (sky130_fd_sc_hd__dfxtp_2)
                         -0.03   -0.03   library hold time
                                 -0.03   data required time
-----------------------------------------------------------------------------
                                 -0.03   data required time
                                 -0.50   data arrival time
-----------------------------------------------------------------------------
                                  0.54   slack (MET)


Startpoint: _5971_ (rising edge-triggered flip-flop clocked by core_clock)
Endpoint: _5971_ (rising edge-triggered flip-flop clocked by core_clock)
Path Group: core_clock
Path Type: min

Fanout     Cap    Slew   Delay    Time   Description
-----------------------------------------------------------------------------
                  0.00    0.00    0.00   clock core_clock (rise edge)
                          0.00    0.00   clock network delay (ideal)
                  0.00    0.00    0.00 ^ _5971_/CLK (sky130_fd_sc_hd__dfxtp_2)
     3    0.01    0.05    0.30    0.30 ^ _5971_/Q (sky130_fd_sc_hd__dfxtp_2)
                                         reg_file.memory[7][1] (net)
                  0.05    0.00    0.30 ^ _5121_/A1 (sky130_fd_sc_hd__mux2_2)
     1    0.00    0.04    0.13    0.44 ^ _5121_/X (sky130_fd_sc_hd__mux2_2)
                                         _2550_ (net)
                  0.04    0.00    0.44 ^ _5122_/A (sky130_fd_sc_hd__buf_1)
     1    0.00    0.03    0.07    0.50 ^ _5122_/X (sky130_fd_sc_hd__buf_1)
                                         _0206_ (net)
                  0.03    0.00    0.50 ^ _5971_/D (sky130_fd_sc_hd__dfxtp_2)
                                  0.50   data arrival time

                  0.00    0.00    0.00   clock core_clock (rise edge)
                          0.00    0.00   clock network delay (ideal)
                          0.00    0.00   clock reconvergence pessimism
                                  0.00 ^ _5971_/CLK (sky130_fd_sc_hd__dfxtp_2)
                         -0.03   -0.03   library hold time
                                 -0.03   data required time
-----------------------------------------------------------------------------
                                 -0.03   data required time
                                 -0.50   data arrival time
-----------------------------------------------------------------------------
                                  0.54   slack (MET)


Startpoint: _5995_ (rising edge-triggered flip-flop clocked by core_clock)
Endpoint: _5995_ (rising edge-triggered flip-flop clocked by core_clock)
Path Group: core_clock
Path Type: min

Fanout     Cap    Slew   Delay    Time   Description
-----------------------------------------------------------------------------
                  0.00    0.00    0.00   clock core_clock (rise edge)
                          0.00    0.00   clock network delay (ideal)
                  0.00    0.00    0.00 ^ _5995_/CLK (sky130_fd_sc_hd__dfxtp_2)
     3    0.01    0.05    0.31    0.31 ^ _5995_/Q (sky130_fd_sc_hd__dfxtp_2)
                                         reg_file.memory[7][25] (net)
                  0.05    0.00    0.31 ^ _5171_/A1 (sky130_fd_sc_hd__mux2_2)
     1    0.00    0.04    0.13    0.44 ^ _5171_/X (sky130_fd_sc_hd__mux2_2)
                                         _2576_ (net)
                  0.04    0.00    0.44 ^ _5172_/A (sky130_fd_sc_hd__buf_1)
     1    0.00    0.03    0.07    0.51 ^ _5172_/X (sky130_fd_sc_hd__buf_1)
                                         _0230_ (net)
                  0.03    0.00    0.51 ^ _5995_/D (sky130_fd_sc_hd__dfxtp_2)
                                  0.51   data arrival time

                  0.00    0.00    0.00   clock core_clock (rise edge)
                          0.00    0.00   clock network delay (ideal)
                          0.00    0.00   clock reconvergence pessimism
                                  0.00 ^ _5995_/CLK (sky130_fd_sc_hd__dfxtp_2)
                         -0.03   -0.03   library hold time
                                 -0.03   data required time
-----------------------------------------------------------------------------
                                 -0.03   data required time
                                 -0.51   data arrival time
-----------------------------------------------------------------------------
                                  0.54   slack (MET)


Startpoint: _5994_ (rising edge-triggered flip-flop clocked by core_clock)
Endpoint: _5994_ (rising edge-triggered flip-flop clocked by core_clock)
Path Group: core_clock
Path Type: min

Fanout     Cap    Slew   Delay    Time   Description
-----------------------------------------------------------------------------
                  0.00    0.00    0.00   clock core_clock (rise edge)
                          0.00    0.00   clock network delay (ideal)
                  0.00    0.00    0.00 ^ _5994_/CLK (sky130_fd_sc_hd__dfxtp_2)
     3    0.01    0.05    0.31    0.31 ^ _5994_/Q (sky130_fd_sc_hd__dfxtp_2)
                                         reg_file.memory[7][24] (net)
                  0.05    0.00    0.31 ^ _5169_/A1 (sky130_fd_sc_hd__mux2_2)
     1    0.00    0.04    0.13    0.44 ^ _5169_/X (sky130_fd_sc_hd__mux2_2)
                                         _2575_ (net)
                  0.04    0.00    0.44 ^ _5170_/A (sky130_fd_sc_hd__buf_1)
     1    0.00    0.03    0.07    0.51 ^ _5170_/X (sky130_fd_sc_hd__buf_1)
                                         _0229_ (net)
                  0.03    0.00    0.51 ^ _5994_/D (sky130_fd_sc_hd__dfxtp_2)
                                  0.51   data arrival time

                  0.00    0.00    0.00   clock core_clock (rise edge)
                          0.00    0.00   clock network delay (ideal)
                          0.00    0.00   clock reconvergence pessimism
                                  0.00 ^ _5994_/CLK (sky130_fd_sc_hd__dfxtp_2)
                         -0.03   -0.03   library hold time
                                 -0.03   data required time
-----------------------------------------------------------------------------
                                 -0.03   data required time
                                 -0.51   data arrival time
-----------------------------------------------------------------------------
                                  0.54   slack (MET)


Startpoint: _6001_ (rising edge-triggered flip-flop clocked by core_clock)
Endpoint: _6001_ (rising edge-triggered flip-flop clocked by core_clock)
Path Group: core_clock
Path Type: min

Fanout     Cap    Slew   Delay    Time   Description
-----------------------------------------------------------------------------
                  0.00    0.00    0.00   clock core_clock (rise edge)
                          0.00    0.00   clock network delay (ideal)
                  0.00    0.00    0.00 ^ _6001_/CLK (sky130_fd_sc_hd__dfxtp_2)
     3    0.01    0.05    0.31    0.31 ^ _6001_/Q (sky130_fd_sc_hd__dfxtp_2)
                                         reg_file.memory[7][31] (net)
                  0.05    0.00    0.31 ^ _5183_/A1 (sky130_fd_sc_hd__mux2_2)
     1    0.00    0.04    0.13    0.44 ^ _5183_/X (sky130_fd_sc_hd__mux2_2)
                                         _2582_ (net)
                  0.04    0.00    0.44 ^ _5184_/A (sky130_fd_sc_hd__buf_1)
     1    0.00    0.03    0.07    0.51 ^ _5184_/X (sky130_fd_sc_hd__buf_1)
                                         _0236_ (net)
                  0.03    0.00    0.51 ^ _6001_/D (sky130_fd_sc_hd__dfxtp_2)
                                  0.51   data arrival time

                  0.00    0.00    0.00   clock core_clock (rise edge)
                          0.00    0.00   clock network delay (ideal)
                          0.00    0.00   clock reconvergence pessimism
                                  0.00 ^ _6001_/CLK (sky130_fd_sc_hd__dfxtp_2)
                         -0.03   -0.03   library hold time
                                 -0.03   data required time
-----------------------------------------------------------------------------
                                 -0.03   data required time
                                 -0.51   data arrival time
-----------------------------------------------------------------------------
                                  0.54   slack (MET)


Startpoint: _5929_ (rising edge-triggered flip-flop clocked by core_clock)
Endpoint: _5929_ (rising edge-triggered flip-flop clocked by core_clock)
Path Group: core_clock
Path Type: min

Fanout     Cap    Slew   Delay    Time   Description
-----------------------------------------------------------------------------
                  0.00    0.00    0.00   clock core_clock (rise edge)
                          0.00    0.00   clock network delay (ideal)
                  0.00    0.00    0.00 ^ _5929_/CLK (sky130_fd_sc_hd__dfxtp_2)
     3    0.01    0.05    0.31    0.31 ^ _5929_/Q (sky130_fd_sc_hd__dfxtp_2)
                                         reg_file.memory[5][23] (net)
                  0.05    0.00    0.31 ^ _5030_/A1 (sky130_fd_sc_hd__mux2_2)
     1    0.00    0.04    0.13    0.44 ^ _5030_/X (sky130_fd_sc_hd__mux2_2)
                                         _2501_ (net)
                  0.04    0.00    0.44 ^ _5031_/A (sky130_fd_sc_hd__buf_1)
     1    0.00    0.03    0.07    0.51 ^ _5031_/X (sky130_fd_sc_hd__buf_1)
                                         _0164_ (net)
                  0.03    0.00    0.51 ^ _5929_/D (sky130_fd_sc_hd__dfxtp_2)
                                  0.51   data arrival time

                  0.00    0.00    0.00   clock core_clock (rise edge)
                          0.00    0.00   clock network delay (ideal)
                          0.00    0.00   clock reconvergence pessimism
                                  0.00 ^ _5929_/CLK (sky130_fd_sc_hd__dfxtp_2)
                         -0.03   -0.03   library hold time
                                 -0.03   data required time
-----------------------------------------------------------------------------
                                 -0.03   data required time
                                 -0.51   data arrival time
-----------------------------------------------------------------------------
                                  0.54   slack (MET)


Startpoint: _5978_ (rising edge-triggered flip-flop clocked by core_clock)
Endpoint: _5978_ (rising edge-triggered flip-flop clocked by core_clock)
Path Group: core_clock
Path Type: min

Fanout     Cap    Slew   Delay    Time   Description
-----------------------------------------------------------------------------
                  0.00    0.00    0.00   clock core_clock (rise edge)
                          0.00    0.00   clock network delay (ideal)
                  0.00    0.00    0.00 ^ _5978_/CLK (sky130_fd_sc_hd__dfxtp_2)
     3    0.01    0.05    0.30    0.30 ^ _5978_/Q (sky130_fd_sc_hd__dfxtp_2)
                                         reg_file.memory[7][8] (net)
                  0.05    0.00    0.30 ^ _5135_/A1 (sky130_fd_sc_hd__mux2_2)
     1    0.00    0.04    0.13    0.44 ^ _5135_/X (sky130_fd_sc_hd__mux2_2)
                                         _2557_ (net)
                  0.04    0.00    0.44 ^ _5136_/A (sky130_fd_sc_hd__buf_1)
     1    0.00    0.03    0.07    0.51 ^ _5136_/X (sky130_fd_sc_hd__buf_1)
                                         _0213_ (net)
                  0.03    0.00    0.51 ^ _5978_/D (sky130_fd_sc_hd__dfxtp_2)
                                  0.51   data arrival time

                  0.00    0.00    0.00   clock core_clock (rise edge)
                          0.00    0.00   clock network delay (ideal)
                          0.00    0.00   clock reconvergence pessimism
                                  0.00 ^ _5978_/CLK (sky130_fd_sc_hd__dfxtp_2)
                         -0.03   -0.03   library hold time
                                 -0.03   data required time
-----------------------------------------------------------------------------
                                 -0.03   data required time
                                 -0.51   data arrival time
-----------------------------------------------------------------------------
                                  0.54   slack (MET)


Startpoint: _5977_ (rising edge-triggered flip-flop clocked by core_clock)
Endpoint: _5977_ (rising edge-triggered flip-flop clocked by core_clock)
Path Group: core_clock
Path Type: min

Fanout     Cap    Slew   Delay    Time   Description
-----------------------------------------------------------------------------
                  0.00    0.00    0.00   clock core_clock (rise edge)
                          0.00    0.00   clock network delay (ideal)
                  0.00    0.00    0.00 ^ _5977_/CLK (sky130_fd_sc_hd__dfxtp_2)
     3    0.01    0.05    0.31    0.31 ^ _5977_/Q (sky130_fd_sc_hd__dfxtp_2)
                                         reg_file.memory[7][7] (net)
                  0.05    0.00    0.31 ^ _5133_/A1 (sky130_fd_sc_hd__mux2_2)
     1    0.00    0.04    0.13    0.44 ^ _5133_/X (sky130_fd_sc_hd__mux2_2)
                                         _2556_ (net)
                  0.04    0.00    0.44 ^ _5134_/A (sky130_fd_sc_hd__buf_1)
     1    0.00    0.03    0.07    0.51 ^ _5134_/X (sky130_fd_sc_hd__buf_1)
                                         _0212_ (net)
                  0.03    0.00    0.51 ^ _5977_/D (sky130_fd_sc_hd__dfxtp_2)
                                  0.51   data arrival time

                  0.00    0.00    0.00   clock core_clock (rise edge)
                          0.00    0.00   clock network delay (ideal)
                          0.00    0.00   clock reconvergence pessimism
                                  0.00 ^ _5977_/CLK (sky130_fd_sc_hd__dfxtp_2)
                         -0.03   -0.03   library hold time
                                 -0.03   data required time
-----------------------------------------------------------------------------
                                 -0.03   data required time
                                 -0.51   data arrival time
-----------------------------------------------------------------------------
                                  0.54   slack (MET)


Startpoint: _5998_ (rising edge-triggered flip-flop clocked by core_clock)
Endpoint: _5998_ (rising edge-triggered flip-flop clocked by core_clock)
Path Group: core_clock
Path Type: min

Fanout     Cap    Slew   Delay    Time   Description
-----------------------------------------------------------------------------
                  0.00    0.00    0.00   clock core_clock (rise edge)
                          0.00    0.00   clock network delay (ideal)
                  0.00    0.00    0.00 ^ _5998_/CLK (sky130_fd_sc_hd__dfxtp_2)
     3    0.01    0.05    0.30    0.30 ^ _5998_/Q (sky130_fd_sc_hd__dfxtp_2)
                                         reg_file.memory[7][28] (net)
                  0.05    0.00    0.30 ^ _5177_/A1 (sky130_fd_sc_hd__mux2_2)
     1    0.00    0.04    0.13    0.44 ^ _5177_/X (sky130_fd_sc_hd__mux2_2)
                                         _2579_ (net)
                  0.04    0.00    0.44 ^ _5178_/A (sky130_fd_sc_hd__buf_1)
     1    0.00    0.03    0.07    0.51 ^ _5178_/X (sky130_fd_sc_hd__buf_1)
                                         _0233_ (net)
                  0.03    0.00    0.51 ^ _5998_/D (sky130_fd_sc_hd__dfxtp_2)
                                  0.51   data arrival time

                  0.00    0.00    0.00   clock core_clock (rise edge)
                          0.00    0.00   clock network delay (ideal)
                          0.00    0.00   clock reconvergence pessimism
                                  0.00 ^ _5998_/CLK (sky130_fd_sc_hd__dfxtp_2)
                         -0.03   -0.03   library hold time
                                 -0.03   data required time
-----------------------------------------------------------------------------
                                 -0.03   data required time
                                 -0.51   data arrival time
-----------------------------------------------------------------------------
                                  0.54   slack (MET)


Startpoint: _5982_ (rising edge-triggered flip-flop clocked by core_clock)
Endpoint: _5982_ (rising edge-triggered flip-flop clocked by core_clock)
Path Group: core_clock
Path Type: min

Fanout     Cap    Slew   Delay    Time   Description
-----------------------------------------------------------------------------
                  0.00    0.00    0.00   clock core_clock (rise edge)
                          0.00    0.00   clock network delay (ideal)
                  0.00    0.00    0.00 ^ _5982_/CLK (sky130_fd_sc_hd__dfxtp_2)
     3    0.01    0.05    0.31    0.31 ^ _5982_/Q (sky130_fd_sc_hd__dfxtp_2)
                                         reg_file.memory[7][12] (net)
                  0.05    0.00    0.31 ^ _5144_/A1 (sky130_fd_sc_hd__mux2_2)
     1    0.00    0.04    0.13    0.44 ^ _5144_/X (sky130_fd_sc_hd__mux2_2)
                                         _2562_ (net)
                  0.04    0.00    0.44 ^ _5145_/A (sky130_fd_sc_hd__buf_1)
     1    0.00    0.03    0.07    0.51 ^ _5145_/X (sky130_fd_sc_hd__buf_1)
                                         _0217_ (net)
                  0.03    0.00    0.51 ^ _5982_/D (sky130_fd_sc_hd__dfxtp_2)
                                  0.51   data arrival time

                  0.00    0.00    0.00   clock core_clock (rise edge)
                          0.00    0.00   clock network delay (ideal)
                          0.00    0.00   clock reconvergence pessimism
                                  0.00 ^ _5982_/CLK (sky130_fd_sc_hd__dfxtp_2)
                         -0.03   -0.03   library hold time
                                 -0.03   data required time
-----------------------------------------------------------------------------
                                 -0.03   data required time
                                 -0.51   data arrival time
-----------------------------------------------------------------------------
                                  0.54   slack (MET)


Startpoint: _5991_ (rising edge-triggered flip-flop clocked by core_clock)
Endpoint: _5991_ (rising edge-triggered flip-flop clocked by core_clock)
Path Group: core_clock
Path Type: min

Fanout     Cap    Slew   Delay    Time   Description
-----------------------------------------------------------------------------
                  0.00    0.00    0.00   clock core_clock (rise edge)
                          0.00    0.00   clock network delay (ideal)
                  0.00    0.00    0.00 ^ _5991_/CLK (sky130_fd_sc_hd__dfxtp_2)
     3    0.01    0.05    0.31    0.31 ^ _5991_/Q (sky130_fd_sc_hd__dfxtp_2)
                                         reg_file.memory[7][21] (net)
                  0.05    0.00    0.31 ^ _5163_/A1 (sky130_fd_sc_hd__mux2_2)
     1    0.00    0.04    0.13    0.44 ^ _5163_/X (sky130_fd_sc_hd__mux2_2)
                                         _2572_ (net)
                  0.04    0.00    0.44 ^ _5164_/A (sky130_fd_sc_hd__buf_1)
     1    0.00    0.03    0.07    0.51 ^ _5164_/X (sky130_fd_sc_hd__buf_1)
                                         _0226_ (net)
                  0.03    0.00    0.51 ^ _5991_/D (sky130_fd_sc_hd__dfxtp_2)
                                  0.51   data arrival time

                  0.00    0.00    0.00   clock core_clock (rise edge)
                          0.00    0.00   clock network delay (ideal)
                          0.00    0.00   clock reconvergence pessimism
                                  0.00 ^ _5991_/CLK (sky130_fd_sc_hd__dfxtp_2)
                         -0.03   -0.03   library hold time
                                 -0.03   data required time
-----------------------------------------------------------------------------
                                 -0.03   data required time
                                 -0.51   data arrival time
-----------------------------------------------------------------------------
                                  0.54   slack (MET)


Startpoint: _5992_ (rising edge-triggered flip-flop clocked by core_clock)
Endpoint: _5992_ (rising edge-triggered flip-flop clocked by core_clock)
Path Group: core_clock
Path Type: min

Fanout     Cap    Slew   Delay    Time   Description
-----------------------------------------------------------------------------
                  0.00    0.00    0.00   clock core_clock (rise edge)
                          0.00    0.00   clock network delay (ideal)
                  0.00    0.00    0.00 ^ _5992_/CLK (sky130_fd_sc_hd__dfxtp_2)
     3    0.01    0.05    0.31    0.31 ^ _5992_/Q (sky130_fd_sc_hd__dfxtp_2)
                                         reg_file.memory[7][22] (net)
                  0.05    0.00    0.31 ^ _5165_/A1 (sky130_fd_sc_hd__mux2_2)
     1    0.00    0.04    0.13    0.44 ^ _5165_/X (sky130_fd_sc_hd__mux2_2)
                                         _2573_ (net)
                  0.04    0.00    0.44 ^ _5166_/A (sky130_fd_sc_hd__buf_1)
     1    0.00    0.03    0.07    0.51 ^ _5166_/X (sky130_fd_sc_hd__buf_1)
                                         _0227_ (net)
                  0.03    0.00    0.51 ^ _5992_/D (sky130_fd_sc_hd__dfxtp_2)
                                  0.51   data arrival time

                  0.00    0.00    0.00   clock core_clock (rise edge)
                          0.00    0.00   clock network delay (ideal)
                          0.00    0.00   clock reconvergence pessimism
                                  0.00 ^ _5992_/CLK (sky130_fd_sc_hd__dfxtp_2)
                         -0.03   -0.03   library hold time
                                 -0.03   data required time
-----------------------------------------------------------------------------
                                 -0.03   data required time
                                 -0.51   data arrival time
-----------------------------------------------------------------------------
                                  0.54   slack (MET)


Startpoint: _6172_ (rising edge-triggered flip-flop clocked by core_clock)
Endpoint: _6172_ (rising edge-triggered flip-flop clocked by core_clock)
Path Group: core_clock
Path Type: min

Fanout     Cap    Slew   Delay    Time   Description
-----------------------------------------------------------------------------
                  0.00    0.00    0.00   clock core_clock (rise edge)
                          0.00    0.00   clock network delay (ideal)
                  0.00    0.00    0.00 ^ _6172_/CLK (sky130_fd_sc_hd__dfxtp_2)
     2    0.01    0.05    0.31    0.31 ^ _6172_/Q (sky130_fd_sc_hd__dfxtp_2)
                                         reg_file.memory[21][10] (net)
                  0.05    0.00    0.31 ^ _5544_/A1 (sky130_fd_sc_hd__mux2_2)
     1    0.00    0.04    0.13    0.44 ^ _5544_/X (sky130_fd_sc_hd__mux2_2)
                                         _2772_ (net)
                  0.04    0.00    0.44 ^ _5545_/A (sky130_fd_sc_hd__buf_1)
     1    0.00    0.03    0.07    0.51 ^ _5545_/X (sky130_fd_sc_hd__buf_1)
                                         _0407_ (net)
                  0.03    0.00    0.51 ^ _6172_/D (sky130_fd_sc_hd__dfxtp_2)
                                  0.51   data arrival time

                  0.00    0.00    0.00   clock core_clock (rise edge)
                          0.00    0.00   clock network delay (ideal)
                          0.00    0.00   clock reconvergence pessimism
                                  0.00 ^ _6172_/CLK (sky130_fd_sc_hd__dfxtp_2)
                         -0.03   -0.03   library hold time
                                 -0.03   data required time
-----------------------------------------------------------------------------
                                 -0.03   data required time
                                 -0.51   data arrival time
-----------------------------------------------------------------------------
                                  0.54   slack (MET)


Startpoint: _5990_ (rising edge-triggered flip-flop clocked by core_clock)
Endpoint: _5990_ (rising edge-triggered flip-flop clocked by core_clock)
Path Group: core_clock
Path Type: min

Fanout     Cap    Slew   Delay    Time   Description
-----------------------------------------------------------------------------
                  0.00    0.00    0.00   clock core_clock (rise edge)
                          0.00    0.00   clock network delay (ideal)
                  0.00    0.00    0.00 ^ _5990_/CLK (sky130_fd_sc_hd__dfxtp_2)
     3    0.01    0.05    0.31    0.31 ^ _5990_/Q (sky130_fd_sc_hd__dfxtp_2)
                                         reg_file.memory[7][20] (net)
                  0.05    0.00    0.31 ^ _5161_/A1 (sky130_fd_sc_hd__mux2_2)
     1    0.00    0.04    0.13    0.44 ^ _5161_/X (sky130_fd_sc_hd__mux2_2)
                                         _2571_ (net)
                  0.04    0.00    0.44 ^ _5162_/A (sky130_fd_sc_hd__buf_1)
     1    0.00    0.03    0.07    0.51 ^ _5162_/X (sky130_fd_sc_hd__buf_1)
                                         _0225_ (net)
                  0.03    0.00    0.51 ^ _5990_/D (sky130_fd_sc_hd__dfxtp_2)
                                  0.51   data arrival time

                  0.00    0.00    0.00   clock core_clock (rise edge)
                          0.00    0.00   clock network delay (ideal)
                          0.00    0.00   clock reconvergence pessimism
                                  0.00 ^ _5990_/CLK (sky130_fd_sc_hd__dfxtp_2)
                         -0.03   -0.03   library hold time
                                 -0.03   data required time
-----------------------------------------------------------------------------
                                 -0.03   data required time
                                 -0.51   data arrival time
-----------------------------------------------------------------------------
                                  0.54   slack (MET)


Startpoint: _5988_ (rising edge-triggered flip-flop clocked by core_clock)
Endpoint: _5988_ (rising edge-triggered flip-flop clocked by core_clock)
Path Group: core_clock
Path Type: min

Fanout     Cap    Slew   Delay    Time   Description
-----------------------------------------------------------------------------
                  0.00    0.00    0.00   clock core_clock (rise edge)
                          0.00    0.00   clock network delay (ideal)
                  0.00    0.00    0.00 ^ _5988_/CLK (sky130_fd_sc_hd__dfxtp_2)
     3    0.01    0.05    0.31    0.31 ^ _5988_/Q (sky130_fd_sc_hd__dfxtp_2)
                                         reg_file.memory[7][18] (net)
                  0.05    0.00    0.31 ^ _5156_/A1 (sky130_fd_sc_hd__mux2_2)
     1    0.00    0.04    0.13    0.44 ^ _5156_/X (sky130_fd_sc_hd__mux2_2)
                                         _2568_ (net)
                  0.04    0.00    0.44 ^ _5157_/A (sky130_fd_sc_hd__buf_1)
     1    0.00    0.03    0.07    0.51 ^ _5157_/X (sky130_fd_sc_hd__buf_1)
                                         _0223_ (net)
                  0.03    0.00    0.51 ^ _5988_/D (sky130_fd_sc_hd__dfxtp_2)
                                  0.51   data arrival time

                  0.00    0.00    0.00   clock core_clock (rise edge)
                          0.00    0.00   clock network delay (ideal)
                          0.00    0.00   clock reconvergence pessimism
                                  0.00 ^ _5988_/CLK (sky130_fd_sc_hd__dfxtp_2)
                         -0.03   -0.03   library hold time
                                 -0.03   data required time
-----------------------------------------------------------------------------
                                 -0.03   data required time
                                 -0.51   data arrival time
-----------------------------------------------------------------------------
                                  0.54   slack (MET)


Startpoint: _5999_ (rising edge-triggered flip-flop clocked by core_clock)
Endpoint: _5999_ (rising edge-triggered flip-flop clocked by core_clock)
Path Group: core_clock
Path Type: min

Fanout     Cap    Slew   Delay    Time   Description
-----------------------------------------------------------------------------
                  0.00    0.00    0.00   clock core_clock (rise edge)
                          0.00    0.00   clock network delay (ideal)
                  0.00    0.00    0.00 ^ _5999_/CLK (sky130_fd_sc_hd__dfxtp_2)
     3    0.01    0.05    0.31    0.31 ^ _5999_/Q (sky130_fd_sc_hd__dfxtp_2)
                                         reg_file.memory[7][29] (net)
                  0.05    0.00    0.31 ^ _5179_/A1 (sky130_fd_sc_hd__mux2_2)
     1    0.00    0.04    0.13    0.44 ^ _5179_/X (sky130_fd_sc_hd__mux2_2)
                                         _2580_ (net)
                  0.04    0.00    0.44 ^ _5180_/A (sky130_fd_sc_hd__buf_1)
     1    0.00    0.03    0.07    0.51 ^ _5180_/X (sky130_fd_sc_hd__buf_1)
                                         _0234_ (net)
                  0.03    0.00    0.51 ^ _5999_/D (sky130_fd_sc_hd__dfxtp_2)
                                  0.51   data arrival time

                  0.00    0.00    0.00   clock core_clock (rise edge)
                          0.00    0.00   clock network delay (ideal)
                          0.00    0.00   clock reconvergence pessimism
                                  0.00 ^ _5999_/CLK (sky130_fd_sc_hd__dfxtp_2)
                         -0.03   -0.03   library hold time
                                 -0.03   data required time
-----------------------------------------------------------------------------
                                 -0.03   data required time
                                 -0.51   data arrival time
-----------------------------------------------------------------------------
                                  0.54   slack (MET)


Startpoint: _5984_ (rising edge-triggered flip-flop clocked by core_clock)
Endpoint: _5984_ (rising edge-triggered flip-flop clocked by core_clock)
Path Group: core_clock
Path Type: min

Fanout     Cap    Slew   Delay    Time   Description
-----------------------------------------------------------------------------
                  0.00    0.00    0.00   clock core_clock (rise edge)
                          0.00    0.00   clock network delay (ideal)
                  0.00    0.00    0.00 ^ _5984_/CLK (sky130_fd_sc_hd__dfxtp_2)
     3    0.01    0.05    0.31    0.31 ^ _5984_/Q (sky130_fd_sc_hd__dfxtp_2)
                                         reg_file.memory[7][14] (net)
                  0.05    0.00    0.31 ^ _5148_/A1 (sky130_fd_sc_hd__mux2_2)
     1    0.00    0.04    0.13    0.44 ^ _5148_/X (sky130_fd_sc_hd__mux2_2)
                                         _2564_ (net)
                  0.04    0.00    0.44 ^ _5149_/A (sky130_fd_sc_hd__buf_1)
     1    0.00    0.03    0.07    0.51 ^ _5149_/X (sky130_fd_sc_hd__buf_1)
                                         _0219_ (net)
                  0.03    0.00    0.51 ^ _5984_/D (sky130_fd_sc_hd__dfxtp_2)
                                  0.51   data arrival time

                  0.00    0.00    0.00   clock core_clock (rise edge)
                          0.00    0.00   clock network delay (ideal)
                          0.00    0.00   clock reconvergence pessimism
                                  0.00 ^ _5984_/CLK (sky130_fd_sc_hd__dfxtp_2)
                         -0.03   -0.03   library hold time
                                 -0.03   data required time
-----------------------------------------------------------------------------
                                 -0.03   data required time
                                 -0.51   data arrival time
-----------------------------------------------------------------------------
                                  0.54   slack (MET)


Startpoint: _5986_ (rising edge-triggered flip-flop clocked by core_clock)
Endpoint: _5986_ (rising edge-triggered flip-flop clocked by core_clock)
Path Group: core_clock
Path Type: min

Fanout     Cap    Slew   Delay    Time   Description
-----------------------------------------------------------------------------
                  0.00    0.00    0.00   clock core_clock (rise edge)
                          0.00    0.00   clock network delay (ideal)
                  0.00    0.00    0.00 ^ _5986_/CLK (sky130_fd_sc_hd__dfxtp_2)
     3    0.01    0.05    0.31    0.31 ^ _5986_/Q (sky130_fd_sc_hd__dfxtp_2)
                                         reg_file.memory[7][16] (net)
                  0.05    0.00    0.31 ^ _5152_/A1 (sky130_fd_sc_hd__mux2_2)
     1    0.00    0.04    0.13    0.44 ^ _5152_/X (sky130_fd_sc_hd__mux2_2)
                                         _2566_ (net)
                  0.04    0.00    0.44 ^ _5153_/A (sky130_fd_sc_hd__buf_1)
     1    0.00    0.03    0.07    0.51 ^ _5153_/X (sky130_fd_sc_hd__buf_1)
                                         _0221_ (net)
                  0.03    0.00    0.51 ^ _5986_/D (sky130_fd_sc_hd__dfxtp_2)
                                  0.51   data arrival time

                  0.00    0.00    0.00   clock core_clock (rise edge)
                          0.00    0.00   clock network delay (ideal)
                          0.00    0.00   clock reconvergence pessimism
                                  0.00 ^ _5986_/CLK (sky130_fd_sc_hd__dfxtp_2)
                         -0.03   -0.03   library hold time
                                 -0.03   data required time
-----------------------------------------------------------------------------
                                 -0.03   data required time
                                 -0.51   data arrival time
-----------------------------------------------------------------------------
                                  0.54   slack (MET)


Startpoint: _5980_ (rising edge-triggered flip-flop clocked by core_clock)
Endpoint: _5980_ (rising edge-triggered flip-flop clocked by core_clock)
Path Group: core_clock
Path Type: min

Fanout     Cap    Slew   Delay    Time   Description
-----------------------------------------------------------------------------
                  0.00    0.00    0.00   clock core_clock (rise edge)
                          0.00    0.00   clock network delay (ideal)
                  0.00    0.00    0.00 ^ _5980_/CLK (sky130_fd_sc_hd__dfxtp_2)
     3    0.01    0.05    0.31    0.31 ^ _5980_/Q (sky130_fd_sc_hd__dfxtp_2)
                                         reg_file.memory[7][10] (net)
                  0.05    0.00    0.31 ^ _5140_/A1 (sky130_fd_sc_hd__mux2_2)
     1    0.00    0.04    0.13    0.44 ^ _5140_/X (sky130_fd_sc_hd__mux2_2)
                                         _2560_ (net)
                  0.04    0.00    0.44 ^ _5141_/A (sky130_fd_sc_hd__buf_1)
     1    0.00    0.03    0.07    0.51 ^ _5141_/X (sky130_fd_sc_hd__buf_1)
                                         _0215_ (net)
                  0.03    0.00    0.51 ^ _5980_/D (sky130_fd_sc_hd__dfxtp_2)
                                  0.51   data arrival time

                  0.00    0.00    0.00   clock core_clock (rise edge)
                          0.00    0.00   clock network delay (ideal)
                          0.00    0.00   clock reconvergence pessimism
                                  0.00 ^ _5980_/CLK (sky130_fd_sc_hd__dfxtp_2)
                         -0.03   -0.03   library hold time
                                 -0.03   data required time
-----------------------------------------------------------------------------
                                 -0.03   data required time
                                 -0.51   data arrival time
-----------------------------------------------------------------------------
                                  0.54   slack (MET)


Startpoint: _5993_ (rising edge-triggered flip-flop clocked by core_clock)
Endpoint: _5993_ (rising edge-triggered flip-flop clocked by core_clock)
Path Group: core_clock
Path Type: min

Fanout     Cap    Slew   Delay    Time   Description
-----------------------------------------------------------------------------
                  0.00    0.00    0.00   clock core_clock (rise edge)
                          0.00    0.00   clock network delay (ideal)
                  0.00    0.00    0.00 ^ _5993_/CLK (sky130_fd_sc_hd__dfxtp_2)
     3    0.01    0.05    0.31    0.31 ^ _5993_/Q (sky130_fd_sc_hd__dfxtp_2)
                                         reg_file.memory[7][23] (net)
                  0.05    0.00    0.31 ^ _5167_/A1 (sky130_fd_sc_hd__mux2_2)
     1    0.00    0.04    0.13    0.44 ^ _5167_/X (sky130_fd_sc_hd__mux2_2)
                                         _2574_ (net)
                  0.04    0.00    0.44 ^ _5168_/A (sky130_fd_sc_hd__buf_1)
     1    0.00    0.03    0.07    0.51 ^ _5168_/X (sky130_fd_sc_hd__buf_1)
                                         _0228_ (net)
                  0.03    0.00    0.51 ^ _5993_/D (sky130_fd_sc_hd__dfxtp_2)
                                  0.51   data arrival time

                  0.00    0.00    0.00   clock core_clock (rise edge)
                          0.00    0.00   clock network delay (ideal)
                          0.00    0.00   clock reconvergence pessimism
                                  0.00 ^ _5993_/CLK (sky130_fd_sc_hd__dfxtp_2)
                         -0.03   -0.03   library hold time
                                 -0.03   data required time
-----------------------------------------------------------------------------
                                 -0.03   data required time
                                 -0.51   data arrival time
-----------------------------------------------------------------------------
                                  0.54   slack (MET)


Startpoint: _5996_ (rising edge-triggered flip-flop clocked by core_clock)
Endpoint: _5996_ (rising edge-triggered flip-flop clocked by core_clock)
Path Group: core_clock
Path Type: min

Fanout     Cap    Slew   Delay    Time   Description
-----------------------------------------------------------------------------
                  0.00    0.00    0.00   clock core_clock (rise edge)
                          0.00    0.00   clock network delay (ideal)
                  0.00    0.00    0.00 ^ _5996_/CLK (sky130_fd_sc_hd__dfxtp_2)
     3    0.01    0.05    0.31    0.31 ^ _5996_/Q (sky130_fd_sc_hd__dfxtp_2)
                                         reg_file.memory[7][26] (net)
                  0.05    0.00    0.31 ^ _5173_/A1 (sky130_fd_sc_hd__mux2_2)
     1    0.00    0.04    0.13    0.44 ^ _5173_/X (sky130_fd_sc_hd__mux2_2)
                                         _2577_ (net)
                  0.04    0.00    0.44 ^ _5174_/A (sky130_fd_sc_hd__buf_1)
     1    0.00    0.03    0.07    0.51 ^ _5174_/X (sky130_fd_sc_hd__buf_1)
                                         _0231_ (net)
                  0.03    0.00    0.51 ^ _5996_/D (sky130_fd_sc_hd__dfxtp_2)
                                  0.51   data arrival time

                  0.00    0.00    0.00   clock core_clock (rise edge)
                          0.00    0.00   clock network delay (ideal)
                          0.00    0.00   clock reconvergence pessimism
                                  0.00 ^ _5996_/CLK (sky130_fd_sc_hd__dfxtp_2)
                         -0.03   -0.03   library hold time
                                 -0.03   data required time
-----------------------------------------------------------------------------
                                 -0.03   data required time
                                 -0.51   data arrival time
-----------------------------------------------------------------------------
                                  0.54   slack (MET)


Startpoint: _5987_ (rising edge-triggered flip-flop clocked by core_clock)
Endpoint: _5987_ (rising edge-triggered flip-flop clocked by core_clock)
Path Group: core_clock
Path Type: min

Fanout     Cap    Slew   Delay    Time   Description
-----------------------------------------------------------------------------
                  0.00    0.00    0.00   clock core_clock (rise edge)
                          0.00    0.00   clock network delay (ideal)
                  0.00    0.00    0.00 ^ _5987_/CLK (sky130_fd_sc_hd__dfxtp_2)
     3    0.01    0.05    0.31    0.31 ^ _5987_/Q (sky130_fd_sc_hd__dfxtp_2)
                                         reg_file.memory[7][17] (net)
                  0.05    0.00    0.31 ^ _5154_/A1 (sky130_fd_sc_hd__mux2_2)
     1    0.00    0.04    0.13    0.44 ^ _5154_/X (sky130_fd_sc_hd__mux2_2)
                                         _2567_ (net)
                  0.04    0.00    0.44 ^ _5155_/A (sky130_fd_sc_hd__buf_1)
     1    0.00    0.03    0.07    0.51 ^ _5155_/X (sky130_fd_sc_hd__buf_1)
                                         _0222_ (net)
                  0.03    0.00    0.51 ^ _5987_/D (sky130_fd_sc_hd__dfxtp_2)
                                  0.51   data arrival time

                  0.00    0.00    0.00   clock core_clock (rise edge)
                          0.00    0.00   clock network delay (ideal)
                          0.00    0.00   clock reconvergence pessimism
                                  0.00 ^ _5987_/CLK (sky130_fd_sc_hd__dfxtp_2)
                         -0.03   -0.03   library hold time
                                 -0.03   data required time
-----------------------------------------------------------------------------
                                 -0.03   data required time
                                 -0.51   data arrival time
-----------------------------------------------------------------------------
                                  0.54   slack (MET)


Startpoint: _5985_ (rising edge-triggered flip-flop clocked by core_clock)
Endpoint: _5985_ (rising edge-triggered flip-flop clocked by core_clock)
Path Group: core_clock
Path Type: min

Fanout     Cap    Slew   Delay    Time   Description
-----------------------------------------------------------------------------
                  0.00    0.00    0.00   clock core_clock (rise edge)
                          0.00    0.00   clock network delay (ideal)
                  0.00    0.00    0.00 ^ _5985_/CLK (sky130_fd_sc_hd__dfxtp_2)
     3    0.01    0.05    0.31    0.31 ^ _5985_/Q (sky130_fd_sc_hd__dfxtp_2)
                                         reg_file.memory[7][15] (net)
                  0.05    0.00    0.31 ^ _5150_/A1 (sky130_fd_sc_hd__mux2_2)
     1    0.00    0.04    0.13    0.44 ^ _5150_/X (sky130_fd_sc_hd__mux2_2)
                                         _2565_ (net)
                  0.04    0.00    0.44 ^ _5151_/A (sky130_fd_sc_hd__buf_1)
     1    0.00    0.03    0.07    0.51 ^ _5151_/X (sky130_fd_sc_hd__buf_1)
                                         _0220_ (net)
                  0.03    0.00    0.51 ^ _5985_/D (sky130_fd_sc_hd__dfxtp_2)
                                  0.51   data arrival time

                  0.00    0.00    0.00   clock core_clock (rise edge)
                          0.00    0.00   clock network delay (ideal)
                          0.00    0.00   clock reconvergence pessimism
                                  0.00 ^ _5985_/CLK (sky130_fd_sc_hd__dfxtp_2)
                         -0.03   -0.03   library hold time
                                 -0.03   data required time
-----------------------------------------------------------------------------
                                 -0.03   data required time
                                 -0.51   data arrival time
-----------------------------------------------------------------------------
                                  0.54   slack (MET)


Startpoint: _5981_ (rising edge-triggered flip-flop clocked by core_clock)
Endpoint: _5981_ (rising edge-triggered flip-flop clocked by core_clock)
Path Group: core_clock
Path Type: min

Fanout     Cap    Slew   Delay    Time   Description
-----------------------------------------------------------------------------
                  0.00    0.00    0.00   clock core_clock (rise edge)
                          0.00    0.00   clock network delay (ideal)
                  0.00    0.00    0.00 ^ _5981_/CLK (sky130_fd_sc_hd__dfxtp_2)
     3    0.01    0.06    0.31    0.31 ^ _5981_/Q (sky130_fd_sc_hd__dfxtp_2)
                                         reg_file.memory[7][11] (net)
                  0.06    0.00    0.31 ^ _5142_/A1 (sky130_fd_sc_hd__mux2_2)
     1    0.00    0.04    0.13    0.45 ^ _5142_/X (sky130_fd_sc_hd__mux2_2)
                                         _2561_ (net)
                  0.04    0.00    0.45 ^ _5143_/A (sky130_fd_sc_hd__buf_1)
     1    0.00    0.03    0.07    0.51 ^ _5143_/X (sky130_fd_sc_hd__buf_1)
                                         _0216_ (net)
                  0.03    0.00    0.51 ^ _5981_/D (sky130_fd_sc_hd__dfxtp_2)
                                  0.51   data arrival time

                  0.00    0.00    0.00   clock core_clock (rise edge)
                          0.00    0.00   clock network delay (ideal)
                          0.00    0.00   clock reconvergence pessimism
                                  0.00 ^ _5981_/CLK (sky130_fd_sc_hd__dfxtp_2)
                         -0.03   -0.03   library hold time
                                 -0.03   data required time
-----------------------------------------------------------------------------
                                 -0.03   data required time
                                 -0.51   data arrival time
-----------------------------------------------------------------------------
                                  0.55   slack (MET)


Startpoint: _5761_ (rising edge-triggered flip-flop clocked by core_clock)
Endpoint: _5761_ (rising edge-triggered flip-flop clocked by core_clock)
Path Group: core_clock
Path Type: min

Fanout     Cap    Slew   Delay    Time   Description
-----------------------------------------------------------------------------
                  0.00    0.00    0.00   clock core_clock (rise edge)
                          0.00    0.00   clock network delay (ideal)
                  0.00    0.00    0.00 ^ _5761_/CLK (sky130_fd_sc_hd__dfxtp_2)
     3    0.01    0.03    0.30    0.30 v _5761_/Q (sky130_fd_sc_hd__dfxtp_2)
                                         clk_div.counter[16] (net)
                  0.03    0.00    0.30 v _4740_/A (sky130_fd_sc_hd__nand2_2)
     2    0.01    0.07    0.07    0.37 ^ _4740_/Y (sky130_fd_sc_hd__nand2_2)
                                         _2330_ (net)
                  0.07    0.00    0.37 ^ _4742_/A (sky130_fd_sc_hd__and2_2)
     1    0.00    0.04    0.13    0.50 ^ _4742_/X (sky130_fd_sc_hd__and2_2)
                                         _2332_ (net)
                  0.04    0.00    0.50 ^ _4743_/A (sky130_fd_sc_hd__buf_1)
     1    0.00    0.04    0.07    0.57 ^ _4743_/X (sky130_fd_sc_hd__buf_1)
                                         _0045_ (net)
                  0.04    0.00    0.57 ^ _5761_/D (sky130_fd_sc_hd__dfxtp_2)
                                  0.57   data arrival time

                  0.00    0.00    0.00   clock core_clock (rise edge)
                          0.00    0.00   clock network delay (ideal)
                          0.00    0.00   clock reconvergence pessimism
                                  0.00 ^ _5761_/CLK (sky130_fd_sc_hd__dfxtp_2)
                         -0.04   -0.04   library hold time
                                 -0.04   data required time
-----------------------------------------------------------------------------
                                 -0.04   data required time
                                 -0.57   data arrival time
-----------------------------------------------------------------------------
                                  0.61   slack (MET)


Startpoint: _5745_ (rising edge-triggered flip-flop clocked by core_clock)
Endpoint: _5745_ (rising edge-triggered flip-flop clocked by core_clock)
Path Group: core_clock
Path Type: min

Fanout     Cap    Slew   Delay    Time   Description
-----------------------------------------------------------------------------
                  0.00    0.00    0.00   clock core_clock (rise edge)
                          0.00    0.00   clock network delay (ideal)
                  0.00    0.00    0.00 ^ _5745_/CLK (sky130_fd_sc_hd__dfxtp_2)
     5    0.02    0.05    0.32    0.32 v _5745_/Q (sky130_fd_sc_hd__dfxtp_2)
                                         clk_div.counter[0] (net)
                  0.05    0.00    0.32 v _4697_/A_N (sky130_fd_sc_hd__and2b_2)
     1    0.00    0.03    0.20    0.52 ^ _4697_/X (sky130_fd_sc_hd__and2b_2)
                                         _2303_ (net)
                  0.03    0.00    0.52 ^ _4698_/A (sky130_fd_sc_hd__buf_1)
     1    0.00    0.04    0.07    0.59 ^ _4698_/X (sky130_fd_sc_hd__buf_1)
                                         _0029_ (net)
                  0.04    0.00    0.59 ^ _5745_/D (sky130_fd_sc_hd__dfxtp_2)
                                  0.59   data arrival time

                  0.00    0.00    0.00   clock core_clock (rise edge)
                          0.00    0.00   clock network delay (ideal)
                          0.00    0.00   clock reconvergence pessimism
                                  0.00 ^ _5745_/CLK (sky130_fd_sc_hd__dfxtp_2)
                         -0.04   -0.04   library hold time
                                 -0.04   data required time
-----------------------------------------------------------------------------
                                 -0.04   data required time
                                 -0.59   data arrival time
-----------------------------------------------------------------------------
                                  0.62   slack (MET)


Startpoint: _5758_ (rising edge-triggered flip-flop clocked by core_clock)
Endpoint: _5758_ (rising edge-triggered flip-flop clocked by core_clock)
Path Group: core_clock
Path Type: min

Fanout     Cap    Slew   Delay    Time   Description
-----------------------------------------------------------------------------
                  0.00    0.00    0.00   clock core_clock (rise edge)
                          0.00    0.00   clock network delay (ideal)
                  0.00    0.00    0.00 ^ _5758_/CLK (sky130_fd_sc_hd__dfxtp_2)
     3    0.01    0.05    0.30    0.30 ^ _5758_/Q (sky130_fd_sc_hd__dfxtp_2)
                                         clk_div.counter[13] (net)
                  0.05    0.00    0.30 ^ _4731_/B1 (sky130_fd_sc_hd__a21o_2)
     1    0.00    0.02    0.08    0.38 ^ _4731_/X (sky130_fd_sc_hd__a21o_2)
                                         _2324_ (net)
                  0.02    0.00    0.38 ^ _4734_/B (sky130_fd_sc_hd__and3_2)
     1    0.00    0.04    0.15    0.53 ^ _4734_/X (sky130_fd_sc_hd__and3_2)
                                         _2327_ (net)
                  0.04    0.00    0.53 ^ _4735_/A (sky130_fd_sc_hd__buf_1)
     1    0.00    0.04    0.07    0.60 ^ _4735_/X (sky130_fd_sc_hd__buf_1)
                                         _0042_ (net)
                  0.04    0.00    0.60 ^ _5758_/D (sky130_fd_sc_hd__dfxtp_2)
                                  0.60   data arrival time

                  0.00    0.00    0.00   clock core_clock (rise edge)
                          0.00    0.00   clock network delay (ideal)
                          0.00    0.00   clock reconvergence pessimism
                                  0.00 ^ _5758_/CLK (sky130_fd_sc_hd__dfxtp_2)
                         -0.04   -0.04   library hold time
                                 -0.04   data required time
-----------------------------------------------------------------------------
                                 -0.04   data required time
                                 -0.60   data arrival time
-----------------------------------------------------------------------------
                                  0.64   slack (MET)


Startpoint: _5747_ (rising edge-triggered flip-flop clocked by core_clock)
Endpoint: _5747_ (rising edge-triggered flip-flop clocked by core_clock)
Path Group: core_clock
Path Type: min

Fanout     Cap    Slew   Delay    Time   Description
-----------------------------------------------------------------------------
                  0.00    0.00    0.00   clock core_clock (rise edge)
                          0.00    0.00   clock network delay (ideal)
                  0.00    0.00    0.00 ^ _5747_/CLK (sky130_fd_sc_hd__dfxtp_2)
     3    0.01    0.05    0.30    0.30 ^ _5747_/Q (sky130_fd_sc_hd__dfxtp_2)
                                         clk_div.counter[2] (net)
                  0.05    0.00    0.30 ^ _4702_/B1 (sky130_fd_sc_hd__a21o_2)
     1    0.00    0.02    0.07    0.38 ^ _4702_/X (sky130_fd_sc_hd__a21o_2)
                                         _2306_ (net)
                  0.02    0.00    0.38 ^ _4703_/C (sky130_fd_sc_hd__and3_2)
     1    0.00    0.04    0.16    0.53 ^ _4703_/X (sky130_fd_sc_hd__and3_2)
                                         _2307_ (net)
                  0.04    0.00    0.53 ^ _4704_/A (sky130_fd_sc_hd__buf_1)
     1    0.00    0.04    0.07    0.61 ^ _4704_/X (sky130_fd_sc_hd__buf_1)
                                         _0031_ (net)
                  0.04    0.00    0.61 ^ _5747_/D (sky130_fd_sc_hd__dfxtp_2)
                                  0.61   data arrival time

                  0.00    0.00    0.00   clock core_clock (rise edge)
                          0.00    0.00   clock network delay (ideal)
                          0.00    0.00   clock reconvergence pessimism
                                  0.00 ^ _5747_/CLK (sky130_fd_sc_hd__dfxtp_2)
                         -0.04   -0.04   library hold time
                                 -0.04   data required time
-----------------------------------------------------------------------------
                                 -0.04   data required time
                                 -0.61   data arrival time
-----------------------------------------------------------------------------
                                  0.64   slack (MET)


Startpoint: _5752_ (rising edge-triggered flip-flop clocked by core_clock)
Endpoint: _5752_ (rising edge-triggered flip-flop clocked by core_clock)
Path Group: core_clock
Path Type: min

Fanout     Cap    Slew   Delay    Time   Description
-----------------------------------------------------------------------------
                  0.00    0.00    0.00   clock core_clock (rise edge)
                          0.00    0.00   clock network delay (ideal)
                  0.00    0.00    0.00 ^ _5752_/CLK (sky130_fd_sc_hd__dfxtp_2)
     3    0.01    0.04    0.30    0.30 ^ _5752_/Q (sky130_fd_sc_hd__dfxtp_2)
                                         clk_div.counter[7] (net)
                  0.04    0.00    0.30 ^ _4716_/B1 (sky130_fd_sc_hd__a31o_2)
     1    0.00    0.03    0.08    0.38 ^ _4716_/X (sky130_fd_sc_hd__a31o_2)
                                         _2315_ (net)
                  0.03    0.00    0.38 ^ _4719_/B (sky130_fd_sc_hd__and3_2)
     1    0.00    0.04    0.15    0.54 ^ _4719_/X (sky130_fd_sc_hd__and3_2)
                                         _2318_ (net)
                  0.04    0.00    0.54 ^ _4720_/A (sky130_fd_sc_hd__buf_1)
     1    0.00    0.04    0.07    0.61 ^ _4720_/X (sky130_fd_sc_hd__buf_1)
                                         _0036_ (net)
                  0.04    0.00    0.61 ^ _5752_/D (sky130_fd_sc_hd__dfxtp_2)
                                  0.61   data arrival time

                  0.00    0.00    0.00   clock core_clock (rise edge)
                          0.00    0.00   clock network delay (ideal)
                          0.00    0.00   clock reconvergence pessimism
                                  0.00 ^ _5752_/CLK (sky130_fd_sc_hd__dfxtp_2)
                         -0.04   -0.04   library hold time
                                 -0.04   data required time
-----------------------------------------------------------------------------
                                 -0.04   data required time
                                 -0.61   data arrival time
-----------------------------------------------------------------------------
                                  0.64   slack (MET)


Startpoint: _5749_ (rising edge-triggered flip-flop clocked by core_clock)
Endpoint: _5749_ (rising edge-triggered flip-flop clocked by core_clock)
Path Group: core_clock
Path Type: min

Fanout     Cap    Slew   Delay    Time   Description
-----------------------------------------------------------------------------
                  0.00    0.00    0.00   clock core_clock (rise edge)
                          0.00    0.00   clock network delay (ideal)
                  0.00    0.00    0.00 ^ _5749_/CLK (sky130_fd_sc_hd__dfxtp_2)
     3    0.01    0.05    0.30    0.30 ^ _5749_/Q (sky130_fd_sc_hd__dfxtp_2)
                                         clk_div.counter[4] (net)
                  0.05    0.00    0.30 ^ _4708_/B1 (sky130_fd_sc_hd__a21o_2)
     1    0.00    0.02    0.07    0.38 ^ _4708_/X (sky130_fd_sc_hd__a21o_2)
                                         _2310_ (net)
                  0.02    0.00    0.38 ^ _4709_/C (sky130_fd_sc_hd__and3_2)
     1    0.00    0.04    0.16    0.53 ^ _4709_/X (sky130_fd_sc_hd__and3_2)
                                         _2311_ (net)
                  0.04    0.00    0.53 ^ _4710_/A (sky130_fd_sc_hd__buf_1)
     1    0.00    0.04    0.07    0.61 ^ _4710_/X (sky130_fd_sc_hd__buf_1)
                                         _0033_ (net)
                  0.04    0.00    0.61 ^ _5749_/D (sky130_fd_sc_hd__dfxtp_2)
                                  0.61   data arrival time

                  0.00    0.00    0.00   clock core_clock (rise edge)
                          0.00    0.00   clock network delay (ideal)
                          0.00    0.00   clock reconvergence pessimism
                                  0.00 ^ _5749_/CLK (sky130_fd_sc_hd__dfxtp_2)
                         -0.04   -0.04   library hold time
                                 -0.04   data required time
-----------------------------------------------------------------------------
                                 -0.04   data required time
                                 -0.61   data arrival time
-----------------------------------------------------------------------------
                                  0.64   slack (MET)


Startpoint: _5754_ (rising edge-triggered flip-flop clocked by core_clock)
Endpoint: _5865_ (rising edge-triggered flip-flop clocked by core_clock)
Path Group: core_clock
Path Type: min

Fanout     Cap    Slew   Delay    Time   Description
-----------------------------------------------------------------------------
                  0.00    0.00    0.00   clock core_clock (rise edge)
                          0.00    0.00   clock network delay (ideal)
                  0.00    0.00    0.00 ^ _5754_/CLK (sky130_fd_sc_hd__dfxtp_2)
     3    0.01    0.05    0.31    0.31 ^ _5754_/Q (sky130_fd_sc_hd__dfxtp_2)
                                         clk_div.counter[9] (net)
                  0.05    0.00    0.31 ^ _4695_/A (sky130_fd_sc_hd__or4bb_2)
     1    0.00    0.02    0.10    0.41 ^ _4695_/X (sky130_fd_sc_hd__or4bb_2)
                                         _2301_ (net)
                  0.02    0.00    0.41 ^ _4696_/D (sky130_fd_sc_hd__or4_2)
     8    0.03    0.13    0.17    0.58 ^ _4696_/X (sky130_fd_sc_hd__or4_2)
                                         _2302_ (net)
                  0.13    0.00    0.58 ^ _4874_/B (sky130_fd_sc_hd__xnor2_2)
     1    0.00    0.03    0.06    0.64 v _4874_/Y (sky130_fd_sc_hd__xnor2_2)
                                         _0108_ (net)
                  0.03    0.00    0.64 v _5865_/D (sky130_fd_sc_hd__dfxtp_2)
                                  0.64   data arrival time

                  0.00    0.00    0.00   clock core_clock (rise edge)
                          0.00    0.00   clock network delay (ideal)
                          0.00    0.00   clock reconvergence pessimism
                                  0.00 ^ _5865_/CLK (sky130_fd_sc_hd__dfxtp_2)
                         -0.05   -0.05   library hold time
                                 -0.05   data required time
-----------------------------------------------------------------------------
                                 -0.05   data required time
                                 -0.64   data arrival time
-----------------------------------------------------------------------------
                                  0.70   slack (MET)



worst slack corner Typical: 0.4290
