
 /----------------------------------------------------------------------------\
 |                                                                            |
 |  yosys -- Yosys Open SYnthesis Suite                                       |
 |                                                                            |
 |  Copyright (C) 2012 - 2020  Claire Xenia Wolf <claire@yosyshq.com>         |
 |                                                                            |
 |  Permission to use, copy, modify, and/or distribute this software for any  |
 |  purpose with or without fee is hereby granted, provided that the above    |
 |  copyright notice and this permission notice appear in all copies.         |
 |                                                                            |
 |  THE SOFTWARE IS PROVIDED "AS IS" AND THE AUTHOR DISCLAIMS ALL WARRANTIES  |
 |  WITH REGARD TO THIS SOFTWARE INCLUDING ALL IMPLIED WARRANTIES OF          |
 |  MERCHANTABILITY AND FITNESS. IN NO EVENT SHALL THE AUTHOR BE LIABLE FOR   |
 |  ANY SPECIAL, DIRECT, INDIRECT, OR CONSEQUENTIAL DAMAGES OR ANY DAMAGES    |
 |  WHATSOEVER RESULTING FROM LOSS OF USE, DATA OR PROFITS, WHETHER IN AN     |
 |  ACTION OF CONTRACT, NEGLIGENCE OR OTHER TORTIOUS ACTION, ARISING OUT OF   |
 |  OR IN CONNECTION WITH THE USE OR PERFORMANCE OF THIS SOFTWARE.            |
 |                                                                            |
 \----------------------------------------------------------------------------/

 Yosys 0.38 (git sha1 543faed9c8c, clang++ 17.0.6 -fPIC -Os)

[TCL: yosys -import] Command name collision: found pre-existing command `cd' -> skip.
[TCL: yosys -import] Command name collision: found pre-existing command `eval' -> skip.
[TCL: yosys -import] Command name collision: found pre-existing command `exec' -> skip.
[TCL: yosys -import] Command name collision: found pre-existing command `read' -> skip.
[TCL: yosys -import] Command name collision: found pre-existing command `trace' -> skip.

1. Executing Liberty frontend: /root/.volare/sky130A/libs.ref/sky130_fd_sc_hd/lib/sky130_fd_sc_hd__tt_025C_1v80.lib
Imported 428 cell types from liberty file.

2. Executing Verilog-2005 frontend: /openlane/designs/full_cpu/src/Control_Unit.v
Parsing SystemVerilog input from `/openlane/designs/full_cpu/src/Control_Unit.v' to AST representation.
Storing AST representation for module `$abstract\Control_Unit'.
Successfully finished Verilog frontend.

3. Executing Verilog-2005 frontend: /openlane/designs/full_cpu/src/Seven_Segment_Converter.v
Parsing SystemVerilog input from `/openlane/designs/full_cpu/src/Seven_Segment_Converter.v' to AST representation.
Storing AST representation for module `$abstract\Seven_Segment_Converter'.
Successfully finished Verilog frontend.

4. Executing Verilog-2005 frontend: /openlane/designs/full_cpu/src/Instruction_Decoder.v
Parsing SystemVerilog input from `/openlane/designs/full_cpu/src/Instruction_Decoder.v' to AST representation.
Storing AST representation for module `$abstract\Instruction_Decoder'.
Successfully finished Verilog frontend.

5. Executing Verilog-2005 frontend: /openlane/designs/full_cpu/src/Register_File.v
Parsing SystemVerilog input from `/openlane/designs/full_cpu/src/Register_File.v' to AST representation.
Storing AST representation for module `$abstract\Register_File'.
Successfully finished Verilog frontend.

6. Executing Verilog-2005 frontend: /openlane/designs/full_cpu/src/Instruction_Memory.v
Parsing SystemVerilog input from `/openlane/designs/full_cpu/src/Instruction_Memory.v' to AST representation.
Storing AST representation for module `$abstract\Instruction_Memory'.
Successfully finished Verilog frontend.

7. Executing Verilog-2005 frontend: /openlane/designs/full_cpu/src/Clock_Divider.v
Parsing SystemVerilog input from `/openlane/designs/full_cpu/src/Clock_Divider.v' to AST representation.
Storing AST representation for module `$abstract\Clock_Divider'.
Successfully finished Verilog frontend.

8. Executing Verilog-2005 frontend: /openlane/designs/full_cpu/src/ALU.v
Parsing SystemVerilog input from `/openlane/designs/full_cpu/src/ALU.v' to AST representation.
Storing AST representation for module `$abstract\ALU'.
Successfully finished Verilog frontend.

9. Executing Verilog-2005 frontend: /openlane/designs/full_cpu/src/Main.v
Parsing SystemVerilog input from `/openlane/designs/full_cpu/src/Main.v' to AST representation.
Storing AST representation for module `$abstract\Main'.
Successfully finished Verilog frontend.

10. Executing HIERARCHY pass (managing design hierarchy).

11. Executing AST frontend in derive mode using pre-parsed AST for module `\Main'.
Generating RTLIL representation for module `\Main'.

11.1. Analyzing design hierarchy..
Top module:  \Main

11.2. Executing AST frontend in derive mode using pre-parsed AST for module `\Seven_Segment_Converter'.
Generating RTLIL representation for module `\Seven_Segment_Converter'.

11.3. Executing AST frontend in derive mode using pre-parsed AST for module `\Clock_Divider'.
Generating RTLIL representation for module `\Clock_Divider'.

11.4. Executing AST frontend in derive mode using pre-parsed AST for module `\Register_File'.
Generating RTLIL representation for module `\Register_File'.

11.5. Executing AST frontend in derive mode using pre-parsed AST for module `\ALU'.
Generating RTLIL representation for module `\ALU'.

11.6. Executing AST frontend in derive mode using pre-parsed AST for module `\Control_Unit'.
Generating RTLIL representation for module `\Control_Unit'.

11.7. Executing AST frontend in derive mode using pre-parsed AST for module `\Instruction_Decoder'.
Generating RTLIL representation for module `\Instruction_Decoder'.

11.8. Executing AST frontend in derive mode using pre-parsed AST for module `\Instruction_Memory'.
Generating RTLIL representation for module `\Instruction_Memory'.

11.9. Analyzing design hierarchy..
Top module:  \Main
Used module:     \Seven_Segment_Converter
Used module:     \Clock_Divider
Used module:     \Register_File
Used module:     \ALU
Used module:     \Control_Unit
Used module:     \Instruction_Decoder
Used module:     \Instruction_Memory

11.10. Analyzing design hierarchy..
Top module:  \Main
Used module:     \Seven_Segment_Converter
Used module:     \Clock_Divider
Used module:     \Register_File
Used module:     \ALU
Used module:     \Control_Unit
Used module:     \Instruction_Decoder
Used module:     \Instruction_Memory
Removing unused module `$abstract\Main'.
Removing unused module `$abstract\ALU'.
Removing unused module `$abstract\Clock_Divider'.
Removing unused module `$abstract\Instruction_Memory'.
Removing unused module `$abstract\Register_File'.
Removing unused module `$abstract\Instruction_Decoder'.
Removing unused module `$abstract\Seven_Segment_Converter'.
Removing unused module `$abstract\Control_Unit'.
Removed 8 unused modules.

12. Generating Graphviz representation of design.
Writing dot description to `/openlane/designs/full_cpu/runs/RUN_2025.06.16_16.44.08/tmp/synthesis/hierarchy.dot'.
Dumping module Main to page 1.
Renaming module Main to Main.

13. Executing TRIBUF pass.

14. Executing HIERARCHY pass (managing design hierarchy).

14.1. Analyzing design hierarchy..
Top module:  \Main
Used module:     \Seven_Segment_Converter
Used module:     \Clock_Divider
Used module:     \Register_File
Used module:     \ALU
Used module:     \Control_Unit
Used module:     \Instruction_Decoder
Used module:     \Instruction_Memory

14.2. Analyzing design hierarchy..
Top module:  \Main
Used module:     \Seven_Segment_Converter
Used module:     \Clock_Divider
Used module:     \Register_File
Used module:     \ALU
Used module:     \Control_Unit
Used module:     \Instruction_Decoder
Used module:     \Instruction_Memory
Removed 0 unused modules.

15. Executing PROC_CLEAN pass (remove empty switches from decision trees).
Removing empty process `Instruction_Memory.$proc$/openlane/designs/full_cpu/src/Instruction_Memory.v:0$67'.
Cleaned up 0 empty switches.

16. Executing PROC_RMDEAD pass (remove dead branches from decision trees).
Marked 2 switch rules as full_case in process $proc$/openlane/designs/full_cpu/src/Main.v:37$1 in module Main.
Marked 5 switch rules as full_case in process $proc$/openlane/designs/full_cpu/src/Control_Unit.v:19$59 in module Control_Unit.
Marked 1 switch rules as full_case in process $proc$/openlane/designs/full_cpu/src/ALU.v:10$50 in module ALU.
Marked 2 switch rules as full_case in process $proc$/openlane/designs/full_cpu/src/Register_File.v:13$36 in module Register_File.
Marked 1 switch rules as full_case in process $proc$/openlane/designs/full_cpu/src/Clock_Divider.v:11$27 in module Clock_Divider.
Removed 1 dead cases from process $proc$/openlane/designs/full_cpu/src/Seven_Segment_Converter.v:31$8 in module Seven_Segment_Converter.
Marked 2 switch rules as full_case in process $proc$/openlane/designs/full_cpu/src/Seven_Segment_Converter.v:31$8 in module Seven_Segment_Converter.
Removed a total of 1 dead cases.

17. Executing PROC_PRUNE pass (remove redundant assignments in processes).
Removed 1 redundant assignment.
Promoted 23 assignments to connections.

18. Executing PROC_INIT pass (extract init attributes).
Found init rule in `\Main.$proc$/openlane/designs/full_cpu/src/Main.v:0$7'.
  Set init value: \PC = 13'0000000000000
Found init rule in `\Control_Unit.$proc$/openlane/designs/full_cpu/src/Control_Unit.v:0$64'.
  Set init value: \RegWrite = 1'0
  Set init value: \PCWrite = 1'0
Found init rule in `\ALU.$proc$/openlane/designs/full_cpu/src/ALU.v:0$57'.
  Set init value: \ALUResult = 0
Found init rule in `\Clock_Divider.$proc$/openlane/designs/full_cpu/src/Clock_Divider.v:0$31'.
  Set init value: \slow_clk = 1'0
  Set init value: \counter = 18'000000000000000000
Found init rule in `\Seven_Segment_Converter.$proc$/openlane/designs/full_cpu/src/Seven_Segment_Converter.v:0$26'.
  Set init value: \digit_counter = 4'0000

19. Executing PROC_ARST pass (detect async resets in processes).
Found async reset \rst in `\Main.$proc$/openlane/designs/full_cpu/src/Main.v:37$1'.

20. Executing PROC_ROM pass (convert switches to ROMs).
Converted 1 switch.
<suppressed ~11 debug messages>

21. Executing PROC_MUX pass (convert decision trees to multiplexers).
Creating decoders for process `\Main.$proc$/openlane/designs/full_cpu/src/Main.v:0$7'.
Creating decoders for process `\Main.$proc$/openlane/designs/full_cpu/src/Main.v:37$1'.
     1/1: $0\PC[12:0]
Creating decoders for process `\Control_Unit.$proc$/openlane/designs/full_cpu/src/Control_Unit.v:0$64'.
Creating decoders for process `\Control_Unit.$proc$/openlane/designs/full_cpu/src/Control_Unit.v:19$59'.
     1/7: $1\RegWrite[0:0]
     2/7: $2\PCWrite[0:0]
     3/7: $4\ALUControl[2:0]
     4/7: $3\ALUControl[2:0]
     5/7: $2\ALUControl[2:0]
     6/7: $1\ALUControl[2:0]
     7/7: $1\PCWrite[0:0]
Creating decoders for process `\ALU.$proc$/openlane/designs/full_cpu/src/ALU.v:0$57'.
Creating decoders for process `\ALU.$proc$/openlane/designs/full_cpu/src/ALU.v:10$50'.
     1/2: $1\ZERO[0:0]
     2/2: $1\ALUResult[31:0]
Creating decoders for process `\Register_File.$proc$/openlane/designs/full_cpu/src/Register_File.v:0$48'.
Creating decoders for process `\Register_File.$proc$/openlane/designs/full_cpu/src/Register_File.v:13$36'.
     1/6: $2$memwr$\memory$/openlane/designs/full_cpu/src/Register_File.v:15$33_EN[31:0]$46
     2/6: $2$memwr$\memory$/openlane/designs/full_cpu/src/Register_File.v:15$33_DATA[31:0]$45
     3/6: $2$memwr$\memory$/openlane/designs/full_cpu/src/Register_File.v:15$33_ADDR[4:0]$44
     4/6: $1$memwr$\memory$/openlane/designs/full_cpu/src/Register_File.v:15$33_EN[31:0]$42
     5/6: $1$memwr$\memory$/openlane/designs/full_cpu/src/Register_File.v:15$33_DATA[31:0]$41
     6/6: $1$memwr$\memory$/openlane/designs/full_cpu/src/Register_File.v:15$33_ADDR[4:0]$40
Creating decoders for process `\Clock_Divider.$proc$/openlane/designs/full_cpu/src/Clock_Divider.v:0$31'.
Creating decoders for process `\Clock_Divider.$proc$/openlane/designs/full_cpu/src/Clock_Divider.v:11$27'.
     1/2: $1\counter[17:0]
     2/2: $1\slow_clk[0:0]
Creating decoders for process `\Seven_Segment_Converter.$proc$/openlane/designs/full_cpu/src/Seven_Segment_Converter.v:0$26'.
Creating decoders for process `\Seven_Segment_Converter.$proc$/openlane/designs/full_cpu/src/Seven_Segment_Converter.v:31$8'.
     1/4: $1\cx[7:0]
     2/4: $1\temp[31:0]
     3/4: $1\current_digit[3:0]
     4/4: $1\an[7:0]

22. Executing PROC_DLATCH pass (convert process syncs to latches).
Latch inferred for signal `\ALU.\ZERO' from process `\ALU.$proc$/openlane/designs/full_cpu/src/ALU.v:10$50': $auto$proc_dlatch.cc:427:proc_dlatch$196
Latch inferred for signal `\ALU.\ALUResult' from process `\ALU.$proc$/openlane/designs/full_cpu/src/ALU.v:10$50': $auto$proc_dlatch.cc:427:proc_dlatch$207
No latch inferred for signal `\Register_File.$memwr$\memory$/openlane/designs/full_cpu/src/Register_File.v:12$32_EN' from process `\Register_File.$proc$/openlane/designs/full_cpu/src/Register_File.v:0$48'.

23. Executing PROC_DFF pass (convert process syncs to FFs).
Creating register for signal `\Main.\PC' using process `\Main.$proc$/openlane/designs/full_cpu/src/Main.v:37$1'.
  created $adff cell `$procdff$236' with positive edge clock and positive level reset.
Creating register for signal `\Control_Unit.\ALUControl' using process `\Control_Unit.$proc$/openlane/designs/full_cpu/src/Control_Unit.v:19$59'.
  created $dff cell `$procdff$237' with positive edge clock.
Creating register for signal `\Control_Unit.\RegWrite' using process `\Control_Unit.$proc$/openlane/designs/full_cpu/src/Control_Unit.v:19$59'.
  created $dff cell `$procdff$238' with positive edge clock.
Creating register for signal `\Control_Unit.\PCWrite' using process `\Control_Unit.$proc$/openlane/designs/full_cpu/src/Control_Unit.v:19$59'.
  created $dff cell `$procdff$239' with positive edge clock.
Creating register for signal `\Register_File.$memwr$\memory$/openlane/designs/full_cpu/src/Register_File.v:15$33_ADDR' using process `\Register_File.$proc$/openlane/designs/full_cpu/src/Register_File.v:13$36'.
  created $dff cell `$procdff$240' with positive edge clock.
Creating register for signal `\Register_File.$memwr$\memory$/openlane/designs/full_cpu/src/Register_File.v:15$33_DATA' using process `\Register_File.$proc$/openlane/designs/full_cpu/src/Register_File.v:13$36'.
  created $dff cell `$procdff$241' with positive edge clock.
Creating register for signal `\Register_File.$memwr$\memory$/openlane/designs/full_cpu/src/Register_File.v:15$33_EN' using process `\Register_File.$proc$/openlane/designs/full_cpu/src/Register_File.v:13$36'.
  created $dff cell `$procdff$242' with positive edge clock.
Creating register for signal `\Clock_Divider.\slow_clk' using process `\Clock_Divider.$proc$/openlane/designs/full_cpu/src/Clock_Divider.v:11$27'.
  created $dff cell `$procdff$243' with positive edge clock.
Creating register for signal `\Clock_Divider.\counter' using process `\Clock_Divider.$proc$/openlane/designs/full_cpu/src/Clock_Divider.v:11$27'.
  created $dff cell `$procdff$244' with positive edge clock.
Creating register for signal `\Seven_Segment_Converter.\an' using process `\Seven_Segment_Converter.$proc$/openlane/designs/full_cpu/src/Seven_Segment_Converter.v:31$8'.
  created $dff cell `$procdff$245' with positive edge clock.
Creating register for signal `\Seven_Segment_Converter.\cx' using process `\Seven_Segment_Converter.$proc$/openlane/designs/full_cpu/src/Seven_Segment_Converter.v:31$8'.
  created $dff cell `$procdff$246' with positive edge clock.
Creating register for signal `\Seven_Segment_Converter.\temp' using process `\Seven_Segment_Converter.$proc$/openlane/designs/full_cpu/src/Seven_Segment_Converter.v:31$8'.
  created $dff cell `$procdff$247' with positive edge clock.
Creating register for signal `\Seven_Segment_Converter.\digit_counter' using process `\Seven_Segment_Converter.$proc$/openlane/designs/full_cpu/src/Seven_Segment_Converter.v:31$8'.
  created $dff cell `$procdff$248' with positive edge clock.
Creating register for signal `\Seven_Segment_Converter.\current_digit' using process `\Seven_Segment_Converter.$proc$/openlane/designs/full_cpu/src/Seven_Segment_Converter.v:31$8'.
  created $dff cell `$procdff$249' with positive edge clock.

24. Executing PROC_MEMWR pass (convert process memory writes to cells).

25. Executing PROC_CLEAN pass (remove empty switches from decision trees).
Removing empty process `Main.$proc$/openlane/designs/full_cpu/src/Main.v:0$7'.
Found and cleaned up 1 empty switch in `\Main.$proc$/openlane/designs/full_cpu/src/Main.v:37$1'.
Removing empty process `Main.$proc$/openlane/designs/full_cpu/src/Main.v:37$1'.
Removing empty process `Control_Unit.$proc$/openlane/designs/full_cpu/src/Control_Unit.v:0$64'.
Found and cleaned up 5 empty switches in `\Control_Unit.$proc$/openlane/designs/full_cpu/src/Control_Unit.v:19$59'.
Removing empty process `Control_Unit.$proc$/openlane/designs/full_cpu/src/Control_Unit.v:19$59'.
Removing empty process `ALU.$proc$/openlane/designs/full_cpu/src/ALU.v:0$57'.
Found and cleaned up 1 empty switch in `\ALU.$proc$/openlane/designs/full_cpu/src/ALU.v:10$50'.
Removing empty process `ALU.$proc$/openlane/designs/full_cpu/src/ALU.v:10$50'.
Removing empty process `Register_File.$proc$/openlane/designs/full_cpu/src/Register_File.v:0$48'.
Found and cleaned up 2 empty switches in `\Register_File.$proc$/openlane/designs/full_cpu/src/Register_File.v:13$36'.
Removing empty process `Register_File.$proc$/openlane/designs/full_cpu/src/Register_File.v:13$36'.
Removing empty process `Clock_Divider.$proc$/openlane/designs/full_cpu/src/Clock_Divider.v:0$31'.
Found and cleaned up 1 empty switch in `\Clock_Divider.$proc$/openlane/designs/full_cpu/src/Clock_Divider.v:11$27'.
Removing empty process `Clock_Divider.$proc$/openlane/designs/full_cpu/src/Clock_Divider.v:11$27'.
Removing empty process `Seven_Segment_Converter.$proc$/openlane/designs/full_cpu/src/Seven_Segment_Converter.v:0$26'.
Found and cleaned up 2 empty switches in `\Seven_Segment_Converter.$proc$/openlane/designs/full_cpu/src/Seven_Segment_Converter.v:31$8'.
Removing empty process `Seven_Segment_Converter.$proc$/openlane/designs/full_cpu/src/Seven_Segment_Converter.v:31$8'.
Cleaned up 12 empty switches.

26. Executing CHECK pass (checking for obvious problems).
Checking module Main...
Checking module Instruction_Decoder...
Checking module Control_Unit...
Checking module ALU...
Checking module Register_File...
Checking module Clock_Divider...
Checking module Seven_Segment_Converter...
Checking module Instruction_Memory...
Found and reported 0 problems.

27. Executing OPT_EXPR pass (perform const folding).
Optimizing module Main.
Optimizing module Instruction_Decoder.
Optimizing module Control_Unit.
<suppressed ~4 debug messages>
Optimizing module ALU.
<suppressed ~14 debug messages>
Optimizing module Register_File.
<suppressed ~1 debug messages>
Optimizing module Clock_Divider.
Optimizing module Seven_Segment_Converter.
<suppressed ~3 debug messages>
Optimizing module Instruction_Memory.

28. Executing FLATTEN pass (flatten design).
Deleting now unused module Instruction_Decoder.
Deleting now unused module Control_Unit.
Deleting now unused module ALU.
Deleting now unused module Register_File.
Deleting now unused module Clock_Divider.
Deleting now unused module Seven_Segment_Converter.
Deleting now unused module Instruction_Memory.
<suppressed ~7 debug messages>

29. Executing OPT_EXPR pass (perform const folding).
Optimizing module Main.
<suppressed ~1 debug messages>

30. Executing OPT_CLEAN pass (remove unused cells and wires).
Finding unused cells or wires in module \Main..
Removed 5 unused cells and 81 unused wires.
<suppressed ~7 debug messages>

31. Executing OPT pass (performing simple optimizations).

31.1. Executing OPT_EXPR pass (perform const folding).
Optimizing module Main.

31.2. Executing OPT_MERGE pass (detect identical cells).
Finding identical cells in module `\Main'.
<suppressed ~123 debug messages>
Removed a total of 41 cells.

31.3. Executing OPT_MUXTREE pass (detect dead branches in mux trees).
Running muxtree optimizer on module \Main..
  Creating internal representation of mux trees.
  Evaluating internal representation of mux trees.
  Analyzing evaluation results.
    dead port 2/2 on $mux $flatten\ctrl_unit.$procmux$109.
    dead port 2/2 on $mux $flatten\ctrl_unit.$procmux$83.
    dead port 2/2 on $mux $flatten\ctrl_unit.$procmux$90.
    dead port 2/2 on $mux $flatten\ctrl_unit.$procmux$98.
    dead port 2/2 on $mux $flatten\reg_file.$procmux$136.
    dead port 2/2 on $mux $flatten\reg_file.$procmux$142.
    dead port 2/2 on $mux $flatten\reg_file.$procmux$148.
Removed 7 multiplexer ports.
<suppressed ~13 debug messages>

31.4. Executing OPT_REDUCE pass (consolidate $*mux and $reduce_* inputs).
  Optimizing cells in module \Main.
    Consolidated identical input bits for $mux cell $flatten\reg_file.$procmux$134:
      Old ports: A=0, B=32'11111111111111111111111111111111, Y=$flatten\reg_file.$procmux$134_Y
      New ports: A=1'0, B=1'1, Y=$flatten\reg_file.$procmux$134_Y [0]
      New connections: $flatten\reg_file.$procmux$134_Y [31:1] = { $flatten\reg_file.$procmux$134_Y [0] $flatten\reg_file.$procmux$134_Y [0] $flatten\reg_file.$procmux$134_Y [0] $flatten\reg_file.$procmux$134_Y [0] $flatten\reg_file.$procmux$134_Y [0] $flatten\reg_file.$procmux$134_Y [0] $flatten\reg_file.$procmux$134_Y [0] $flatten\reg_file.$procmux$134_Y [0] $flatten\reg_file.$procmux$134_Y [0] $flatten\reg_file.$procmux$134_Y [0] $flatten\reg_file.$procmux$134_Y [0] $flatten\reg_file.$procmux$134_Y [0] $flatten\reg_file.$procmux$134_Y [0] $flatten\reg_file.$procmux$134_Y [0] $flatten\reg_file.$procmux$134_Y [0] $flatten\reg_file.$procmux$134_Y [0] $flatten\reg_file.$procmux$134_Y [0] $flatten\reg_file.$procmux$134_Y [0] $flatten\reg_file.$procmux$134_Y [0] $flatten\reg_file.$procmux$134_Y [0] $flatten\reg_file.$procmux$134_Y [0] $flatten\reg_file.$procmux$134_Y [0] $flatten\reg_file.$procmux$134_Y [0] $flatten\reg_file.$procmux$134_Y [0] $flatten\reg_file.$procmux$134_Y [0] $flatten\reg_file.$procmux$134_Y [0] $flatten\reg_file.$procmux$134_Y [0] $flatten\reg_file.$procmux$134_Y [0] $flatten\reg_file.$procmux$134_Y [0] $flatten\reg_file.$procmux$134_Y [0] $flatten\reg_file.$procmux$134_Y [0] }
    New ctrl vector for $pmux cell $flatten\alu.$procmux$127: { $flatten\alu.$procmux$130_CMP $flatten\alu.$procmux$129_CMP $flatten\alu.$procmux$128_CMP }
    New ctrl vector for $pmux cell $flatten\seven_seg_conv.$procmux$167: { $flatten\seven_seg_conv.$procmux$175_CMP $auto$opt_reduce.cc:134:opt_pmux$252 }
    New ctrl vector for $pmux cell $flatten\seven_seg_conv.$procmux$177: { $flatten\seven_seg_conv.$procmux$175_CMP $auto$opt_reduce.cc:134:opt_pmux$254 }
  Optimizing cells in module \Main.
    Consolidated identical input bits for $mux cell $flatten\reg_file.$procmux$151:
      Old ports: A=0, B=$flatten\reg_file.$2$memwr$\memory$/openlane/designs/full_cpu/src/Register_File.v:15$33_EN[31:0]$46, Y=$flatten\reg_file.$0$memwr$\memory$/openlane/designs/full_cpu/src/Register_File.v:15$33_EN[31:0]$39
      New ports: A=1'0, B=$flatten\reg_file.$procmux$134_Y [0], Y=$flatten\reg_file.$0$memwr$\memory$/openlane/designs/full_cpu/src/Register_File.v:15$33_EN[31:0]$39 [0]
      New connections: $flatten\reg_file.$0$memwr$\memory$/openlane/designs/full_cpu/src/Register_File.v:15$33_EN[31:0]$39 [31:1] = { $flatten\reg_file.$0$memwr$\memory$/openlane/designs/full_cpu/src/Register_File.v:15$33_EN[31:0]$39 [0] $flatten\reg_file.$0$memwr$\memory$/openlane/designs/full_cpu/src/Register_File.v:15$33_EN[31:0]$39 [0] $flatten\reg_file.$0$memwr$\memory$/openlane/designs/full_cpu/src/Register_File.v:15$33_EN[31:0]$39 [0] $flatten\reg_file.$0$memwr$\memory$/openlane/designs/full_cpu/src/Register_File.v:15$33_EN[31:0]$39 [0] $flatten\reg_file.$0$memwr$\memory$/openlane/designs/full_cpu/src/Register_File.v:15$33_EN[31:0]$39 [0] $flatten\reg_file.$0$memwr$\memory$/openlane/designs/full_cpu/src/Register_File.v:15$33_EN[31:0]$39 [0] $flatten\reg_file.$0$memwr$\memory$/openlane/designs/full_cpu/src/Register_File.v:15$33_EN[31:0]$39 [0] $flatten\reg_file.$0$memwr$\memory$/openlane/designs/full_cpu/src/Register_File.v:15$33_EN[31:0]$39 [0] $flatten\reg_file.$0$memwr$\memory$/openlane/designs/full_cpu/src/Register_File.v:15$33_EN[31:0]$39 [0] $flatten\reg_file.$0$memwr$\memory$/openlane/designs/full_cpu/src/Register_File.v:15$33_EN[31:0]$39 [0] $flatten\reg_file.$0$memwr$\memory$/openlane/designs/full_cpu/src/Register_File.v:15$33_EN[31:0]$39 [0] $flatten\reg_file.$0$memwr$\memory$/openlane/designs/full_cpu/src/Register_File.v:15$33_EN[31:0]$39 [0] $flatten\reg_file.$0$memwr$\memory$/openlane/designs/full_cpu/src/Register_File.v:15$33_EN[31:0]$39 [0] $flatten\reg_file.$0$memwr$\memory$/openlane/designs/full_cpu/src/Register_File.v:15$33_EN[31:0]$39 [0] $flatten\reg_file.$0$memwr$\memory$/openlane/designs/full_cpu/src/Register_File.v:15$33_EN[31:0]$39 [0] $flatten\reg_file.$0$memwr$\memory$/openlane/designs/full_cpu/src/Register_File.v:15$33_EN[31:0]$39 [0] $flatten\reg_file.$0$memwr$\memory$/openlane/designs/full_cpu/src/Register_File.v:15$33_EN[31:0]$39 [0] $flatten\reg_file.$0$memwr$\memory$/openlane/designs/full_cpu/src/Register_File.v:15$33_EN[31:0]$39 [0] $flatten\reg_file.$0$memwr$\memory$/openlane/designs/full_cpu/src/Register_File.v:15$33_EN[31:0]$39 [0] $flatten\reg_file.$0$memwr$\memory$/openlane/designs/full_cpu/src/Register_File.v:15$33_EN[31:0]$39 [0] $flatten\reg_file.$0$memwr$\memory$/openlane/designs/full_cpu/src/Register_File.v:15$33_EN[31:0]$39 [0] $flatten\reg_file.$0$memwr$\memory$/openlane/designs/full_cpu/src/Register_File.v:15$33_EN[31:0]$39 [0] $flatten\reg_file.$0$memwr$\memory$/openlane/designs/full_cpu/src/Register_File.v:15$33_EN[31:0]$39 [0] $flatten\reg_file.$0$memwr$\memory$/openlane/designs/full_cpu/src/Register_File.v:15$33_EN[31:0]$39 [0] $flatten\reg_file.$0$memwr$\memory$/openlane/designs/full_cpu/src/Register_File.v:15$33_EN[31:0]$39 [0] $flatten\reg_file.$0$memwr$\memory$/openlane/designs/full_cpu/src/Register_File.v:15$33_EN[31:0]$39 [0] $flatten\reg_file.$0$memwr$\memory$/openlane/designs/full_cpu/src/Register_File.v:15$33_EN[31:0]$39 [0] $flatten\reg_file.$0$memwr$\memory$/openlane/designs/full_cpu/src/Register_File.v:15$33_EN[31:0]$39 [0] $flatten\reg_file.$0$memwr$\memory$/openlane/designs/full_cpu/src/Register_File.v:15$33_EN[31:0]$39 [0] $flatten\reg_file.$0$memwr$\memory$/openlane/designs/full_cpu/src/Register_File.v:15$33_EN[31:0]$39 [0] $flatten\reg_file.$0$memwr$\memory$/openlane/designs/full_cpu/src/Register_File.v:15$33_EN[31:0]$39 [0] }
  Optimizing cells in module \Main.
Performed a total of 5 changes.

31.5. Executing OPT_MERGE pass (detect identical cells).
Finding identical cells in module `\Main'.
<suppressed ~3 debug messages>
Removed a total of 1 cells.

31.6. Executing OPT_DFF pass (perform DFF optimizations).

31.7. Executing OPT_CLEAN pass (remove unused cells and wires).
Finding unused cells or wires in module \Main..
Removed 0 unused cells and 49 unused wires.
<suppressed ~1 debug messages>

31.8. Executing OPT_EXPR pass (perform const folding).
Optimizing module Main.

31.9. Rerunning OPT passes. (Maybe there is more to do..)

31.10. Executing OPT_MUXTREE pass (detect dead branches in mux trees).
Running muxtree optimizer on module \Main..
  Creating internal representation of mux trees.
  Evaluating internal representation of mux trees.
  Analyzing evaluation results.
Removed 0 multiplexer ports.
<suppressed ~13 debug messages>

31.11. Executing OPT_REDUCE pass (consolidate $*mux and $reduce_* inputs).
  Optimizing cells in module \Main.
Performed a total of 0 changes.

31.12. Executing OPT_MERGE pass (detect identical cells).
Finding identical cells in module `\Main'.
Removed a total of 0 cells.

31.13. Executing OPT_DFF pass (perform DFF optimizations).

31.14. Executing OPT_CLEAN pass (remove unused cells and wires).
Finding unused cells or wires in module \Main..

31.15. Executing OPT_EXPR pass (perform const folding).
Optimizing module Main.

31.16. Finished OPT passes. (There is nothing left to do.)

32. Executing FSM pass (extract and optimize FSM).

32.1. Executing FSM_DETECT pass (finding FSMs in design).
Not marking Main.ctrl_unit.ALUControl as FSM state register:
    Users of register don't seem to benefit from recoding.
Not marking Main.seven_seg_conv.an as FSM state register:
    Register is connected to module port.
    Users of register don't seem to benefit from recoding.

32.2. Executing FSM_EXTRACT pass (extracting FSM from design).

32.3. Executing FSM_OPT pass (simple optimizations of FSMs).

32.4. Executing OPT_CLEAN pass (remove unused cells and wires).
Finding unused cells or wires in module \Main..

32.5. Executing FSM_OPT pass (simple optimizations of FSMs).

32.6. Executing FSM_RECODE pass (re-assigning FSM state encoding).

32.7. Executing FSM_INFO pass (dumping all available information on FSM cells).

32.8. Executing FSM_MAP pass (mapping FSMs to basic logic).

33. Executing OPT pass (performing simple optimizations).

33.1. Executing OPT_EXPR pass (perform const folding).
Optimizing module Main.

33.2. Executing OPT_MERGE pass (detect identical cells).
Finding identical cells in module `\Main'.
Removed a total of 0 cells.

33.3. Executing OPT_MUXTREE pass (detect dead branches in mux trees).
Running muxtree optimizer on module \Main..
  Creating internal representation of mux trees.
  Evaluating internal representation of mux trees.
  Analyzing evaluation results.
Removed 0 multiplexer ports.
<suppressed ~13 debug messages>

33.4. Executing OPT_REDUCE pass (consolidate $*mux and $reduce_* inputs).
  Optimizing cells in module \Main.
Performed a total of 0 changes.

33.5. Executing OPT_MERGE pass (detect identical cells).
Finding identical cells in module `\Main'.
Removed a total of 0 cells.

33.6. Executing OPT_DFF pass (perform DFF optimizations).
Adding EN signal on $flatten\seven_seg_conv.$procdff$247 ($dff) from module Main (D = $flatten\seven_seg_conv.$0\temp[31:0], Q = \seven_seg_conv.temp).
Adding EN signal on $flatten\seven_seg_conv.$procdff$245 ($dff) from module Main (D = $flatten\seven_seg_conv.$0\an[7:0], Q = \seven_seg_conv.an).
Adding SRST signal on $flatten\ctrl_unit.$procdff$239 ($dff) from module Main (D = $flatten\ctrl_unit.$2\PCWrite[0:0], Q = \ctrl_unit.PCWrite, rval = 1'0).
Adding SRST signal on $flatten\clk_div.$procdff$244 ($dff) from module Main (D = $flatten\clk_div.$add$/openlane/designs/full_cpu/src/Clock_Divider.v:18$30_Y [17:0], Q = \clk_div.counter, rval = 18'000000000000000000).
Adding EN signal on $flatten\clk_div.$procdff$243 ($dff) from module Main (D = $flatten\clk_div.$not$/openlane/designs/full_cpu/src/Clock_Divider.v:14$29_Y, Q = \clk_div.slow_clk).

33.7. Executing OPT_CLEAN pass (remove unused cells and wires).
Finding unused cells or wires in module \Main..
Removed 3 unused cells and 3 unused wires.
<suppressed ~4 debug messages>

33.8. Executing OPT_EXPR pass (perform const folding).
Optimizing module Main.
<suppressed ~2 debug messages>

33.9. Rerunning OPT passes. (Maybe there is more to do..)

33.10. Executing OPT_MUXTREE pass (detect dead branches in mux trees).
Running muxtree optimizer on module \Main..
  Creating internal representation of mux trees.
  Evaluating internal representation of mux trees.
  Analyzing evaluation results.
Removed 0 multiplexer ports.
<suppressed ~11 debug messages>

33.11. Executing OPT_REDUCE pass (consolidate $*mux and $reduce_* inputs).
  Optimizing cells in module \Main.
Performed a total of 0 changes.

33.12. Executing OPT_MERGE pass (detect identical cells).
Finding identical cells in module `\Main'.
Removed a total of 0 cells.

33.13. Executing OPT_DFF pass (perform DFF optimizations).

33.14. Executing OPT_CLEAN pass (remove unused cells and wires).
Finding unused cells or wires in module \Main..

33.15. Executing OPT_EXPR pass (perform const folding).
Optimizing module Main.

33.16. Finished OPT passes. (There is nothing left to do.)

34. Executing WREDUCE pass (reducing word size of cells).
Removed top 24 address bits (of 32) from memory init port Main.$flatten\inst_mem.$meminit$\instructions$/openlane/designs/full_cpu/src/Instruction_Memory.v:0$66 (inst_mem.instructions).
Removed top 5 address bits (of 13) from memory read port Main.$flatten\inst_mem.$memrd$\instructions$/openlane/designs/full_cpu/src/Instruction_Memory.v:7$65 (inst_mem.instructions).
Removed top 27 address bits (of 32) from memory init port Main.$flatten\reg_file.$meminit$\memory$/openlane/designs/full_cpu/src/Register_File.v:12$47 (reg_file.memory).
Removed top 28 address bits (of 32) from memory init port Main.$flatten\seven_seg_conv.$auto$mem.cc:328:emit$71 ($flatten\seven_seg_conv.$auto$proc_rom.cc:150:do_switch$69).
Removed top 28 bits (of 32) from port B of cell Main.$flatten\seven_seg_conv.$div$/openlane/designs/full_cpu/src/Seven_Segment_Converter.v:100$16 ($div).
Removed top 28 bits (of 32) from port B of cell Main.$flatten\seven_seg_conv.$div$/openlane/designs/full_cpu/src/Seven_Segment_Converter.v:82$10 ($div).
Removed top 28 bits (of 32) from port B of cell Main.$flatten\seven_seg_conv.$mod$/openlane/designs/full_cpu/src/Seven_Segment_Converter.v:105$17 ($mod).
Removed top 28 bits (of 32) from port B of cell Main.$flatten\seven_seg_conv.$mod$/openlane/designs/full_cpu/src/Seven_Segment_Converter.v:81$9 ($mod).
Removed top 31 bits (of 32) from port B of cell Main.$add$/openlane/designs/full_cpu/src/Main.v:44$2 ($add).
Removed top 19 bits (of 32) from port Y of cell Main.$add$/openlane/designs/full_cpu/src/Main.v:44$2 ($add).
Removed top 1 bits (of 3) from port B of cell Main.$flatten\ctrl_unit.$procmux$107_CMP0 ($eq).
Removed top 2 bits (of 3) from port B of cell Main.$flatten\ctrl_unit.$procmux$106_CMP0 ($eq).
Removed top 2 bits (of 3) from mux cell Main.$flatten\ctrl_unit.$procmux$88 ($mux).
Removed top 2 bits (of 7) from port B of cell Main.$flatten\ctrl_unit.$eq$/openlane/designs/full_cpu/src/Control_Unit.v:54$62 ($eq).
Removed top 1 bits (of 7) from port B of cell Main.$flatten\ctrl_unit.$eq$/openlane/designs/full_cpu/src/Control_Unit.v:54$61 ($eq).
Removed top 2 bits (of 3) from port B of cell Main.$flatten\alu.$procmux$125_CMP0 ($eq).
Removed top 31 bits (of 32) from port B of cell Main.$flatten\clk_div.$add$/openlane/designs/full_cpu/src/Clock_Divider.v:18$30 ($add).
Removed top 14 bits (of 32) from port Y of cell Main.$flatten\clk_div.$add$/openlane/designs/full_cpu/src/Clock_Divider.v:18$30 ($add).
Removed top 4 bits (of 18) from port B of cell Main.$flatten\clk_div.$eq$/openlane/designs/full_cpu/src/Clock_Divider.v:12$28 ($eq).
Removed top 3 bits (of 4) from port B of cell Main.$flatten\seven_seg_conv.$procmux$174_CMP0 ($eq).
Removed top 2 bits (of 4) from port B of cell Main.$flatten\seven_seg_conv.$procmux$173_CMP0 ($eq).
Removed top 2 bits (of 4) from port B of cell Main.$flatten\seven_seg_conv.$procmux$172_CMP0 ($eq).
Removed top 1 bits (of 4) from port B of cell Main.$flatten\seven_seg_conv.$procmux$171_CMP0 ($eq).
Removed top 1 bits (of 4) from port B of cell Main.$flatten\seven_seg_conv.$procmux$170_CMP0 ($eq).
Removed top 1 bits (of 4) from port B of cell Main.$flatten\seven_seg_conv.$procmux$169_CMP0 ($eq).
Removed top 1 bits (of 4) from port B of cell Main.$flatten\seven_seg_conv.$procmux$168_CMP0 ($eq).
Removed top 31 bits (of 32) from port B of cell Main.$flatten\seven_seg_conv.$add$/openlane/designs/full_cpu/src/Seven_Segment_Converter.v:146$25 ($add).
Removed top 28 bits (of 32) from port Y of cell Main.$flatten\seven_seg_conv.$add$/openlane/designs/full_cpu/src/Seven_Segment_Converter.v:146$25 ($add).
Removed top 19 bits (of 32) from wire Main.$add$/openlane/designs/full_cpu/src/Main.v:44$2_Y.
Removed top 14 bits (of 32) from wire Main.$flatten\clk_div.$add$/openlane/designs/full_cpu/src/Clock_Divider.v:18$30_Y.
Removed top 2 bits (of 3) from wire Main.$flatten\ctrl_unit.$4\ALUControl[2:0].

35. Executing PEEPOPT pass (run peephole optimizers).

36. Executing OPT_CLEAN pass (remove unused cells and wires).
Finding unused cells or wires in module \Main..
Removed 0 unused cells and 4 unused wires.
<suppressed ~1 debug messages>

37. Executing ALUMACC pass (create $alu and $macc cells).
Extracting $alu and $macc cells in module Main:
  creating $macc model for $add$/openlane/designs/full_cpu/src/Main.v:44$2 ($add).
  creating $macc model for $flatten\alu.$add$/openlane/designs/full_cpu/src/ALU.v:13$53 ($add).
  creating $macc model for $flatten\alu.$sub$/openlane/designs/full_cpu/src/ALU.v:12$51 ($sub).
  creating $macc model for $flatten\clk_div.$add$/openlane/designs/full_cpu/src/Clock_Divider.v:18$30 ($add).
  creating $macc model for $flatten\seven_seg_conv.$add$/openlane/designs/full_cpu/src/Seven_Segment_Converter.v:146$25 ($add).
  creating $alu model for $macc $flatten\seven_seg_conv.$add$/openlane/designs/full_cpu/src/Seven_Segment_Converter.v:146$25.
  creating $alu model for $macc $flatten\clk_div.$add$/openlane/designs/full_cpu/src/Clock_Divider.v:18$30.
  creating $alu model for $macc $flatten\alu.$sub$/openlane/designs/full_cpu/src/ALU.v:12$51.
  creating $alu model for $macc $flatten\alu.$add$/openlane/designs/full_cpu/src/ALU.v:13$53.
  creating $alu model for $macc $add$/openlane/designs/full_cpu/src/Main.v:44$2.
  creating $alu cell for $add$/openlane/designs/full_cpu/src/Main.v:44$2: $auto$alumacc.cc:485:replace_alu$267
  creating $alu cell for $flatten\alu.$add$/openlane/designs/full_cpu/src/ALU.v:13$53: $auto$alumacc.cc:485:replace_alu$270
  creating $alu cell for $flatten\alu.$sub$/openlane/designs/full_cpu/src/ALU.v:12$51: $auto$alumacc.cc:485:replace_alu$273
  creating $alu cell for $flatten\clk_div.$add$/openlane/designs/full_cpu/src/Clock_Divider.v:18$30: $auto$alumacc.cc:485:replace_alu$276
  creating $alu cell for $flatten\seven_seg_conv.$add$/openlane/designs/full_cpu/src/Seven_Segment_Converter.v:146$25: $auto$alumacc.cc:485:replace_alu$279
  created 5 $alu and 0 $macc cells.

38. Executing SHARE pass (SAT-based resource sharing).
Found 6 cells in module Main that may be considered for resource sharing.
  Analyzing resource sharing options for $flatten\seven_seg_conv.$mod$/openlane/designs/full_cpu/src/Seven_Segment_Converter.v:81$9 ($mod):
    Found 1 activation_patterns using ctrl signal $flatten\seven_seg_conv.$procmux$175_CMP.
    Found 1 candidates: $flatten\seven_seg_conv.$mod$/openlane/designs/full_cpu/src/Seven_Segment_Converter.v:105$17
    Analyzing resource sharing with $flatten\seven_seg_conv.$mod$/openlane/designs/full_cpu/src/Seven_Segment_Converter.v:105$17 ($mod):
      Found 1 activation_patterns using ctrl signal $auto$opt_reduce.cc:134:opt_pmux$252.
      Activation pattern for cell $flatten\seven_seg_conv.$mod$/openlane/designs/full_cpu/src/Seven_Segment_Converter.v:81$9: $flatten\seven_seg_conv.$procmux$175_CMP = 1'1
      Activation pattern for cell $flatten\seven_seg_conv.$mod$/openlane/designs/full_cpu/src/Seven_Segment_Converter.v:105$17: $auto$opt_reduce.cc:134:opt_pmux$252 = 1'1
      Size of SAT problem: 0 cells, 70 variables, 199 clauses
      According to the SAT solver this pair of cells can be shared.
      Activation signal for $flatten\seven_seg_conv.$mod$/openlane/designs/full_cpu/src/Seven_Segment_Converter.v:81$9: $auto$share.cc:977:make_cell_activation_logic$282
      New cell: $auto$share.cc:667:make_supercell$289 ($mod)
  Analyzing resource sharing options for $auto$share.cc:667:make_supercell$289 ($mod):
    Found 2 activation_patterns using ctrl signal { $flatten\seven_seg_conv.$procmux$175_CMP $auto$opt_reduce.cc:134:opt_pmux$252 }.
    No candidates found.
  Analyzing resource sharing options for $flatten\seven_seg_conv.$div$/openlane/designs/full_cpu/src/Seven_Segment_Converter.v:82$10 ($div):
    Found 1 activation_patterns using ctrl signal $flatten\seven_seg_conv.$procmux$175_CMP.
    Found 1 candidates: $flatten\seven_seg_conv.$div$/openlane/designs/full_cpu/src/Seven_Segment_Converter.v:100$16
    Analyzing resource sharing with $flatten\seven_seg_conv.$div$/openlane/designs/full_cpu/src/Seven_Segment_Converter.v:100$16 ($div):
      Found 1 activation_patterns using ctrl signal $auto$opt_reduce.cc:134:opt_pmux$252.
      Activation pattern for cell $flatten\seven_seg_conv.$div$/openlane/designs/full_cpu/src/Seven_Segment_Converter.v:82$10: $flatten\seven_seg_conv.$procmux$175_CMP = 1'1
      Activation pattern for cell $flatten\seven_seg_conv.$div$/openlane/designs/full_cpu/src/Seven_Segment_Converter.v:100$16: $auto$opt_reduce.cc:134:opt_pmux$252 = 1'1
      Size of SAT problem: 0 cells, 70 variables, 199 clauses
      According to the SAT solver this pair of cells can be shared.
      Activation signal for $flatten\seven_seg_conv.$div$/openlane/designs/full_cpu/src/Seven_Segment_Converter.v:82$10: $auto$share.cc:977:make_cell_activation_logic$292
      New cell: $auto$share.cc:667:make_supercell$299 ($div)
  Analyzing resource sharing options for $auto$share.cc:667:make_supercell$299 ($div):
    Found 2 activation_patterns using ctrl signal { $flatten\seven_seg_conv.$procmux$175_CMP $auto$opt_reduce.cc:134:opt_pmux$252 }.
    No candidates found.
  Analyzing resource sharing options for $flatten\alu.$shr$/openlane/designs/full_cpu/src/ALU.v:16$56 ($shr):
    Found 1 activation_patterns using ctrl signal $flatten\alu.$procmux$128_CMP.
    No candidates found.
  Analyzing resource sharing options for $flatten\alu.$shl$/openlane/designs/full_cpu/src/ALU.v:15$55 ($shl):
    Found 1 activation_patterns using ctrl signal $flatten\alu.$procmux$129_CMP.
    No candidates found.
Removing 4 cells in module Main:
  Removing cell $flatten\seven_seg_conv.$div$/openlane/designs/full_cpu/src/Seven_Segment_Converter.v:100$16 ($div).
  Removing cell $flatten\seven_seg_conv.$div$/openlane/designs/full_cpu/src/Seven_Segment_Converter.v:82$10 ($div).
  Removing cell $flatten\seven_seg_conv.$mod$/openlane/designs/full_cpu/src/Seven_Segment_Converter.v:105$17 ($mod).
  Removing cell $flatten\seven_seg_conv.$mod$/openlane/designs/full_cpu/src/Seven_Segment_Converter.v:81$9 ($mod).

39. Executing OPT pass (performing simple optimizations).

39.1. Executing OPT_EXPR pass (perform const folding).
Optimizing module Main.
<suppressed ~4 debug messages>

39.2. Executing OPT_MERGE pass (detect identical cells).
Finding identical cells in module `\Main'.
<suppressed ~6 debug messages>
Removed a total of 2 cells.

39.3. Executing OPT_MUXTREE pass (detect dead branches in mux trees).
Running muxtree optimizer on module \Main..
  Creating internal representation of mux trees.
  Evaluating internal representation of mux trees.
  Analyzing evaluation results.
Removed 0 multiplexer ports.
<suppressed ~13 debug messages>

39.4. Executing OPT_REDUCE pass (consolidate $*mux and $reduce_* inputs).
  Optimizing cells in module \Main.
    New ctrl vector for $pmux cell $flatten\seven_seg_conv.$procmux$167: $auto$opt_reduce.cc:134:opt_pmux$303
    New ctrl vector for $pmux cell $flatten\seven_seg_conv.$procmux$177: $auto$opt_reduce.cc:134:opt_pmux$305
    New input vector for $reduce_or cell $auto$opt_reduce.cc:128:opt_pmux$302: { $flatten\seven_seg_conv.$procmux$168_CMP $flatten\seven_seg_conv.$procmux$169_CMP $flatten\seven_seg_conv.$procmux$170_CMP $flatten\seven_seg_conv.$procmux$171_CMP $flatten\seven_seg_conv.$procmux$172_CMP $flatten\seven_seg_conv.$procmux$173_CMP $flatten\seven_seg_conv.$procmux$174_CMP $flatten\seven_seg_conv.$procmux$175_CMP }
    New input vector for $reduce_or cell $auto$opt_reduce.cc:128:opt_pmux$304: { $flatten\seven_seg_conv.$procmux$168_CMP $flatten\seven_seg_conv.$procmux$169_CMP $flatten\seven_seg_conv.$procmux$170_CMP $flatten\seven_seg_conv.$procmux$171_CMP $flatten\seven_seg_conv.$procmux$172_CMP $flatten\seven_seg_conv.$procmux$173_CMP $flatten\seven_seg_conv.$procmux$174_CMP $flatten\seven_seg_conv.$procmux$175_CMP }
  Optimizing cells in module \Main.
Performed a total of 4 changes.

39.5. Executing OPT_MERGE pass (detect identical cells).
Finding identical cells in module `\Main'.
<suppressed ~6 debug messages>
Removed a total of 2 cells.

39.6. Executing OPT_DFF pass (perform DFF optimizations).

39.7. Executing OPT_CLEAN pass (remove unused cells and wires).
Finding unused cells or wires in module \Main..
Removed 0 unused cells and 10 unused wires.
<suppressed ~3 debug messages>

39.8. Executing OPT_EXPR pass (perform const folding).
Optimizing module Main.

39.9. Rerunning OPT passes. (Maybe there is more to do..)

39.10. Executing OPT_MUXTREE pass (detect dead branches in mux trees).
Running muxtree optimizer on module \Main..
  Creating internal representation of mux trees.
  Evaluating internal representation of mux trees.
  Analyzing evaluation results.
Removed 0 multiplexer ports.
<suppressed ~12 debug messages>

39.11. Executing OPT_REDUCE pass (consolidate $*mux and $reduce_* inputs).
  Optimizing cells in module \Main.
Performed a total of 0 changes.

39.12. Executing OPT_MERGE pass (detect identical cells).
Finding identical cells in module `\Main'.
Removed a total of 0 cells.

39.13. Executing OPT_DFF pass (perform DFF optimizations).

39.14. Executing OPT_CLEAN pass (remove unused cells and wires).
Finding unused cells or wires in module \Main..

39.15. Executing OPT_EXPR pass (perform const folding).
Optimizing module Main.

39.16. Finished OPT passes. (There is nothing left to do.)

40. Executing MEMORY pass.

40.1. Executing OPT_MEM pass (optimize memories).
Main.$flatten\seven_seg_conv.$auto$proc_rom.cc:150:do_switch$69: removing const-1 lane 0
Main.inst_mem.instructions: removing const-0 lane 2
Main.inst_mem.instructions: removing const-0 lane 3
Main.inst_mem.instructions: removing const-0 lane 14
Main.inst_mem.instructions: removing const-0 lane 25
Main.inst_mem.instructions: removing const-0 lane 26
Main.inst_mem.instructions: removing const-0 lane 27
Main.inst_mem.instructions: removing const-0 lane 28
Main.inst_mem.instructions: removing const-0 lane 29
Main.inst_mem.instructions: removing const-0 lane 30
Main.inst_mem.instructions: removing const-0 lane 31
Performed a total of 2 transformations.

40.2. Executing OPT_MEM_PRIORITY pass (removing unnecessary memory write priority relations).
Performed a total of 0 transformations.

40.3. Executing OPT_MEM_FEEDBACK pass (finding memory read-to-write feedback paths).
  Analyzing Main.reg_file.memory write port 0.

40.4. Executing MEMORY_BMUX2ROM pass (converting muxes to ROMs).

40.5. Executing MEMORY_DFF pass (merging $dff cells to $memrd).
Checking read port `$flatten\seven_seg_conv.$auto$proc_rom.cc:150:do_switch$69'[0] in module `\Main': merging output FF to cell.
Checking read port `\inst_mem.instructions'[0] in module `\Main': no output FF found.
Checking read port `\reg_file.memory'[0] in module `\Main': no output FF found.
Checking read port `\reg_file.memory'[1] in module `\Main': no output FF found.
Checking read port address `\inst_mem.instructions'[0] in module `\Main': address FF has async set and/or reset, not supported.
Checking read port address `\reg_file.memory'[0] in module `\Main': no address FF found.
Checking read port address `\reg_file.memory'[1] in module `\Main': no address FF found.

40.6. Executing OPT_CLEAN pass (remove unused cells and wires).
Finding unused cells or wires in module \Main..

40.7. Executing MEMORY_SHARE pass (consolidating $memrd/$memwr cells).
Consolidating read ports of memory Main.reg_file.memory by address:

40.8. Executing OPT_MEM_WIDEN pass (optimize memories where all ports are wide).
Performed a total of 0 transformations.

40.9. Executing OPT_CLEAN pass (remove unused cells and wires).
Finding unused cells or wires in module \Main..

40.10. Executing MEMORY_COLLECT pass (generating $mem cells).

41. Executing OPT_CLEAN pass (remove unused cells and wires).
Finding unused cells or wires in module \Main..

42. Executing OPT pass (performing simple optimizations).

42.1. Executing OPT_EXPR pass (perform const folding).
Optimizing module Main.
<suppressed ~32 debug messages>

42.2. Executing OPT_MERGE pass (detect identical cells).
Finding identical cells in module `\Main'.
Removed a total of 0 cells.

42.3. Executing OPT_DFF pass (perform DFF optimizations).
Setting constant 1-bit at position 0 on $flatten\seven_seg_conv.$procdff$246 ($dff) from module Main.
Setting constant 1-bit at position 1 on $flatten\seven_seg_conv.$procdff$246 ($dff) from module Main.
Setting constant 1-bit at position 2 on $flatten\seven_seg_conv.$procdff$246 ($dff) from module Main.
Setting constant 1-bit at position 3 on $flatten\seven_seg_conv.$procdff$246 ($dff) from module Main.
Setting constant 1-bit at position 4 on $flatten\seven_seg_conv.$procdff$246 ($dff) from module Main.
Setting constant 1-bit at position 5 on $flatten\seven_seg_conv.$procdff$246 ($dff) from module Main.
Setting constant 1-bit at position 6 on $flatten\seven_seg_conv.$procdff$246 ($dff) from module Main.
Setting constant 1-bit at position 7 on $flatten\seven_seg_conv.$procdff$246 ($dff) from module Main.

42.4. Executing OPT_CLEAN pass (remove unused cells and wires).
Finding unused cells or wires in module \Main..
Removed 0 unused cells and 21 unused wires.
<suppressed ~1 debug messages>

42.5. Rerunning OPT passes. (Removed registers in this run.)

42.6. Executing OPT_EXPR pass (perform const folding).
Optimizing module Main.

42.7. Executing OPT_MERGE pass (detect identical cells).
Finding identical cells in module `\Main'.
Removed a total of 0 cells.

42.8. Executing OPT_DFF pass (perform DFF optimizations).

42.9. Executing OPT_CLEAN pass (remove unused cells and wires).
Finding unused cells or wires in module \Main..

42.10. Finished fast OPT passes.

43. Executing MEMORY_MAP pass (converting memories to logic and flip-flops).
Mapping memory $flatten\seven_seg_conv.$auto$proc_rom.cc:150:do_switch$69 in module \Main:
  created 16 $dff cells and 0 static cells of width 7.
Extracted data FF from read port 0 of Main.$flatten\seven_seg_conv.$auto$proc_rom.cc:150:do_switch$69: $$flatten\seven_seg_conv.$auto$proc_rom.cc:150:do_switch$69$rdreg[0]
  read interface: 1 $dff and 15 $mux cells.
  write interface: 0 write mux blocks.
Mapping memory \inst_mem.instructions in module \Main:
  created 256 $dff cells and 0 static cells of width 22.
  read interface: 0 $dff and 255 $mux cells.
  write interface: 0 write mux blocks.
Mapping memory \reg_file.memory in module \Main:
  created 32 $dff cells and 0 static cells of width 32.
  read interface: 0 $dff and 62 $mux cells.
  write interface: 32 write mux blocks.

44. Executing OPT pass (performing simple optimizations).

44.1. Executing OPT_EXPR pass (perform const folding).
Optimizing module Main.
<suppressed ~242 debug messages>

44.2. Executing OPT_MERGE pass (detect identical cells).
Finding identical cells in module `\Main'.
Removed a total of 0 cells.

44.3. Executing OPT_MUXTREE pass (detect dead branches in mux trees).
Running muxtree optimizer on module \Main..
  Creating internal representation of mux trees.
  Evaluating internal representation of mux trees.
  Analyzing evaluation results.
    dead port 1/5 on $pmux $flatten\ctrl_unit.$procmux$104.
Removed 1 multiplexer ports.
<suppressed ~43 debug messages>

44.4. Executing OPT_REDUCE pass (consolidate $*mux and $reduce_* inputs).
  Optimizing cells in module \Main.
    Consolidated identical input bits for $mux cell $memory\inst_mem.instructions$rdmux[0][7][10]$783:
      Old ports: A=22'0000100101000010100111, B=22'0000000000100111011011, Y=$memory\inst_mem.instructions$rdmux[0][6][5]$a$577
      New ports: A=2'01, B=2'10, Y=$memory\inst_mem.instructions$rdmux[0][6][5]$a$577 [3:2]
      New connections: { $memory\inst_mem.instructions$rdmux[0][6][5]$a$577 [21:4] $memory\inst_mem.instructions$rdmux[0][6][5]$a$577 [1:0] } = { 4'0000 $memory\inst_mem.instructions$rdmux[0][6][5]$a$577 [2] 2'00 $memory\inst_mem.instructions$rdmux[0][6][5]$a$577 [2] 1'0 $memory\inst_mem.instructions$rdmux[0][6][5]$a$577 [2] $memory\inst_mem.instructions$rdmux[0][6][5]$a$577 [3] 2'00 $memory\inst_mem.instructions$rdmux[0][6][5]$a$577 [3] 1'1 $memory\inst_mem.instructions$rdmux[0][6][5]$a$577 [3:2] $memory\inst_mem.instructions$rdmux[0][6][5]$a$577 [3] 2'11 }
    Consolidated identical input bits for $mux cell $memory\inst_mem.instructions$rdmux[0][7][9]$780:
      Old ports: A=22'0000000111000011001111, B=22'0000001000000011101111, Y=$memory\inst_mem.instructions$rdmux[0][6][4]$b$575
      New ports: A=2'10, B=2'01, Y={ $memory\inst_mem.instructions$rdmux[0][6][4]$b$575 [12] $memory\inst_mem.instructions$rdmux[0][6][4]$b$575 [5] }
      New connections: { $memory\inst_mem.instructions$rdmux[0][6][4]$b$575 [21:13] $memory\inst_mem.instructions$rdmux[0][6][4]$b$575 [11:6] $memory\inst_mem.instructions$rdmux[0][6][4]$b$575 [4:0] } = { 6'000000 $memory\inst_mem.instructions$rdmux[0][6][4]$b$575 [5] $memory\inst_mem.instructions$rdmux[0][6][4]$b$575 [12] $memory\inst_mem.instructions$rdmux[0][6][4]$b$575 [12] 11'00001101111 }
    Consolidated identical input bits for $mux cell $memory\inst_mem.instructions$rdmux[0][7][8]$777:
      Old ports: A=22'0000100000000011100111, B=22'0011100110000100001111, Y=$memory\inst_mem.instructions$rdmux[0][6][4]$a$574
      New ports: A=2'10, B=2'01, Y={ $memory\inst_mem.instructions$rdmux[0][6][4]$a$574 [5] $memory\inst_mem.instructions$rdmux[0][6][4]$a$574 [3] }
      New connections: { $memory\inst_mem.instructions$rdmux[0][6][4]$a$574 [21:6] $memory\inst_mem.instructions$rdmux[0][6][4]$a$574 [4] $memory\inst_mem.instructions$rdmux[0][6][4]$a$574 [2:0] } = { 2'00 $memory\inst_mem.instructions$rdmux[0][6][4]$a$574 [3] $memory\inst_mem.instructions$rdmux[0][6][4]$a$574 [3] 3'100 $memory\inst_mem.instructions$rdmux[0][6][4]$a$574 [3] $memory\inst_mem.instructions$rdmux[0][6][4]$a$574 [3] 4'0000 $memory\inst_mem.instructions$rdmux[0][6][4]$a$574 [3] $memory\inst_mem.instructions$rdmux[0][6][4]$a$574 [5] $memory\inst_mem.instructions$rdmux[0][6][4]$a$574 [5] 4'0111 }
    Consolidated identical input bits for $mux cell $memory\inst_mem.instructions$rdmux[0][7][7]$774:
      Old ports: A=22'0010000101000011011011, B=22'0000100000000011000111, Y=$memory\inst_mem.instructions$rdmux[0][6][3]$b$572
      New ports: A=2'10, B=2'01, Y=$memory\inst_mem.instructions$rdmux[0][6][3]$b$572 [3:2]
      New connections: { $memory\inst_mem.instructions$rdmux[0][6][3]$b$572 [21:4] $memory\inst_mem.instructions$rdmux[0][6][3]$b$572 [1:0] } = { 2'00 $memory\inst_mem.instructions$rdmux[0][6][3]$b$572 [3] 1'0 $memory\inst_mem.instructions$rdmux[0][6][3]$b$572 [2] 2'00 $memory\inst_mem.instructions$rdmux[0][6][3]$b$572 [3] 1'0 $memory\inst_mem.instructions$rdmux[0][6][3]$b$572 [3] 7'0000110 $memory\inst_mem.instructions$rdmux[0][6][3]$b$572 [3] 2'11 }
    Consolidated identical input bits for $mux cell $memory\inst_mem.instructions$rdmux[0][7][6]$771:
      Old ports: A=22'0010000000000010000111, B=22'0000000000000010101111, Y=$memory\inst_mem.instructions$rdmux[0][6][3]$a$571
      New ports: A=2'10, B=2'01, Y={ $memory\inst_mem.instructions$rdmux[0][6][3]$a$571 [19] $memory\inst_mem.instructions$rdmux[0][6][3]$a$571 [3] }
      New connections: { $memory\inst_mem.instructions$rdmux[0][6][3]$a$571 [21:20] $memory\inst_mem.instructions$rdmux[0][6][3]$a$571 [18:4] $memory\inst_mem.instructions$rdmux[0][6][3]$a$571 [2:0] } = { 15'000000000000010 $memory\inst_mem.instructions$rdmux[0][6][3]$a$571 [3] 4'0111 }
    Consolidated identical input bits for $mux cell $memory\inst_mem.instructions$rdmux[0][7][3]$762:
      Old ports: A=22'0000000000100110011011, B=22'1010100111011111001111, Y=$memory\inst_mem.instructions$rdmux[0][6][1]$b$566
      New ports: A=2'10, B=2'01, Y={ $memory\inst_mem.instructions$rdmux[0][6][1]$b$566 [4] $memory\inst_mem.instructions$rdmux[0][6][1]$b$566 [2] }
      New connections: { $memory\inst_mem.instructions$rdmux[0][6][1]$b$566 [21:5] $memory\inst_mem.instructions$rdmux[0][6][1]$b$566 [3] $memory\inst_mem.instructions$rdmux[0][6][1]$b$566 [1:0] } = { $memory\inst_mem.instructions$rdmux[0][6][1]$b$566 [2] 1'0 $memory\inst_mem.instructions$rdmux[0][6][1]$b$566 [2] 1'0 $memory\inst_mem.instructions$rdmux[0][6][1]$b$566 [2] 2'00 $memory\inst_mem.instructions$rdmux[0][6][1]$b$566 [2] $memory\inst_mem.instructions$rdmux[0][6][1]$b$566 [2] $memory\inst_mem.instructions$rdmux[0][6][1]$b$566 [2] $memory\inst_mem.instructions$rdmux[0][6][1]$b$566 [4] $memory\inst_mem.instructions$rdmux[0][6][1]$b$566 [2] $memory\inst_mem.instructions$rdmux[0][6][1]$b$566 [2] 2'11 $memory\inst_mem.instructions$rdmux[0][6][1]$b$566 [2] 4'0111 }
    Consolidated identical input bits for $mux cell $memory\inst_mem.instructions$rdmux[0][7][2]$759:
      Old ports: A=22'0010111001101010000111, B=22'0001000000001010100111, Y=$memory\inst_mem.instructions$rdmux[0][6][1]$a$565
      New ports: A=2'10, B=2'01, Y={ $memory\inst_mem.instructions$rdmux[0][6][1]$a$565 [11] $memory\inst_mem.instructions$rdmux[0][6][1]$a$565 [5] }
      New connections: { $memory\inst_mem.instructions$rdmux[0][6][1]$a$565 [21:12] $memory\inst_mem.instructions$rdmux[0][6][1]$a$565 [10:6] $memory\inst_mem.instructions$rdmux[0][6][1]$a$565 [4:0] } = { 2'00 $memory\inst_mem.instructions$rdmux[0][6][1]$a$565 [11] $memory\inst_mem.instructions$rdmux[0][6][1]$a$565 [5] $memory\inst_mem.instructions$rdmux[0][6][1]$a$565 [11] $memory\inst_mem.instructions$rdmux[0][6][1]$a$565 [11] $memory\inst_mem.instructions$rdmux[0][6][1]$a$565 [11] 2'00 $memory\inst_mem.instructions$rdmux[0][6][1]$a$565 [11] 10'0101000111 }
    Consolidated identical input bits for $mux cell $memory\inst_mem.instructions$rdmux[0][7][1]$756:
      Old ports: A=22'0111100000000111100111, B=22'0111101010001100101111, Y=$memory\inst_mem.instructions$rdmux[0][6][0]$b$563
      New ports: A=2'10, B=2'01, Y={ $memory\inst_mem.instructions$rdmux[0][6][0]$b$563 [6] $memory\inst_mem.instructions$rdmux[0][6][0]$b$563 [3] }
      New connections: { $memory\inst_mem.instructions$rdmux[0][6][0]$b$563 [21:7] $memory\inst_mem.instructions$rdmux[0][6][0]$b$563 [5:4] $memory\inst_mem.instructions$rdmux[0][6][0]$b$563 [2:0] } = { 6'011110 $memory\inst_mem.instructions$rdmux[0][6][0]$b$563 [3] 1'0 $memory\inst_mem.instructions$rdmux[0][6][0]$b$563 [3] 3'000 $memory\inst_mem.instructions$rdmux[0][6][0]$b$563 [3] 1'1 $memory\inst_mem.instructions$rdmux[0][6][0]$b$563 [6] 5'10111 }
    Consolidated identical input bits for $mux cell $memory\inst_mem.instructions$rdmux[0][7][0]$753:
      Old ports: A=22'0000000000000000000000, B=22'0101000000000101000111, Y=$memory\inst_mem.instructions$rdmux[0][6][0]$a$562
      New ports: A=1'0, B=1'1, Y=$memory\inst_mem.instructions$rdmux[0][6][0]$a$562 [0]
      New connections: $memory\inst_mem.instructions$rdmux[0][6][0]$a$562 [21:1] = { 1'0 $memory\inst_mem.instructions$rdmux[0][6][0]$a$562 [0] 1'0 $memory\inst_mem.instructions$rdmux[0][6][0]$a$562 [0] 9'000000000 $memory\inst_mem.instructions$rdmux[0][6][0]$a$562 [0] 1'0 $memory\inst_mem.instructions$rdmux[0][6][0]$a$562 [0] 3'000 $memory\inst_mem.instructions$rdmux[0][6][0]$a$562 [0] $memory\inst_mem.instructions$rdmux[0][6][0]$a$562 [0] }
    Consolidated identical input bits for $mux cell $memory$flatten\seven_seg_conv.$auto$proc_rom.cc:150:do_switch$69$rdmux[0][3][6]$366:
      Old ports: A=7'0110001, B=7'1000010, Y=$memory$flatten\seven_seg_conv.$auto$proc_rom.cc:150:do_switch$69$rdmux[0][2][3]$a$346
      New ports: A=2'01, B=2'10, Y=$memory$flatten\seven_seg_conv.$auto$proc_rom.cc:150:do_switch$69$rdmux[0][2][3]$a$346 [1:0]
      New connections: $memory$flatten\seven_seg_conv.$auto$proc_rom.cc:150:do_switch$69$rdmux[0][2][3]$a$346 [6:2] = { $memory$flatten\seven_seg_conv.$auto$proc_rom.cc:150:do_switch$69$rdmux[0][2][3]$a$346 [1:0] $memory$flatten\seven_seg_conv.$auto$proc_rom.cc:150:do_switch$69$rdmux[0][2][3]$a$346 [0] 2'00 }
    Consolidated identical input bits for $mux cell $memory$flatten\seven_seg_conv.$auto$proc_rom.cc:150:do_switch$69$rdmux[0][3][5]$363:
      Old ports: A=7'0001000, B=7'1100000, Y=$memory$flatten\seven_seg_conv.$auto$proc_rom.cc:150:do_switch$69$rdmux[0][2][2]$b$344
      New ports: A=2'01, B=2'10, Y={ $memory$flatten\seven_seg_conv.$auto$proc_rom.cc:150:do_switch$69$rdmux[0][2][2]$b$344 [5] $memory$flatten\seven_seg_conv.$auto$proc_rom.cc:150:do_switch$69$rdmux[0][2][2]$b$344 [3] }
      New connections: { $memory$flatten\seven_seg_conv.$auto$proc_rom.cc:150:do_switch$69$rdmux[0][2][2]$b$344 [6] $memory$flatten\seven_seg_conv.$auto$proc_rom.cc:150:do_switch$69$rdmux[0][2][2]$b$344 [4] $memory$flatten\seven_seg_conv.$auto$proc_rom.cc:150:do_switch$69$rdmux[0][2][2]$b$344 [2:0] } = { $memory$flatten\seven_seg_conv.$auto$proc_rom.cc:150:do_switch$69$rdmux[0][2][2]$b$344 [5] 4'0000 }
    Consolidated identical input bits for $mux cell $memory$flatten\seven_seg_conv.$auto$proc_rom.cc:150:do_switch$69$rdmux[0][3][4]$360:
      Old ports: A=7'0000000, B=7'0000100, Y=$memory$flatten\seven_seg_conv.$auto$proc_rom.cc:150:do_switch$69$rdmux[0][2][2]$a$343
      New ports: A=1'0, B=1'1, Y=$memory$flatten\seven_seg_conv.$auto$proc_rom.cc:150:do_switch$69$rdmux[0][2][2]$a$343 [2]
      New connections: { $memory$flatten\seven_seg_conv.$auto$proc_rom.cc:150:do_switch$69$rdmux[0][2][2]$a$343 [6:3] $memory$flatten\seven_seg_conv.$auto$proc_rom.cc:150:do_switch$69$rdmux[0][2][2]$a$343 [1:0] } = 6'000000
    Consolidated identical input bits for $mux cell $memory$flatten\seven_seg_conv.$auto$proc_rom.cc:150:do_switch$69$rdmux[0][3][3]$357:
      Old ports: A=7'0100000, B=7'0001111, Y=$memory$flatten\seven_seg_conv.$auto$proc_rom.cc:150:do_switch$69$rdmux[0][2][1]$b$341
      New ports: A=2'10, B=2'01, Y={ $memory$flatten\seven_seg_conv.$auto$proc_rom.cc:150:do_switch$69$rdmux[0][2][1]$b$341 [5] $memory$flatten\seven_seg_conv.$auto$proc_rom.cc:150:do_switch$69$rdmux[0][2][1]$b$341 [0] }
      New connections: { $memory$flatten\seven_seg_conv.$auto$proc_rom.cc:150:do_switch$69$rdmux[0][2][1]$b$341 [6] $memory$flatten\seven_seg_conv.$auto$proc_rom.cc:150:do_switch$69$rdmux[0][2][1]$b$341 [4:1] } = { 2'00 $memory$flatten\seven_seg_conv.$auto$proc_rom.cc:150:do_switch$69$rdmux[0][2][1]$b$341 [0] $memory$flatten\seven_seg_conv.$auto$proc_rom.cc:150:do_switch$69$rdmux[0][2][1]$b$341 [0] $memory$flatten\seven_seg_conv.$auto$proc_rom.cc:150:do_switch$69$rdmux[0][2][1]$b$341 [0] }
    Consolidated identical input bits for $mux cell $memory$flatten\seven_seg_conv.$auto$proc_rom.cc:150:do_switch$69$rdmux[0][3][2]$354:
      Old ports: A=7'1001100, B=7'0100100, Y=$memory$flatten\seven_seg_conv.$auto$proc_rom.cc:150:do_switch$69$rdmux[0][2][1]$a$340
      New ports: A=2'01, B=2'10, Y={ $memory$flatten\seven_seg_conv.$auto$proc_rom.cc:150:do_switch$69$rdmux[0][2][1]$a$340 [5] $memory$flatten\seven_seg_conv.$auto$proc_rom.cc:150:do_switch$69$rdmux[0][2][1]$a$340 [3] }
      New connections: { $memory$flatten\seven_seg_conv.$auto$proc_rom.cc:150:do_switch$69$rdmux[0][2][1]$a$340 [6] $memory$flatten\seven_seg_conv.$auto$proc_rom.cc:150:do_switch$69$rdmux[0][2][1]$a$340 [4] $memory$flatten\seven_seg_conv.$auto$proc_rom.cc:150:do_switch$69$rdmux[0][2][1]$a$340 [2:0] } = { $memory$flatten\seven_seg_conv.$auto$proc_rom.cc:150:do_switch$69$rdmux[0][2][1]$a$340 [3] 4'0100 }
    Consolidated identical input bits for $mux cell $memory$flatten\seven_seg_conv.$auto$proc_rom.cc:150:do_switch$69$rdmux[0][3][1]$351:
      Old ports: A=7'0010010, B=7'0000110, Y=$memory$flatten\seven_seg_conv.$auto$proc_rom.cc:150:do_switch$69$rdmux[0][2][0]$b$338
      New ports: A=2'10, B=2'01, Y={ $memory$flatten\seven_seg_conv.$auto$proc_rom.cc:150:do_switch$69$rdmux[0][2][0]$b$338 [4] $memory$flatten\seven_seg_conv.$auto$proc_rom.cc:150:do_switch$69$rdmux[0][2][0]$b$338 [2] }
      New connections: { $memory$flatten\seven_seg_conv.$auto$proc_rom.cc:150:do_switch$69$rdmux[0][2][0]$b$338 [6:5] $memory$flatten\seven_seg_conv.$auto$proc_rom.cc:150:do_switch$69$rdmux[0][2][0]$b$338 [3] $memory$flatten\seven_seg_conv.$auto$proc_rom.cc:150:do_switch$69$rdmux[0][2][0]$b$338 [1:0] } = 5'00010
    Consolidated identical input bits for $mux cell $memory$flatten\seven_seg_conv.$auto$proc_rom.cc:150:do_switch$69$rdmux[0][3][0]$348:
      Old ports: A=7'0000001, B=7'1001111, Y=$memory$flatten\seven_seg_conv.$auto$proc_rom.cc:150:do_switch$69$rdmux[0][2][0]$a$337
      New ports: A=1'0, B=1'1, Y=$memory$flatten\seven_seg_conv.$auto$proc_rom.cc:150:do_switch$69$rdmux[0][2][0]$a$337 [1]
      New connections: { $memory$flatten\seven_seg_conv.$auto$proc_rom.cc:150:do_switch$69$rdmux[0][2][0]$a$337 [6:2] $memory$flatten\seven_seg_conv.$auto$proc_rom.cc:150:do_switch$69$rdmux[0][2][0]$a$337 [0] } = { $memory$flatten\seven_seg_conv.$auto$proc_rom.cc:150:do_switch$69$rdmux[0][2][0]$a$337 [1] 2'00 $memory$flatten\seven_seg_conv.$auto$proc_rom.cc:150:do_switch$69$rdmux[0][2][0]$a$337 [1] $memory$flatten\seven_seg_conv.$auto$proc_rom.cc:150:do_switch$69$rdmux[0][2][0]$a$337 [1] 1'1 }
    Consolidated identical input bits for $pmux cell $flatten\ctrl_unit.$procmux$95:
      Old ports: A=3'000, B=6'110111, Y=$flatten\ctrl_unit.$3\ALUControl[2:0]
      New ports: A=2'00, B=4'1011, Y=$flatten\ctrl_unit.$3\ALUControl[2:0] [1:0]
      New connections: $flatten\ctrl_unit.$3\ALUControl[2:0] [2] = $flatten\ctrl_unit.$3\ALUControl[2:0] [1]
    Consolidated identical input bits for $mux cell $memory$flatten\seven_seg_conv.$auto$proc_rom.cc:150:do_switch$69$rdmux[0][3][7]$369:
      Old ports: A=7'0110000, B=7'0111000, Y=$memory$flatten\seven_seg_conv.$auto$proc_rom.cc:150:do_switch$69$rdmux[0][2][3]$b$347
      New ports: A=1'0, B=1'1, Y=$memory$flatten\seven_seg_conv.$auto$proc_rom.cc:150:do_switch$69$rdmux[0][2][3]$b$347 [3]
      New connections: { $memory$flatten\seven_seg_conv.$auto$proc_rom.cc:150:do_switch$69$rdmux[0][2][3]$b$347 [6:4] $memory$flatten\seven_seg_conv.$auto$proc_rom.cc:150:do_switch$69$rdmux[0][2][3]$b$347 [2:0] } = 6'011000
  Optimizing cells in module \Main.
    Consolidated identical input bits for $mux cell $memory\inst_mem.instructions$rdmux[0][6][5]$576:
      Old ports: A=$memory\inst_mem.instructions$rdmux[0][6][5]$a$577, B=22'x, Y=$memory\inst_mem.instructions$rdmux[0][5][2]$b$473
      New ports: A={ 1'0 $memory\inst_mem.instructions$rdmux[0][6][5]$a$577 [3:2] 1'1 }, B=4'x, Y={ $memory\inst_mem.instructions$rdmux[0][5][2]$b$473 [9] $memory\inst_mem.instructions$rdmux[0][5][2]$b$473 [3:2] $memory\inst_mem.instructions$rdmux[0][5][2]$b$473 [0] }
      New connections: { $memory\inst_mem.instructions$rdmux[0][5][2]$b$473 [21:10] $memory\inst_mem.instructions$rdmux[0][5][2]$b$473 [8:4] $memory\inst_mem.instructions$rdmux[0][5][2]$b$473 [1] } = { $memory\inst_mem.instructions$rdmux[0][5][2]$b$473 [9] $memory\inst_mem.instructions$rdmux[0][5][2]$b$473 [9] $memory\inst_mem.instructions$rdmux[0][5][2]$b$473 [9] $memory\inst_mem.instructions$rdmux[0][5][2]$b$473 [9] $memory\inst_mem.instructions$rdmux[0][5][2]$b$473 [2] $memory\inst_mem.instructions$rdmux[0][5][2]$b$473 [9] $memory\inst_mem.instructions$rdmux[0][5][2]$b$473 [9] $memory\inst_mem.instructions$rdmux[0][5][2]$b$473 [2] $memory\inst_mem.instructions$rdmux[0][5][2]$b$473 [9] $memory\inst_mem.instructions$rdmux[0][5][2]$b$473 [2] $memory\inst_mem.instructions$rdmux[0][5][2]$b$473 [3] $memory\inst_mem.instructions$rdmux[0][5][2]$b$473 [9] $memory\inst_mem.instructions$rdmux[0][5][2]$b$473 [3] $memory\inst_mem.instructions$rdmux[0][5][2]$b$473 [0] $memory\inst_mem.instructions$rdmux[0][5][2]$b$473 [3:2] $memory\inst_mem.instructions$rdmux[0][5][2]$b$473 [3] $memory\inst_mem.instructions$rdmux[0][5][2]$b$473 [0] }
    Consolidated identical input bits for $mux cell $memory\inst_mem.instructions$rdmux[0][6][4]$573:
      Old ports: A=$memory\inst_mem.instructions$rdmux[0][6][4]$a$574, B=$memory\inst_mem.instructions$rdmux[0][6][4]$b$575, Y=$memory\inst_mem.instructions$rdmux[0][5][2]$a$472
      New ports: A={ 2'10 $memory\inst_mem.instructions$rdmux[0][6][4]$a$574 [3] 1'0 $memory\inst_mem.instructions$rdmux[0][6][4]$a$574 [3] $memory\inst_mem.instructions$rdmux[0][6][4]$a$574 [5] $memory\inst_mem.instructions$rdmux[0][6][4]$a$574 [5] $memory\inst_mem.instructions$rdmux[0][6][4]$a$574 [3] }, B={ 1'0 $memory\inst_mem.instructions$rdmux[0][6][4]$b$575 [5] $memory\inst_mem.instructions$rdmux[0][6][4]$b$575 [12] $memory\inst_mem.instructions$rdmux[0][6][4]$b$575 [12] 2'01 $memory\inst_mem.instructions$rdmux[0][6][4]$b$575 [5] 1'1 }, Y={ $memory\inst_mem.instructions$rdmux[0][5][2]$a$472 [17] $memory\inst_mem.instructions$rdmux[0][5][2]$a$472 [15] $memory\inst_mem.instructions$rdmux[0][5][2]$a$472 [13:12] $memory\inst_mem.instructions$rdmux[0][5][2]$a$472 [8] $memory\inst_mem.instructions$rdmux[0][5][2]$a$472 [6:5] $memory\inst_mem.instructions$rdmux[0][5][2]$a$472 [3] }
      New connections: { $memory\inst_mem.instructions$rdmux[0][5][2]$a$472 [21:18] $memory\inst_mem.instructions$rdmux[0][5][2]$a$472 [16] $memory\inst_mem.instructions$rdmux[0][5][2]$a$472 [14] $memory\inst_mem.instructions$rdmux[0][5][2]$a$472 [11:9] $memory\inst_mem.instructions$rdmux[0][5][2]$a$472 [7] $memory\inst_mem.instructions$rdmux[0][5][2]$a$472 [4] $memory\inst_mem.instructions$rdmux[0][5][2]$a$472 [2:0] } = { 2'00 $memory\inst_mem.instructions$rdmux[0][5][2]$a$472 [8] $memory\inst_mem.instructions$rdmux[0][5][2]$a$472 [8] 1'0 $memory\inst_mem.instructions$rdmux[0][5][2]$a$472 [13] 3'000 $memory\inst_mem.instructions$rdmux[0][5][2]$a$472 [6] 4'0111 }
    Consolidated identical input bits for $mux cell $memory\inst_mem.instructions$rdmux[0][6][3]$570:
      Old ports: A=$memory\inst_mem.instructions$rdmux[0][6][3]$a$571, B=$memory\inst_mem.instructions$rdmux[0][6][3]$b$572, Y=$memory\inst_mem.instructions$rdmux[0][5][1]$b$470
      New ports: A={ $memory\inst_mem.instructions$rdmux[0][6][3]$a$571 [19] 2'00 $memory\inst_mem.instructions$rdmux[0][6][3]$a$571 [3] 1'0 $memory\inst_mem.instructions$rdmux[0][6][3]$a$571 [3] 1'1 }, B={ $memory\inst_mem.instructions$rdmux[0][6][3]$b$572 [3:2] 2'10 $memory\inst_mem.instructions$rdmux[0][6][3]$b$572 [3] $memory\inst_mem.instructions$rdmux[0][6][3]$b$572 [3:2] }, Y={ $memory\inst_mem.instructions$rdmux[0][5][1]$b$470 [19] $memory\inst_mem.instructions$rdmux[0][5][1]$b$470 [17] $memory\inst_mem.instructions$rdmux[0][5][1]$b$470 [6:2] }
      New connections: { $memory\inst_mem.instructions$rdmux[0][5][1]$b$470 [21:20] $memory\inst_mem.instructions$rdmux[0][5][1]$b$470 [18] $memory\inst_mem.instructions$rdmux[0][5][1]$b$470 [16:7] $memory\inst_mem.instructions$rdmux[0][5][1]$b$470 [1:0] } = { 5'00000 $memory\inst_mem.instructions$rdmux[0][5][1]$b$470 [4] 1'0 $memory\inst_mem.instructions$rdmux[0][5][1]$b$470 [4] 7'0000111 }
    Consolidated identical input bits for $mux cell $memory\inst_mem.instructions$rdmux[0][6][1]$564:
      Old ports: A=$memory\inst_mem.instructions$rdmux[0][6][1]$a$565, B=$memory\inst_mem.instructions$rdmux[0][6][1]$b$566, Y=$memory\inst_mem.instructions$rdmux[0][5][0]$b$467
      New ports: A={ $memory\inst_mem.instructions$rdmux[0][6][1]$a$565 [11] $memory\inst_mem.instructions$rdmux[0][6][1]$a$565 [11] $memory\inst_mem.instructions$rdmux[0][6][1]$a$565 [11] 1'0 $memory\inst_mem.instructions$rdmux[0][6][1]$a$565 [5] 3'001 }, B={ 1'0 $memory\inst_mem.instructions$rdmux[0][6][1]$b$566 [2] $memory\inst_mem.instructions$rdmux[0][6][1]$b$566 [4] $memory\inst_mem.instructions$rdmux[0][6][1]$b$566 [2] 1'0 $memory\inst_mem.instructions$rdmux[0][6][1]$b$566 [4] 1'1 $memory\inst_mem.instructions$rdmux[0][6][1]$b$566 [2] }, Y={ $memory\inst_mem.instructions$rdmux[0][5][0]$b$467 [15] $memory\inst_mem.instructions$rdmux[0][5][0]$b$467 [12:11] $memory\inst_mem.instructions$rdmux[0][5][0]$b$467 [6:2] }
      New connections: { $memory\inst_mem.instructions$rdmux[0][5][0]$b$467 [21:16] $memory\inst_mem.instructions$rdmux[0][5][0]$b$467 [14:13] $memory\inst_mem.instructions$rdmux[0][5][0]$b$467 [10:7] $memory\inst_mem.instructions$rdmux[0][5][0]$b$467 [1:0] } = { $memory\inst_mem.instructions$rdmux[0][5][0]$b$467 [6] 1'0 $memory\inst_mem.instructions$rdmux[0][5][0]$b$467 [12] $memory\inst_mem.instructions$rdmux[0][5][0]$b$467 [5] $memory\inst_mem.instructions$rdmux[0][5][0]$b$467 [12] $memory\inst_mem.instructions$rdmux[0][5][0]$b$467 [15] $memory\inst_mem.instructions$rdmux[0][5][0]$b$467 [6] $memory\inst_mem.instructions$rdmux[0][5][0]$b$467 [6] $memory\inst_mem.instructions$rdmux[0][5][0]$b$467 [6] $memory\inst_mem.instructions$rdmux[0][5][0]$b$467 [2] $memory\inst_mem.instructions$rdmux[0][5][0]$b$467 [3] 3'111 }
    Consolidated identical input bits for $mux cell $memory\inst_mem.instructions$rdmux[0][6][0]$561:
      Old ports: A=$memory\inst_mem.instructions$rdmux[0][6][0]$a$562, B=$memory\inst_mem.instructions$rdmux[0][6][0]$b$563, Y=$memory\inst_mem.instructions$rdmux[0][5][0]$a$466
      New ports: A={ 1'0 $memory\inst_mem.instructions$rdmux[0][6][0]$a$562 [0] 2'00 $memory\inst_mem.instructions$rdmux[0][6][0]$a$562 [0] }, B={ $memory\inst_mem.instructions$rdmux[0][6][0]$b$563 [6] $memory\inst_mem.instructions$rdmux[0][6][0]$b$563 [6] 1'1 $memory\inst_mem.instructions$rdmux[0][6][0]$b$563 [3] 1'1 }, Y={ $memory\inst_mem.instructions$rdmux[0][5][0]$a$466 [7:5] $memory\inst_mem.instructions$rdmux[0][5][0]$a$466 [3] $memory\inst_mem.instructions$rdmux[0][5][0]$a$466 [0] }
      New connections: { $memory\inst_mem.instructions$rdmux[0][5][0]$a$466 [21:8] $memory\inst_mem.instructions$rdmux[0][5][0]$a$466 [4] $memory\inst_mem.instructions$rdmux[0][5][0]$a$466 [2:1] } = { 1'0 $memory\inst_mem.instructions$rdmux[0][5][0]$a$466 [0] $memory\inst_mem.instructions$rdmux[0][5][0]$a$466 [5] $memory\inst_mem.instructions$rdmux[0][5][0]$a$466 [0] $memory\inst_mem.instructions$rdmux[0][5][0]$a$466 [5] 1'0 $memory\inst_mem.instructions$rdmux[0][5][0]$a$466 [3] 1'0 $memory\inst_mem.instructions$rdmux[0][5][0]$a$466 [3] 3'000 $memory\inst_mem.instructions$rdmux[0][5][0]$a$466 [3] $memory\inst_mem.instructions$rdmux[0][5][0]$a$466 [0] 1'0 $memory\inst_mem.instructions$rdmux[0][5][0]$a$466 [0] $memory\inst_mem.instructions$rdmux[0][5][0]$a$466 [0] }
    Consolidated identical input bits for $mux cell $memory$flatten\seven_seg_conv.$auto$proc_rom.cc:150:do_switch$69$rdmux[0][2][3]$345:
      Old ports: A=$memory$flatten\seven_seg_conv.$auto$proc_rom.cc:150:do_switch$69$rdmux[0][2][3]$a$346, B=$memory$flatten\seven_seg_conv.$auto$proc_rom.cc:150:do_switch$69$rdmux[0][2][3]$b$347, Y=$memory$flatten\seven_seg_conv.$auto$proc_rom.cc:150:do_switch$69$rdmux[0][1][1]$b$335
      New ports: A={ $memory$flatten\seven_seg_conv.$auto$proc_rom.cc:150:do_switch$69$rdmux[0][2][3]$a$346 [0] 1'0 $memory$flatten\seven_seg_conv.$auto$proc_rom.cc:150:do_switch$69$rdmux[0][2][3]$a$346 [1:0] }, B={ 1'1 $memory$flatten\seven_seg_conv.$auto$proc_rom.cc:150:do_switch$69$rdmux[0][2][3]$b$347 [3] 2'00 }, Y={ $memory$flatten\seven_seg_conv.$auto$proc_rom.cc:150:do_switch$69$rdmux[0][1][1]$b$335 [4:3] $memory$flatten\seven_seg_conv.$auto$proc_rom.cc:150:do_switch$69$rdmux[0][1][1]$b$335 [1:0] }
      New connections: { $memory$flatten\seven_seg_conv.$auto$proc_rom.cc:150:do_switch$69$rdmux[0][1][1]$b$335 [6:5] $memory$flatten\seven_seg_conv.$auto$proc_rom.cc:150:do_switch$69$rdmux[0][1][1]$b$335 [2] } = { $memory$flatten\seven_seg_conv.$auto$proc_rom.cc:150:do_switch$69$rdmux[0][1][1]$b$335 [1] $memory$flatten\seven_seg_conv.$auto$proc_rom.cc:150:do_switch$69$rdmux[0][1][1]$b$335 [4] 1'0 }
    Consolidated identical input bits for $mux cell $memory$flatten\seven_seg_conv.$auto$proc_rom.cc:150:do_switch$69$rdmux[0][2][2]$342:
      Old ports: A=$memory$flatten\seven_seg_conv.$auto$proc_rom.cc:150:do_switch$69$rdmux[0][2][2]$a$343, B=$memory$flatten\seven_seg_conv.$auto$proc_rom.cc:150:do_switch$69$rdmux[0][2][2]$b$344, Y=$memory$flatten\seven_seg_conv.$auto$proc_rom.cc:150:do_switch$69$rdmux[0][1][1]$a$334
      New ports: A={ 2'00 $memory$flatten\seven_seg_conv.$auto$proc_rom.cc:150:do_switch$69$rdmux[0][2][2]$a$343 [2] }, B={ $memory$flatten\seven_seg_conv.$auto$proc_rom.cc:150:do_switch$69$rdmux[0][2][2]$b$344 [5] $memory$flatten\seven_seg_conv.$auto$proc_rom.cc:150:do_switch$69$rdmux[0][2][2]$b$344 [3] 1'0 }, Y={ $memory$flatten\seven_seg_conv.$auto$proc_rom.cc:150:do_switch$69$rdmux[0][1][1]$a$334 [5] $memory$flatten\seven_seg_conv.$auto$proc_rom.cc:150:do_switch$69$rdmux[0][1][1]$a$334 [3:2] }
      New connections: { $memory$flatten\seven_seg_conv.$auto$proc_rom.cc:150:do_switch$69$rdmux[0][1][1]$a$334 [6] $memory$flatten\seven_seg_conv.$auto$proc_rom.cc:150:do_switch$69$rdmux[0][1][1]$a$334 [4] $memory$flatten\seven_seg_conv.$auto$proc_rom.cc:150:do_switch$69$rdmux[0][1][1]$a$334 [1:0] } = { $memory$flatten\seven_seg_conv.$auto$proc_rom.cc:150:do_switch$69$rdmux[0][1][1]$a$334 [5] 3'000 }
    Consolidated identical input bits for $mux cell $memory$flatten\seven_seg_conv.$auto$proc_rom.cc:150:do_switch$69$rdmux[0][2][1]$339:
      Old ports: A=$memory$flatten\seven_seg_conv.$auto$proc_rom.cc:150:do_switch$69$rdmux[0][2][1]$a$340, B=$memory$flatten\seven_seg_conv.$auto$proc_rom.cc:150:do_switch$69$rdmux[0][2][1]$b$341, Y=$memory$flatten\seven_seg_conv.$auto$proc_rom.cc:150:do_switch$69$rdmux[0][1][0]$b$332
      New ports: A={ $memory$flatten\seven_seg_conv.$auto$proc_rom.cc:150:do_switch$69$rdmux[0][2][1]$a$340 [3] $memory$flatten\seven_seg_conv.$auto$proc_rom.cc:150:do_switch$69$rdmux[0][2][1]$a$340 [5] $memory$flatten\seven_seg_conv.$auto$proc_rom.cc:150:do_switch$69$rdmux[0][2][1]$a$340 [3] 2'10 }, B={ 1'0 $memory$flatten\seven_seg_conv.$auto$proc_rom.cc:150:do_switch$69$rdmux[0][2][1]$b$341 [5] $memory$flatten\seven_seg_conv.$auto$proc_rom.cc:150:do_switch$69$rdmux[0][2][1]$b$341 [0] $memory$flatten\seven_seg_conv.$auto$proc_rom.cc:150:do_switch$69$rdmux[0][2][1]$b$341 [0] $memory$flatten\seven_seg_conv.$auto$proc_rom.cc:150:do_switch$69$rdmux[0][2][1]$b$341 [0] }, Y={ $memory$flatten\seven_seg_conv.$auto$proc_rom.cc:150:do_switch$69$rdmux[0][1][0]$b$332 [6:5] $memory$flatten\seven_seg_conv.$auto$proc_rom.cc:150:do_switch$69$rdmux[0][1][0]$b$332 [3:2] $memory$flatten\seven_seg_conv.$auto$proc_rom.cc:150:do_switch$69$rdmux[0][1][0]$b$332 [0] }
      New connections: { $memory$flatten\seven_seg_conv.$auto$proc_rom.cc:150:do_switch$69$rdmux[0][1][0]$b$332 [4] $memory$flatten\seven_seg_conv.$auto$proc_rom.cc:150:do_switch$69$rdmux[0][1][0]$b$332 [1] } = { 1'0 $memory$flatten\seven_seg_conv.$auto$proc_rom.cc:150:do_switch$69$rdmux[0][1][0]$b$332 [0] }
    Consolidated identical input bits for $mux cell $memory$flatten\seven_seg_conv.$auto$proc_rom.cc:150:do_switch$69$rdmux[0][2][0]$336:
      Old ports: A=$memory$flatten\seven_seg_conv.$auto$proc_rom.cc:150:do_switch$69$rdmux[0][2][0]$a$337, B=$memory$flatten\seven_seg_conv.$auto$proc_rom.cc:150:do_switch$69$rdmux[0][2][0]$b$338, Y=$memory$flatten\seven_seg_conv.$auto$proc_rom.cc:150:do_switch$69$rdmux[0][1][0]$a$331
      New ports: A={ 1'0 $memory$flatten\seven_seg_conv.$auto$proc_rom.cc:150:do_switch$69$rdmux[0][2][0]$a$337 [1] $memory$flatten\seven_seg_conv.$auto$proc_rom.cc:150:do_switch$69$rdmux[0][2][0]$a$337 [1] $memory$flatten\seven_seg_conv.$auto$proc_rom.cc:150:do_switch$69$rdmux[0][2][0]$a$337 [1] 1'1 }, B={ $memory$flatten\seven_seg_conv.$auto$proc_rom.cc:150:do_switch$69$rdmux[0][2][0]$b$338 [4] 1'0 $memory$flatten\seven_seg_conv.$auto$proc_rom.cc:150:do_switch$69$rdmux[0][2][0]$b$338 [2] 2'10 }, Y=$memory$flatten\seven_seg_conv.$auto$proc_rom.cc:150:do_switch$69$rdmux[0][1][0]$a$331 [4:0]
      New connections: $memory$flatten\seven_seg_conv.$auto$proc_rom.cc:150:do_switch$69$rdmux[0][1][0]$a$331 [6:5] = { $memory$flatten\seven_seg_conv.$auto$proc_rom.cc:150:do_switch$69$rdmux[0][1][0]$a$331 [3] 1'0 }
  Optimizing cells in module \Main.
    Consolidated identical input bits for $mux cell $memory\inst_mem.instructions$rdmux[0][5][2]$471:
      Old ports: A=$memory\inst_mem.instructions$rdmux[0][5][2]$a$472, B=$memory\inst_mem.instructions$rdmux[0][5][2]$b$473, Y=$memory\inst_mem.instructions$rdmux[0][4][1]$a$421
      New ports: A={ $memory\inst_mem.instructions$rdmux[0][5][2]$a$472 [8] $memory\inst_mem.instructions$rdmux[0][5][2]$a$472 [17] $memory\inst_mem.instructions$rdmux[0][5][2]$a$472 [15] $memory\inst_mem.instructions$rdmux[0][5][2]$a$472 [13] $memory\inst_mem.instructions$rdmux[0][5][2]$a$472 [13:12] 1'0 $memory\inst_mem.instructions$rdmux[0][5][2]$a$472 [8] $memory\inst_mem.instructions$rdmux[0][5][2]$a$472 [6] $memory\inst_mem.instructions$rdmux[0][5][2]$a$472 [6:5] 1'0 $memory\inst_mem.instructions$rdmux[0][5][2]$a$472 [3] 2'11 }, B={ $memory\inst_mem.instructions$rdmux[0][5][2]$b$473 [9] $memory\inst_mem.instructions$rdmux[0][5][2]$b$473 [2] $memory\inst_mem.instructions$rdmux[0][5][2]$b$473 [9] $memory\inst_mem.instructions$rdmux[0][5][2]$b$473 [2] $memory\inst_mem.instructions$rdmux[0][5][2]$b$473 [9] $memory\inst_mem.instructions$rdmux[0][5][2]$b$473 [2] $memory\inst_mem.instructions$rdmux[0][5][2]$b$473 [9] $memory\inst_mem.instructions$rdmux[0][5][2]$b$473 [3] $memory\inst_mem.instructions$rdmux[0][5][2]$b$473 [0] $memory\inst_mem.instructions$rdmux[0][5][2]$b$473 [3:2] $memory\inst_mem.instructions$rdmux[0][5][2]$b$473 [3] $memory\inst_mem.instructions$rdmux[0][5][2]$b$473 [3:2] $memory\inst_mem.instructions$rdmux[0][5][2]$b$473 [0] }, Y={ $memory\inst_mem.instructions$rdmux[0][4][1]$a$421 [18:17] $memory\inst_mem.instructions$rdmux[0][4][1]$a$421 [15:12] $memory\inst_mem.instructions$rdmux[0][4][1]$a$421 [9:2] $memory\inst_mem.instructions$rdmux[0][4][1]$a$421 [0] }
      New connections: { $memory\inst_mem.instructions$rdmux[0][4][1]$a$421 [21:19] $memory\inst_mem.instructions$rdmux[0][4][1]$a$421 [16] $memory\inst_mem.instructions$rdmux[0][4][1]$a$421 [11:10] $memory\inst_mem.instructions$rdmux[0][4][1]$a$421 [1] } = { $memory\inst_mem.instructions$rdmux[0][4][1]$a$421 [9] $memory\inst_mem.instructions$rdmux[0][4][1]$a$421 [9] $memory\inst_mem.instructions$rdmux[0][4][1]$a$421 [18] $memory\inst_mem.instructions$rdmux[0][4][1]$a$421 [9] $memory\inst_mem.instructions$rdmux[0][4][1]$a$421 [4] $memory\inst_mem.instructions$rdmux[0][4][1]$a$421 [9] $memory\inst_mem.instructions$rdmux[0][4][1]$a$421 [0] }
    Consolidated identical input bits for $mux cell $memory\inst_mem.instructions$rdmux[0][5][1]$468:
      Old ports: A=22'0000000000000000000000, B=$memory\inst_mem.instructions$rdmux[0][5][1]$b$470, Y=$memory\inst_mem.instructions$rdmux[0][4][0]$b$419
      New ports: A=8'00000000, B={ $memory\inst_mem.instructions$rdmux[0][5][1]$b$470 [19] $memory\inst_mem.instructions$rdmux[0][5][1]$b$470 [17] $memory\inst_mem.instructions$rdmux[0][5][1]$b$470 [6:2] 1'1 }, Y={ $memory\inst_mem.instructions$rdmux[0][4][0]$b$419 [19] $memory\inst_mem.instructions$rdmux[0][4][0]$b$419 [17] $memory\inst_mem.instructions$rdmux[0][4][0]$b$419 [6:2] $memory\inst_mem.instructions$rdmux[0][4][0]$b$419 [0] }
      New connections: { $memory\inst_mem.instructions$rdmux[0][4][0]$b$419 [21:20] $memory\inst_mem.instructions$rdmux[0][4][0]$b$419 [18] $memory\inst_mem.instructions$rdmux[0][4][0]$b$419 [16:7] $memory\inst_mem.instructions$rdmux[0][4][0]$b$419 [1] } = { 5'00000 $memory\inst_mem.instructions$rdmux[0][4][0]$b$419 [4] 1'0 $memory\inst_mem.instructions$rdmux[0][4][0]$b$419 [4] 4'0000 $memory\inst_mem.instructions$rdmux[0][4][0]$b$419 [0] $memory\inst_mem.instructions$rdmux[0][4][0]$b$419 [0] }
    Consolidated identical input bits for $mux cell $memory\inst_mem.instructions$rdmux[0][5][0]$465:
      Old ports: A=$memory\inst_mem.instructions$rdmux[0][5][0]$a$466, B=$memory\inst_mem.instructions$rdmux[0][5][0]$b$467, Y=$memory\inst_mem.instructions$rdmux[0][4][0]$a$418
      New ports: A={ $memory\inst_mem.instructions$rdmux[0][5][0]$a$466 [0] $memory\inst_mem.instructions$rdmux[0][5][0]$a$466 [0] $memory\inst_mem.instructions$rdmux[0][5][0]$a$466 [5] 1'0 $memory\inst_mem.instructions$rdmux[0][5][0]$a$466 [3] $memory\inst_mem.instructions$rdmux[0][5][0]$a$466 [3] 3'000 $memory\inst_mem.instructions$rdmux[0][5][0]$a$466 [3] $memory\inst_mem.instructions$rdmux[0][5][0]$a$466 [0] $memory\inst_mem.instructions$rdmux[0][5][0]$a$466 [7:5] 1'0 $memory\inst_mem.instructions$rdmux[0][5][0]$a$466 [3] $memory\inst_mem.instructions$rdmux[0][5][0]$a$466 [0] $memory\inst_mem.instructions$rdmux[0][5][0]$a$466 [0] }, B={ 1'0 $memory\inst_mem.instructions$rdmux[0][5][0]$b$467 [5] $memory\inst_mem.instructions$rdmux[0][5][0]$b$467 [12] $memory\inst_mem.instructions$rdmux[0][5][0]$b$467 [15] $memory\inst_mem.instructions$rdmux[0][5][0]$b$467 [15] $memory\inst_mem.instructions$rdmux[0][5][0]$b$467 [6] $memory\inst_mem.instructions$rdmux[0][5][0]$b$467 [12:11] $memory\inst_mem.instructions$rdmux[0][5][0]$b$467 [6] $memory\inst_mem.instructions$rdmux[0][5][0]$b$467 [2] $memory\inst_mem.instructions$rdmux[0][5][0]$b$467 [3] 1'1 $memory\inst_mem.instructions$rdmux[0][5][0]$b$467 [6:2] 1'1 }, Y={ $memory\inst_mem.instructions$rdmux[0][4][0]$a$418 [20] $memory\inst_mem.instructions$rdmux[0][4][0]$a$418 [18:15] $memory\inst_mem.instructions$rdmux[0][4][0]$a$418 [13:2] $memory\inst_mem.instructions$rdmux[0][4][0]$a$418 [0] }
      New connections: { $memory\inst_mem.instructions$rdmux[0][4][0]$a$418 [21] $memory\inst_mem.instructions$rdmux[0][4][0]$a$418 [19] $memory\inst_mem.instructions$rdmux[0][4][0]$a$418 [14] $memory\inst_mem.instructions$rdmux[0][4][0]$a$418 [1] } = { $memory\inst_mem.instructions$rdmux[0][4][0]$a$418 [10] $memory\inst_mem.instructions$rdmux[0][4][0]$a$418 [17] $memory\inst_mem.instructions$rdmux[0][4][0]$a$418 [10] $memory\inst_mem.instructions$rdmux[0][4][0]$a$418 [0] }
  Optimizing cells in module \Main.
    Consolidated identical input bits for $mux cell $memory\inst_mem.instructions$rdmux[0][4][1]$420:
      Old ports: A=$memory\inst_mem.instructions$rdmux[0][4][1]$a$421, B=22'x, Y=$memory\inst_mem.instructions$rdmux[0][3][0]$b$395
      New ports: A={ $memory\inst_mem.instructions$rdmux[0][4][1]$a$421 [18:17] $memory\inst_mem.instructions$rdmux[0][4][1]$a$421 [15:12] $memory\inst_mem.instructions$rdmux[0][4][1]$a$421 [9:2] $memory\inst_mem.instructions$rdmux[0][4][1]$a$421 [0] }, B=15'x, Y={ $memory\inst_mem.instructions$rdmux[0][3][0]$b$395 [18:17] $memory\inst_mem.instructions$rdmux[0][3][0]$b$395 [15:12] $memory\inst_mem.instructions$rdmux[0][3][0]$b$395 [9:2] $memory\inst_mem.instructions$rdmux[0][3][0]$b$395 [0] }
      New connections: { $memory\inst_mem.instructions$rdmux[0][3][0]$b$395 [21:19] $memory\inst_mem.instructions$rdmux[0][3][0]$b$395 [16] $memory\inst_mem.instructions$rdmux[0][3][0]$b$395 [11:10] $memory\inst_mem.instructions$rdmux[0][3][0]$b$395 [1] } = { $memory\inst_mem.instructions$rdmux[0][3][0]$b$395 [9] $memory\inst_mem.instructions$rdmux[0][3][0]$b$395 [9] $memory\inst_mem.instructions$rdmux[0][3][0]$b$395 [18] $memory\inst_mem.instructions$rdmux[0][3][0]$b$395 [9] $memory\inst_mem.instructions$rdmux[0][3][0]$b$395 [4] $memory\inst_mem.instructions$rdmux[0][3][0]$b$395 [9] $memory\inst_mem.instructions$rdmux[0][3][0]$b$395 [0] }
    Consolidated identical input bits for $mux cell $memory\inst_mem.instructions$rdmux[0][4][0]$417:
      Old ports: A=$memory\inst_mem.instructions$rdmux[0][4][0]$a$418, B=$memory\inst_mem.instructions$rdmux[0][4][0]$b$419, Y=$memory\inst_mem.instructions$rdmux[0][3][0]$a$394
      New ports: A={ $memory\inst_mem.instructions$rdmux[0][4][0]$a$418 [20] $memory\inst_mem.instructions$rdmux[0][4][0]$a$418 [17] $memory\inst_mem.instructions$rdmux[0][4][0]$a$418 [18:15] $memory\inst_mem.instructions$rdmux[0][4][0]$a$418 [10] $memory\inst_mem.instructions$rdmux[0][4][0]$a$418 [13:2] $memory\inst_mem.instructions$rdmux[0][4][0]$a$418 [0] }, B={ 1'0 $memory\inst_mem.instructions$rdmux[0][4][0]$b$419 [19] 1'0 $memory\inst_mem.instructions$rdmux[0][4][0]$b$419 [17] 2'00 $memory\inst_mem.instructions$rdmux[0][4][0]$b$419 [4] 1'0 $memory\inst_mem.instructions$rdmux[0][4][0]$b$419 [4] 4'0000 $memory\inst_mem.instructions$rdmux[0][4][0]$b$419 [0] $memory\inst_mem.instructions$rdmux[0][4][0]$b$419 [6:2] $memory\inst_mem.instructions$rdmux[0][4][0]$b$419 [0] }, Y={ $memory\inst_mem.instructions$rdmux[0][3][0]$a$394 [20:2] $memory\inst_mem.instructions$rdmux[0][3][0]$a$394 [0] }
      New connections: { $memory\inst_mem.instructions$rdmux[0][3][0]$a$394 [21] $memory\inst_mem.instructions$rdmux[0][3][0]$a$394 [1] } = { $memory\inst_mem.instructions$rdmux[0][3][0]$a$394 [10] $memory\inst_mem.instructions$rdmux[0][3][0]$a$394 [0] }
  Optimizing cells in module \Main.
    Consolidated identical input bits for $mux cell $memory\inst_mem.instructions$rdmux[0][3][0]$393:
      Old ports: A=$memory\inst_mem.instructions$rdmux[0][3][0]$a$394, B=$memory\inst_mem.instructions$rdmux[0][3][0]$b$395, Y=$memory\inst_mem.instructions$rdmux[0][2][0]$a$382
      New ports: A={ $memory\inst_mem.instructions$rdmux[0][3][0]$a$394 [20:2] $memory\inst_mem.instructions$rdmux[0][3][0]$a$394 [0] }, B={ $memory\inst_mem.instructions$rdmux[0][3][0]$b$395 [9] $memory\inst_mem.instructions$rdmux[0][3][0]$b$395 [18] $memory\inst_mem.instructions$rdmux[0][3][0]$b$395 [18:17] $memory\inst_mem.instructions$rdmux[0][3][0]$b$395 [9] $memory\inst_mem.instructions$rdmux[0][3][0]$b$395 [15:12] $memory\inst_mem.instructions$rdmux[0][3][0]$b$395 [4] $memory\inst_mem.instructions$rdmux[0][3][0]$b$395 [9] $memory\inst_mem.instructions$rdmux[0][3][0]$b$395 [9:2] $memory\inst_mem.instructions$rdmux[0][3][0]$b$395 [0] }, Y={ $memory\inst_mem.instructions$rdmux[0][2][0]$a$382 [20:2] $memory\inst_mem.instructions$rdmux[0][2][0]$a$382 [0] }
      New connections: { $memory\inst_mem.instructions$rdmux[0][2][0]$a$382 [21] $memory\inst_mem.instructions$rdmux[0][2][0]$a$382 [1] } = { $memory\inst_mem.instructions$rdmux[0][2][0]$a$382 [10] $memory\inst_mem.instructions$rdmux[0][2][0]$a$382 [0] }
  Optimizing cells in module \Main.
    Consolidated identical input bits for $mux cell $memory\inst_mem.instructions$rdmux[0][2][0]$381:
      Old ports: A=$memory\inst_mem.instructions$rdmux[0][2][0]$a$382, B=22'x, Y=$memory\inst_mem.instructions$rdmux[0][1][0]$a$376
      New ports: A={ $memory\inst_mem.instructions$rdmux[0][2][0]$a$382 [20:2] $memory\inst_mem.instructions$rdmux[0][2][0]$a$382 [0] }, B=20'x, Y={ $memory\inst_mem.instructions$rdmux[0][1][0]$a$376 [20:2] $memory\inst_mem.instructions$rdmux[0][1][0]$a$376 [0] }
      New connections: { $memory\inst_mem.instructions$rdmux[0][1][0]$a$376 [21] $memory\inst_mem.instructions$rdmux[0][1][0]$a$376 [1] } = { $memory\inst_mem.instructions$rdmux[0][1][0]$a$376 [10] $memory\inst_mem.instructions$rdmux[0][1][0]$a$376 [0] }
  Optimizing cells in module \Main.
    Consolidated identical input bits for $mux cell $memory\inst_mem.instructions$rdmux[0][1][0]$375:
      Old ports: A=$memory\inst_mem.instructions$rdmux[0][1][0]$a$376, B=22'x, Y=$memory\inst_mem.instructions$rdmux[0][0][0]$a$373
      New ports: A={ $memory\inst_mem.instructions$rdmux[0][1][0]$a$376 [20:2] $memory\inst_mem.instructions$rdmux[0][1][0]$a$376 [0] }, B=20'x, Y={ $memory\inst_mem.instructions$rdmux[0][0][0]$a$373 [20:2] $memory\inst_mem.instructions$rdmux[0][0][0]$a$373 [0] }
      New connections: { $memory\inst_mem.instructions$rdmux[0][0][0]$a$373 [21] $memory\inst_mem.instructions$rdmux[0][0][0]$a$373 [1] } = { $memory\inst_mem.instructions$rdmux[0][0][0]$a$373 [10] $memory\inst_mem.instructions$rdmux[0][0][0]$a$373 [0] }
  Optimizing cells in module \Main.
    Consolidated identical input bits for $mux cell $memory\inst_mem.instructions$rdmux[0][0][0]$372:
      Old ports: A=$memory\inst_mem.instructions$rdmux[0][0][0]$a$373, B=22'x, Y={ \inst_dec.instr [24:15] \inst_dec.instr [13:4] \inst_dec.instr [1:0] }
      New ports: A={ $memory\inst_mem.instructions$rdmux[0][0][0]$a$373 [20:2] $memory\inst_mem.instructions$rdmux[0][0][0]$a$373 [0] }, B=20'x, Y={ \inst_dec.instr [23:15] \inst_dec.instr [13:4] \inst_dec.instr [0] }
      New connections: { \inst_dec.instr [24] \inst_dec.instr [1] } = { \inst_dec.instr [12] \inst_dec.instr [0] }
  Optimizing cells in module \Main.
Performed a total of 36 changes.

44.5. Executing OPT_MERGE pass (detect identical cells).
Finding identical cells in module `\Main'.
<suppressed ~33 debug messages>
Removed a total of 11 cells.

44.6. Executing OPT_SHARE pass.

44.7. Executing OPT_DFF pass (perform DFF optimizations).

44.8. Executing OPT_CLEAN pass (remove unused cells and wires).
Finding unused cells or wires in module \Main..
Removed 0 unused cells and 616 unused wires.
<suppressed ~1 debug messages>

44.9. Executing OPT_EXPR pass (perform const folding).
Optimizing module Main.
<suppressed ~10 debug messages>

44.10. Rerunning OPT passes. (Maybe there is more to do..)

44.11. Executing OPT_MUXTREE pass (detect dead branches in mux trees).
Running muxtree optimizer on module \Main..
  Creating internal representation of mux trees.
  Evaluating internal representation of mux trees.
  Analyzing evaluation results.
Removed 0 multiplexer ports.
<suppressed ~46 debug messages>

44.12. Executing OPT_REDUCE pass (consolidate $*mux and $reduce_* inputs).
  Optimizing cells in module \Main.
    Consolidated identical input bits for $mux cell $memory\inst_mem.instructions$rdmux[0][5][2]$471:
      Old ports: A={ $memory\inst_mem.instructions$rdmux[0][5][2]$a$472 [19] $memory\inst_mem.instructions$rdmux[0][5][2]$a$472 [17] $memory\inst_mem.instructions$rdmux[0][5][2]$a$472 [15:14] $memory\inst_mem.instructions$rdmux[0][5][2]$a$472 [14] $memory\inst_mem.instructions$rdmux[0][5][2]$a$472 [12] 1'0 $memory\inst_mem.instructions$rdmux[0][5][2]$a$472 [19] $memory\inst_mem.instructions$rdmux[0][5][2]$a$472 [7] $memory\inst_mem.instructions$rdmux[0][5][2]$a$472 [7] $memory\inst_mem.instructions$rdmux[0][5][2]$a$472 [5] 1'0 $memory\inst_mem.instructions$rdmux[0][5][2]$a$472 [3] 2'11 }, B={ $memory\inst_mem.instructions$rdmux[0][5][2]$b$473 [21] $memory\inst_mem.instructions$rdmux[0][5][2]$b$473 [17] $memory\inst_mem.instructions$rdmux[0][5][2]$b$473 [21] $memory\inst_mem.instructions$rdmux[0][5][2]$b$473 [17] $memory\inst_mem.instructions$rdmux[0][5][2]$b$473 [21] $memory\inst_mem.instructions$rdmux[0][5][2]$b$473 [17] $memory\inst_mem.instructions$rdmux[0][5][2]$b$473 [21] $memory\inst_mem.instructions$rdmux[0][5][2]$b$473 [11] $memory\inst_mem.instructions$rdmux[0][5][2]$b$473 [7] $memory\inst_mem.instructions$rdmux[0][5][2]$b$473 [11] $memory\inst_mem.instructions$rdmux[0][5][2]$b$473 [17] $memory\inst_mem.instructions$rdmux[0][5][2]$b$473 [11] $memory\inst_mem.instructions$rdmux[0][5][2]$b$473 [11] $memory\inst_mem.instructions$rdmux[0][5][2]$b$473 [17] $memory\inst_mem.instructions$rdmux[0][5][2]$b$473 [7] }, Y={ $memory\inst_mem.instructions$rdmux[0][4][1]$a$421 [19] $memory\inst_mem.instructions$rdmux[0][4][1]$a$421 [17] $memory\inst_mem.instructions$rdmux[0][4][1]$a$421 [15:12] $memory\inst_mem.instructions$rdmux[0][4][1]$a$421 [21] $memory\inst_mem.instructions$rdmux[0][4][1]$a$421 [8:5] $memory\inst_mem.instructions$rdmux[0][4][1]$a$421 [11] $memory\inst_mem.instructions$rdmux[0][4][1]$a$421 [3:1] }
      New ports: A={ $memory\inst_mem.instructions$rdmux[0][5][2]$a$472 [19] $memory\inst_mem.instructions$rdmux[0][5][2]$a$472 [17] $memory\inst_mem.instructions$rdmux[0][5][2]$a$472 [15:14] $memory\inst_mem.instructions$rdmux[0][5][2]$a$472 [14] $memory\inst_mem.instructions$rdmux[0][5][2]$a$472 [12] $memory\inst_mem.instructions$rdmux[0][5][2]$a$472 [19] $memory\inst_mem.instructions$rdmux[0][5][2]$a$472 [7] $memory\inst_mem.instructions$rdmux[0][5][2]$a$472 [7] $memory\inst_mem.instructions$rdmux[0][5][2]$a$472 [5] 1'0 $memory\inst_mem.instructions$rdmux[0][5][2]$a$472 [3] 1'1 }, B={ 1'0 $memory\inst_mem.instructions$rdmux[0][6][5]$a$577 [17] 1'0 $memory\inst_mem.instructions$rdmux[0][6][5]$a$577 [17] 1'0 $memory\inst_mem.instructions$rdmux[0][6][5]$a$577 [17] $memory\inst_mem.instructions$rdmux[0][6][5]$a$577 [11] 1'1 $memory\inst_mem.instructions$rdmux[0][6][5]$a$577 [11] $memory\inst_mem.instructions$rdmux[0][6][5]$a$577 [17] $memory\inst_mem.instructions$rdmux[0][6][5]$a$577 [11] $memory\inst_mem.instructions$rdmux[0][6][5]$a$577 [11] $memory\inst_mem.instructions$rdmux[0][6][5]$a$577 [17] }, Y={ $memory\inst_mem.instructions$rdmux[0][4][1]$a$421 [19] $memory\inst_mem.instructions$rdmux[0][4][1]$a$421 [17] $memory\inst_mem.instructions$rdmux[0][4][1]$a$421 [15:12] $memory\inst_mem.instructions$rdmux[0][4][1]$a$421 [8:5] $memory\inst_mem.instructions$rdmux[0][4][1]$a$421 [11] $memory\inst_mem.instructions$rdmux[0][4][1]$a$421 [3:2] }
      New connections: { $memory\inst_mem.instructions$rdmux[0][4][1]$a$421 [21] $memory\inst_mem.instructions$rdmux[0][4][1]$a$421 [1] } = 2'01
    Consolidated identical input bits for $mux cell $memory\inst_mem.instructions$rdmux[0][6][1]$564:
      Old ports: A={ $memory\inst_mem.instructions$rdmux[0][6][0]$b$563 [7] $memory\inst_mem.instructions$rdmux[0][6][0]$b$563 [7] $memory\inst_mem.instructions$rdmux[0][6][0]$b$563 [7] 1'0 $memory\inst_mem.instructions$rdmux[0][6][0]$b$563 [15] 3'001 }, B={ 1'0 $memory\inst_mem.instructions$rdmux[0][6][0]$b$563 [15] $memory\inst_mem.instructions$rdmux[0][6][0]$b$563 [7] $memory\inst_mem.instructions$rdmux[0][6][0]$b$563 [15] 1'0 $memory\inst_mem.instructions$rdmux[0][6][0]$b$563 [7] 1'1 $memory\inst_mem.instructions$rdmux[0][6][0]$b$563 [15] }, Y={ $memory\inst_mem.instructions$rdmux[0][5][0]$b$467 [16] $memory\inst_mem.instructions$rdmux[0][5][0]$b$467 [19] $memory\inst_mem.instructions$rdmux[0][5][0]$b$467 [11] $memory\inst_mem.instructions$rdmux[0][5][0]$b$467 [21] $memory\inst_mem.instructions$rdmux[0][5][0]$b$467 [18] $memory\inst_mem.instructions$rdmux[0][5][0]$b$467 [4] $memory\inst_mem.instructions$rdmux[0][5][0]$b$467 [8] $memory\inst_mem.instructions$rdmux[0][5][0]$b$467 [9] }
      New ports: A={ $memory\inst_mem.instructions$rdmux[0][6][0]$b$563 [7] $memory\inst_mem.instructions$rdmux[0][6][0]$b$563 [7] 1'0 $memory\inst_mem.instructions$rdmux[0][6][0]$b$563 [15] 3'001 }, B={ 1'0 $memory\inst_mem.instructions$rdmux[0][6][0]$b$563 [15] $memory\inst_mem.instructions$rdmux[0][6][0]$b$563 [15] 1'0 $memory\inst_mem.instructions$rdmux[0][6][0]$b$563 [7] 1'1 $memory\inst_mem.instructions$rdmux[0][6][0]$b$563 [15] }, Y={ $memory\inst_mem.instructions$rdmux[0][5][0]$b$467 [16] $memory\inst_mem.instructions$rdmux[0][5][0]$b$467 [19] $memory\inst_mem.instructions$rdmux[0][5][0]$b$467 [21] $memory\inst_mem.instructions$rdmux[0][5][0]$b$467 [18] $memory\inst_mem.instructions$rdmux[0][5][0]$b$467 [4] $memory\inst_mem.instructions$rdmux[0][5][0]$b$467 [8] $memory\inst_mem.instructions$rdmux[0][5][0]$b$467 [9] }
      New connections: $memory\inst_mem.instructions$rdmux[0][5][0]$b$467 [11] = $memory\inst_mem.instructions$rdmux[0][6][0]$b$563 [7]
    Consolidated identical input bits for $mux cell $memory\inst_mem.instructions$rdmux[0][6][3]$570:
      Old ports: A={ $memory\inst_mem.instructions$rdmux[0][6][0]$b$563 [7] 2'00 $memory\inst_mem.instructions$rdmux[0][6][0]$b$563 [15] 1'0 $memory\inst_mem.instructions$rdmux[0][6][0]$b$563 [15] 1'1 }, B={ $memory\inst_mem.instructions$rdmux[0][6][0]$b$563 [7] $memory\inst_mem.instructions$rdmux[0][6][0]$b$563 [15] 2'10 $memory\inst_mem.instructions$rdmux[0][6][0]$b$563 [7] $memory\inst_mem.instructions$rdmux[0][6][0]$b$563 [7] $memory\inst_mem.instructions$rdmux[0][6][0]$b$563 [15] }, Y={ $memory\inst_mem.instructions$rdmux[0][5][1]$b$470 [19] $memory\inst_mem.instructions$rdmux[0][5][1]$b$470 [17] $memory\inst_mem.instructions$rdmux[0][5][1]$b$470 [6:5] $memory\inst_mem.instructions$rdmux[0][5][1]$b$470 [14] $memory\inst_mem.instructions$rdmux[0][5][1]$b$470 [3:2] }
      New ports: A={ 2'00 $memory\inst_mem.instructions$rdmux[0][6][0]$b$563 [15] 1'0 $memory\inst_mem.instructions$rdmux[0][6][0]$b$563 [15] 1'1 }, B={ $memory\inst_mem.instructions$rdmux[0][6][0]$b$563 [15] 2'10 $memory\inst_mem.instructions$rdmux[0][6][0]$b$563 [7] $memory\inst_mem.instructions$rdmux[0][6][0]$b$563 [7] $memory\inst_mem.instructions$rdmux[0][6][0]$b$563 [15] }, Y={ $memory\inst_mem.instructions$rdmux[0][5][1]$b$470 [17] $memory\inst_mem.instructions$rdmux[0][5][1]$b$470 [6:5] $memory\inst_mem.instructions$rdmux[0][5][1]$b$470 [14] $memory\inst_mem.instructions$rdmux[0][5][1]$b$470 [3:2] }
      New connections: $memory\inst_mem.instructions$rdmux[0][5][1]$b$470 [19] = $memory\inst_mem.instructions$rdmux[0][6][0]$b$563 [7]
  Optimizing cells in module \Main.
Performed a total of 3 changes.

44.13. Executing OPT_MERGE pass (detect identical cells).
Finding identical cells in module `\Main'.
Removed a total of 0 cells.

44.14. Executing OPT_SHARE pass.

44.15. Executing OPT_DFF pass (perform DFF optimizations).
Adding EN signal on $memory\reg_file.memory[9]$1155 ($dff) from module Main (D = \alu.ALUResult, Q = \reg_file.memory[9]).
Adding EN signal on $memory\reg_file.memory[8]$1153 ($dff) from module Main (D = \alu.ALUResult, Q = \reg_file.memory[8]).
Adding EN signal on $memory\reg_file.memory[7]$1151 ($dff) from module Main (D = \alu.ALUResult, Q = \reg_file.memory[7]).
Adding EN signal on $memory\reg_file.memory[6]$1149 ($dff) from module Main (D = \alu.ALUResult, Q = \reg_file.memory[6]).
Adding EN signal on $memory\reg_file.memory[5]$1147 ($dff) from module Main (D = \alu.ALUResult, Q = \reg_file.memory[5]).
Adding EN signal on $memory\reg_file.memory[4]$1145 ($dff) from module Main (D = \alu.ALUResult, Q = \reg_file.memory[4]).
Adding EN signal on $memory\reg_file.memory[3]$1143 ($dff) from module Main (D = \alu.ALUResult, Q = \reg_file.memory[3]).
Adding EN signal on $memory\reg_file.memory[31]$1199 ($dff) from module Main (D = \alu.ALUResult, Q = \reg_file.memory[31]).
Adding EN signal on $memory\reg_file.memory[30]$1197 ($dff) from module Main (D = \alu.ALUResult, Q = \reg_file.memory[30]).
Adding EN signal on $memory\reg_file.memory[2]$1141 ($dff) from module Main (D = \alu.ALUResult, Q = \reg_file.memory[2]).
Adding EN signal on $memory\reg_file.memory[29]$1195 ($dff) from module Main (D = \alu.ALUResult, Q = \reg_file.memory[29]).
Adding EN signal on $memory\reg_file.memory[28]$1193 ($dff) from module Main (D = \alu.ALUResult, Q = \reg_file.memory[28]).
Adding EN signal on $memory\reg_file.memory[27]$1191 ($dff) from module Main (D = \alu.ALUResult, Q = \reg_file.memory[27]).
Adding EN signal on $memory\reg_file.memory[26]$1189 ($dff) from module Main (D = \alu.ALUResult, Q = \reg_file.memory[26]).
Adding EN signal on $memory\reg_file.memory[25]$1187 ($dff) from module Main (D = \alu.ALUResult, Q = \reg_file.memory[25]).
Adding EN signal on $memory\reg_file.memory[24]$1185 ($dff) from module Main (D = \alu.ALUResult, Q = \reg_file.memory[24]).
Adding EN signal on $memory\reg_file.memory[23]$1183 ($dff) from module Main (D = \alu.ALUResult, Q = \reg_file.memory[23]).
Adding EN signal on $memory\reg_file.memory[22]$1181 ($dff) from module Main (D = \alu.ALUResult, Q = \reg_file.memory[22]).
Adding EN signal on $memory\reg_file.memory[21]$1179 ($dff) from module Main (D = \alu.ALUResult, Q = \reg_file.memory[21]).
Adding EN signal on $memory\reg_file.memory[20]$1177 ($dff) from module Main (D = \alu.ALUResult, Q = \reg_file.memory[20]).
Adding EN signal on $memory\reg_file.memory[1]$1139 ($dff) from module Main (D = \alu.ALUResult, Q = \reg_file.memory[1]).
Adding EN signal on $memory\reg_file.memory[19]$1175 ($dff) from module Main (D = \alu.ALUResult, Q = \reg_file.memory[19]).
Adding EN signal on $memory\reg_file.memory[18]$1173 ($dff) from module Main (D = \alu.ALUResult, Q = \reg_file.memory[18]).
Adding EN signal on $memory\reg_file.memory[17]$1171 ($dff) from module Main (D = \alu.ALUResult, Q = \reg_file.memory[17]).
Adding EN signal on $memory\reg_file.memory[16]$1169 ($dff) from module Main (D = \alu.ALUResult, Q = \reg_file.memory[16]).
Adding EN signal on $memory\reg_file.memory[15]$1167 ($dff) from module Main (D = \alu.ALUResult, Q = \reg_file.memory[15]).
Adding EN signal on $memory\reg_file.memory[14]$1165 ($dff) from module Main (D = \alu.ALUResult, Q = \reg_file.memory[14]).
Adding EN signal on $memory\reg_file.memory[13]$1163 ($dff) from module Main (D = \alu.ALUResult, Q = \reg_file.memory[13]).
Adding EN signal on $memory\reg_file.memory[12]$1161 ($dff) from module Main (D = \alu.ALUResult, Q = \reg_file.memory[12]).
Adding EN signal on $memory\reg_file.memory[11]$1159 ($dff) from module Main (D = \alu.ALUResult, Q = \reg_file.memory[11]).
Adding EN signal on $memory\reg_file.memory[10]$1157 ($dff) from module Main (D = \alu.ALUResult, Q = \reg_file.memory[10]).
Adding EN signal on $memory\reg_file.memory[0]$1137 ($dff) from module Main (D = \alu.ALUResult, Q = \reg_file.memory[0]).

44.16. Executing OPT_CLEAN pass (remove unused cells and wires).
Finding unused cells or wires in module \Main..
Removed 32 unused cells and 39 unused wires.
<suppressed ~33 debug messages>

44.17. Executing OPT_EXPR pass (perform const folding).
Optimizing module Main.

44.18. Rerunning OPT passes. (Maybe there is more to do..)

44.19. Executing OPT_MUXTREE pass (detect dead branches in mux trees).
Running muxtree optimizer on module \Main..
  Creating internal representation of mux trees.
  Evaluating internal representation of mux trees.
  Analyzing evaluation results.
Removed 0 multiplexer ports.
<suppressed ~14 debug messages>

44.20. Executing OPT_REDUCE pass (consolidate $*mux and $reduce_* inputs).
  Optimizing cells in module \Main.
Performed a total of 0 changes.

44.21. Executing OPT_MERGE pass (detect identical cells).
Finding identical cells in module `\Main'.
Removed a total of 0 cells.

44.22. Executing OPT_SHARE pass.

44.23. Executing OPT_DFF pass (perform DFF optimizations).

44.24. Executing OPT_CLEAN pass (remove unused cells and wires).
Finding unused cells or wires in module \Main..

44.25. Executing OPT_EXPR pass (perform const folding).
Optimizing module Main.

44.26. Finished OPT passes. (There is nothing left to do.)

45. Executing TECHMAP pass (map to technology primitives).

45.1. Executing Verilog-2005 frontend: /nix/store/sx2v0i73mn1ih2z1nk61pm9n5gjgpidy-yosys/bin/../share/yosys/techmap.v
Parsing Verilog input from `/nix/store/sx2v0i73mn1ih2z1nk61pm9n5gjgpidy-yosys/bin/../share/yosys/techmap.v' to AST representation.
Generating RTLIL representation for module `\_90_simplemap_bool_ops'.
Generating RTLIL representation for module `\_90_simplemap_reduce_ops'.
Generating RTLIL representation for module `\_90_simplemap_logic_ops'.
Generating RTLIL representation for module `\_90_simplemap_compare_ops'.
Generating RTLIL representation for module `\_90_simplemap_various'.
Generating RTLIL representation for module `\_90_simplemap_registers'.
Generating RTLIL representation for module `\_90_shift_ops_shr_shl_sshl_sshr'.
Generating RTLIL representation for module `\_90_shift_shiftx'.
Generating RTLIL representation for module `\_90_fa'.
Generating RTLIL representation for module `\_90_lcu'.
Generating RTLIL representation for module `\_90_alu'.
Generating RTLIL representation for module `\_90_macc'.
Generating RTLIL representation for module `\_90_alumacc'.
Generating RTLIL representation for module `\$__div_mod_u'.
Generating RTLIL representation for module `\$__div_mod_trunc'.
Generating RTLIL representation for module `\_90_div'.
Generating RTLIL representation for module `\_90_mod'.
Generating RTLIL representation for module `\$__div_mod_floor'.
Generating RTLIL representation for module `\_90_divfloor'.
Generating RTLIL representation for module `\_90_modfloor'.
Generating RTLIL representation for module `\_90_pow'.
Generating RTLIL representation for module `\_90_pmux'.
Generating RTLIL representation for module `\_90_demux'.
Generating RTLIL representation for module `\_90_lut'.
Successfully finished Verilog frontend.

45.2. Continuing TECHMAP pass.
Using extmapper simplemap for cells of type $mux.
Using template $paramod$fbc7873bff55778c0b3173955b7e4bce1d9d6834\_90_alu for cells of type $alu.
Using extmapper simplemap for cells of type $and.
Using extmapper simplemap for cells of type $reduce_bool.
Using extmapper simplemap for cells of type $adff.
Using template $paramod$86918417b1d705351097c6e77e8f74c668cf6343\_90_mod for cells of type $mod.
Using template $paramod$215440792383f7884e57d9c95f84e9552d0bf4ac\_90_alu for cells of type $alu.
Using extmapper simplemap for cells of type $sdff.
Using extmapper simplemap for cells of type $dff.
Using template $paramod$85df5dc01c7df96a7d8e5f1fdf76ce9ac452af63\_90_pmux for cells of type $pmux.
Using template $paramod$521ce43182eecb9f60c72393a788160d2c356bf5\_90_pmux for cells of type $pmux.
Using extmapper simplemap for cells of type $eq.
Using extmapper simplemap for cells of type $logic_not.
Using extmapper simplemap for cells of type $dffe.
Using template $paramod$c5c783b17ab1d780abfad8cfe6563a0a7b47a3b0\_90_pmux for cells of type $pmux.
Using extmapper simplemap for cells of type $logic_or.
Using extmapper simplemap for cells of type $not.
Using extmapper simplemap for cells of type $dlatch.
Using template $paramod$constmap:b9a86d073741c2a0f7bb241e73c2dd11747f3288$paramod$56955d0f36f77738c952d3505dc563df3ee11b94\_90_shift_ops_shr_shl_sshl_sshr for cells of type $shr.
Using template $paramod$constmap:b9a86d073741c2a0f7bb241e73c2dd11747f3288$paramod$dce7c1188cb25d2520d170426d59301c3b73f9e7\_90_shift_ops_shr_shl_sshl_sshr for cells of type $shl.
Using template $paramod$54d740639e1393b22262823179ff783ea9f17a35\_90_pmux for cells of type $pmux.
Using template $paramod$ea402187f386206c0840504755479bf827f47707\_90_alu for cells of type $alu.
Using template $paramod$32a7b7b86c07519b7537abc18e96f0331f97914d\_90_alu for cells of type $alu.
Using template $paramod$86918417b1d705351097c6e77e8f74c668cf6343\_90_div for cells of type $div.
Using template $paramod$d7387fdb214042e5ef2d69a3f74948694b4bb65e\_90_pmux for cells of type $pmux.
Using extmapper simplemap for cells of type $or.
Using extmapper simplemap for cells of type $xor.
Using template $paramod\_90_lcu\WIDTH=32'00000000000000000000000000001101 for cells of type $lcu.
Using extmapper simplemap for cells of type $pos.
Using template $paramod$86918417b1d705351097c6e77e8f74c668cf6343\$__div_mod_trunc for cells of type $__div_mod_trunc.
Using template $paramod\_90_lcu\WIDTH=32'00000000000000000000000000100000 for cells of type $lcu.
Using template $paramod\_90_lcu\WIDTH=32'00000000000000000000000000010010 for cells of type $lcu.
Using template $paramod\_90_lcu\WIDTH=32'00000000000000000000000000000100 for cells of type $lcu.
Running "alumacc" on wrapper $extern:wrap:$neg:Y_WIDTH=32:A_WIDTH=32:A_SIGNED=0:394426c56d1a028ba8fdd5469b163e04011def47.
Using template $extern:wrap:$neg:Y_WIDTH=32:A_WIDTH=32:A_SIGNED=0:394426c56d1a028ba8fdd5469b163e04011def47 for cells of type $extern:wrap:$neg:Y_WIDTH=32:A_WIDTH=32:A_SIGNED=0:394426c56d1a028ba8fdd5469b163e04011def47.
Using extmapper simplemap for cells of type $logic_and.
Using extmapper simplemap for cells of type $ne.
Using template $paramod\$__div_mod_u\WIDTH=32'00000000000000000000000000100000 for cells of type $__div_mod_u.
Running "alumacc" on wrapper $extern:wrap:$neg:A_SIGNED=0:A_WIDTH=32:Y_WIDTH=32:394426c56d1a028ba8fdd5469b163e04011def47.
Using template $extern:wrap:$neg:A_SIGNED=0:A_WIDTH=32:Y_WIDTH=32:394426c56d1a028ba8fdd5469b163e04011def47 for cells of type $extern:wrap:$neg:A_SIGNED=0:A_WIDTH=32:Y_WIDTH=32:394426c56d1a028ba8fdd5469b163e04011def47.
Using template $paramod$c6baa65225090ac0a120feab1b920965244aa496\_90_alu for cells of type $alu.
Running "alumacc" on wrapper $extern:wrap:$sub:Y_WIDTH=32:B_WIDTH=32:A_WIDTH=32:B_SIGNED=0:A_SIGNED=0:394426c56d1a028ba8fdd5469b163e04011def47.
Using template $extern:wrap:$sub:Y_WIDTH=32:B_WIDTH=32:A_WIDTH=32:B_SIGNED=0:A_SIGNED=0:394426c56d1a028ba8fdd5469b163e04011def47 for cells of type $extern:wrap:$sub:Y_WIDTH=32:B_WIDTH=32:A_WIDTH=32:B_SIGNED=0:A_SIGNED=0:394426c56d1a028ba8fdd5469b163e04011def47.
Running "alumacc" on wrapper $extern:wrap:$ge:Y_WIDTH=1:B_WIDTH=32:A_WIDTH=32:B_SIGNED=0:A_SIGNED=0:394426c56d1a028ba8fdd5469b163e04011def47.
Using template $extern:wrap:$ge:Y_WIDTH=1:B_WIDTH=32:A_WIDTH=32:B_SIGNED=0:A_SIGNED=0:394426c56d1a028ba8fdd5469b163e04011def47 for cells of type $extern:wrap:$ge:Y_WIDTH=1:B_WIDTH=32:A_WIDTH=32:B_SIGNED=0:A_SIGNED=0:394426c56d1a028ba8fdd5469b163e04011def47.
Running "alumacc" on wrapper $extern:wrap:$sub:Y_WIDTH=33:B_WIDTH=33:A_WIDTH=32:B_SIGNED=0:A_SIGNED=0:394426c56d1a028ba8fdd5469b163e04011def47.
Using template $extern:wrap:$sub:Y_WIDTH=33:B_WIDTH=33:A_WIDTH=32:B_SIGNED=0:A_SIGNED=0:394426c56d1a028ba8fdd5469b163e04011def47 for cells of type $extern:wrap:$sub:Y_WIDTH=33:B_WIDTH=33:A_WIDTH=32:B_SIGNED=0:A_SIGNED=0:394426c56d1a028ba8fdd5469b163e04011def47.
Running "alumacc" on wrapper $extern:wrap:$ge:Y_WIDTH=1:B_WIDTH=33:A_WIDTH=32:B_SIGNED=0:A_SIGNED=0:394426c56d1a028ba8fdd5469b163e04011def47.
Using template $extern:wrap:$ge:Y_WIDTH=1:B_WIDTH=33:A_WIDTH=32:B_SIGNED=0:A_SIGNED=0:394426c56d1a028ba8fdd5469b163e04011def47 for cells of type $extern:wrap:$ge:Y_WIDTH=1:B_WIDTH=33:A_WIDTH=32:B_SIGNED=0:A_SIGNED=0:394426c56d1a028ba8fdd5469b163e04011def47.
Running "alumacc" on wrapper $extern:wrap:$sub:Y_WIDTH=34:B_WIDTH=34:A_WIDTH=32:B_SIGNED=0:A_SIGNED=0:394426c56d1a028ba8fdd5469b163e04011def47.
Using template $extern:wrap:$sub:Y_WIDTH=34:B_WIDTH=34:A_WIDTH=32:B_SIGNED=0:A_SIGNED=0:394426c56d1a028ba8fdd5469b163e04011def47 for cells of type $extern:wrap:$sub:Y_WIDTH=34:B_WIDTH=34:A_WIDTH=32:B_SIGNED=0:A_SIGNED=0:394426c56d1a028ba8fdd5469b163e04011def47.
Running "alumacc" on wrapper $extern:wrap:$ge:Y_WIDTH=1:B_WIDTH=34:A_WIDTH=32:B_SIGNED=0:A_SIGNED=0:394426c56d1a028ba8fdd5469b163e04011def47.
Using template $extern:wrap:$ge:Y_WIDTH=1:B_WIDTH=34:A_WIDTH=32:B_SIGNED=0:A_SIGNED=0:394426c56d1a028ba8fdd5469b163e04011def47 for cells of type $extern:wrap:$ge:Y_WIDTH=1:B_WIDTH=34:A_WIDTH=32:B_SIGNED=0:A_SIGNED=0:394426c56d1a028ba8fdd5469b163e04011def47.
Running "alumacc" on wrapper $extern:wrap:$sub:Y_WIDTH=35:B_WIDTH=35:A_WIDTH=32:B_SIGNED=0:A_SIGNED=0:394426c56d1a028ba8fdd5469b163e04011def47.
Using template $extern:wrap:$sub:Y_WIDTH=35:B_WIDTH=35:A_WIDTH=32:B_SIGNED=0:A_SIGNED=0:394426c56d1a028ba8fdd5469b163e04011def47 for cells of type $extern:wrap:$sub:Y_WIDTH=35:B_WIDTH=35:A_WIDTH=32:B_SIGNED=0:A_SIGNED=0:394426c56d1a028ba8fdd5469b163e04011def47.
Running "alumacc" on wrapper $extern:wrap:$ge:Y_WIDTH=1:B_WIDTH=35:A_WIDTH=32:B_SIGNED=0:A_SIGNED=0:394426c56d1a028ba8fdd5469b163e04011def47.
Using template $extern:wrap:$ge:Y_WIDTH=1:B_WIDTH=35:A_WIDTH=32:B_SIGNED=0:A_SIGNED=0:394426c56d1a028ba8fdd5469b163e04011def47 for cells of type $extern:wrap:$ge:Y_WIDTH=1:B_WIDTH=35:A_WIDTH=32:B_SIGNED=0:A_SIGNED=0:394426c56d1a028ba8fdd5469b163e04011def47.
Running "alumacc" on wrapper $extern:wrap:$sub:Y_WIDTH=36:B_WIDTH=36:A_WIDTH=32:B_SIGNED=0:A_SIGNED=0:394426c56d1a028ba8fdd5469b163e04011def47.
Using template $extern:wrap:$sub:Y_WIDTH=36:B_WIDTH=36:A_WIDTH=32:B_SIGNED=0:A_SIGNED=0:394426c56d1a028ba8fdd5469b163e04011def47 for cells of type $extern:wrap:$sub:Y_WIDTH=36:B_WIDTH=36:A_WIDTH=32:B_SIGNED=0:A_SIGNED=0:394426c56d1a028ba8fdd5469b163e04011def47.
Running "alumacc" on wrapper $extern:wrap:$ge:Y_WIDTH=1:B_WIDTH=36:A_WIDTH=32:B_SIGNED=0:A_SIGNED=0:394426c56d1a028ba8fdd5469b163e04011def47.
Using template $extern:wrap:$ge:Y_WIDTH=1:B_WIDTH=36:A_WIDTH=32:B_SIGNED=0:A_SIGNED=0:394426c56d1a028ba8fdd5469b163e04011def47 for cells of type $extern:wrap:$ge:Y_WIDTH=1:B_WIDTH=36:A_WIDTH=32:B_SIGNED=0:A_SIGNED=0:394426c56d1a028ba8fdd5469b163e04011def47.
Running "alumacc" on wrapper $extern:wrap:$sub:Y_WIDTH=37:B_WIDTH=37:A_WIDTH=32:B_SIGNED=0:A_SIGNED=0:394426c56d1a028ba8fdd5469b163e04011def47.
Using template $extern:wrap:$sub:Y_WIDTH=37:B_WIDTH=37:A_WIDTH=32:B_SIGNED=0:A_SIGNED=0:394426c56d1a028ba8fdd5469b163e04011def47 for cells of type $extern:wrap:$sub:Y_WIDTH=37:B_WIDTH=37:A_WIDTH=32:B_SIGNED=0:A_SIGNED=0:394426c56d1a028ba8fdd5469b163e04011def47.
Running "alumacc" on wrapper $extern:wrap:$ge:Y_WIDTH=1:B_WIDTH=37:A_WIDTH=32:B_SIGNED=0:A_SIGNED=0:394426c56d1a028ba8fdd5469b163e04011def47.
Using template $extern:wrap:$ge:Y_WIDTH=1:B_WIDTH=37:A_WIDTH=32:B_SIGNED=0:A_SIGNED=0:394426c56d1a028ba8fdd5469b163e04011def47 for cells of type $extern:wrap:$ge:Y_WIDTH=1:B_WIDTH=37:A_WIDTH=32:B_SIGNED=0:A_SIGNED=0:394426c56d1a028ba8fdd5469b163e04011def47.
Running "alumacc" on wrapper $extern:wrap:$sub:Y_WIDTH=38:B_WIDTH=38:A_WIDTH=32:B_SIGNED=0:A_SIGNED=0:394426c56d1a028ba8fdd5469b163e04011def47.
Using template $extern:wrap:$sub:Y_WIDTH=38:B_WIDTH=38:A_WIDTH=32:B_SIGNED=0:A_SIGNED=0:394426c56d1a028ba8fdd5469b163e04011def47 for cells of type $extern:wrap:$sub:Y_WIDTH=38:B_WIDTH=38:A_WIDTH=32:B_SIGNED=0:A_SIGNED=0:394426c56d1a028ba8fdd5469b163e04011def47.
Running "alumacc" on wrapper $extern:wrap:$ge:Y_WIDTH=1:B_WIDTH=38:A_WIDTH=32:B_SIGNED=0:A_SIGNED=0:394426c56d1a028ba8fdd5469b163e04011def47.
Using template $extern:wrap:$ge:Y_WIDTH=1:B_WIDTH=38:A_WIDTH=32:B_SIGNED=0:A_SIGNED=0:394426c56d1a028ba8fdd5469b163e04011def47 for cells of type $extern:wrap:$ge:Y_WIDTH=1:B_WIDTH=38:A_WIDTH=32:B_SIGNED=0:A_SIGNED=0:394426c56d1a028ba8fdd5469b163e04011def47.
Running "alumacc" on wrapper $extern:wrap:$sub:Y_WIDTH=39:B_WIDTH=39:A_WIDTH=32:B_SIGNED=0:A_SIGNED=0:394426c56d1a028ba8fdd5469b163e04011def47.
Using template $extern:wrap:$sub:Y_WIDTH=39:B_WIDTH=39:A_WIDTH=32:B_SIGNED=0:A_SIGNED=0:394426c56d1a028ba8fdd5469b163e04011def47 for cells of type $extern:wrap:$sub:Y_WIDTH=39:B_WIDTH=39:A_WIDTH=32:B_SIGNED=0:A_SIGNED=0:394426c56d1a028ba8fdd5469b163e04011def47.
Running "alumacc" on wrapper $extern:wrap:$ge:Y_WIDTH=1:B_WIDTH=39:A_WIDTH=32:B_SIGNED=0:A_SIGNED=0:394426c56d1a028ba8fdd5469b163e04011def47.
Using template $extern:wrap:$ge:Y_WIDTH=1:B_WIDTH=39:A_WIDTH=32:B_SIGNED=0:A_SIGNED=0:394426c56d1a028ba8fdd5469b163e04011def47 for cells of type $extern:wrap:$ge:Y_WIDTH=1:B_WIDTH=39:A_WIDTH=32:B_SIGNED=0:A_SIGNED=0:394426c56d1a028ba8fdd5469b163e04011def47.
Running "alumacc" on wrapper $extern:wrap:$sub:Y_WIDTH=40:B_WIDTH=40:A_WIDTH=32:B_SIGNED=0:A_SIGNED=0:394426c56d1a028ba8fdd5469b163e04011def47.
Using template $extern:wrap:$sub:Y_WIDTH=40:B_WIDTH=40:A_WIDTH=32:B_SIGNED=0:A_SIGNED=0:394426c56d1a028ba8fdd5469b163e04011def47 for cells of type $extern:wrap:$sub:Y_WIDTH=40:B_WIDTH=40:A_WIDTH=32:B_SIGNED=0:A_SIGNED=0:394426c56d1a028ba8fdd5469b163e04011def47.
Running "alumacc" on wrapper $extern:wrap:$ge:Y_WIDTH=1:B_WIDTH=40:A_WIDTH=32:B_SIGNED=0:A_SIGNED=0:394426c56d1a028ba8fdd5469b163e04011def47.
Using template $extern:wrap:$ge:Y_WIDTH=1:B_WIDTH=40:A_WIDTH=32:B_SIGNED=0:A_SIGNED=0:394426c56d1a028ba8fdd5469b163e04011def47 for cells of type $extern:wrap:$ge:Y_WIDTH=1:B_WIDTH=40:A_WIDTH=32:B_SIGNED=0:A_SIGNED=0:394426c56d1a028ba8fdd5469b163e04011def47.
Running "alumacc" on wrapper $extern:wrap:$sub:Y_WIDTH=41:B_WIDTH=41:A_WIDTH=32:B_SIGNED=0:A_SIGNED=0:394426c56d1a028ba8fdd5469b163e04011def47.
Using template $extern:wrap:$sub:Y_WIDTH=41:B_WIDTH=41:A_WIDTH=32:B_SIGNED=0:A_SIGNED=0:394426c56d1a028ba8fdd5469b163e04011def47 for cells of type $extern:wrap:$sub:Y_WIDTH=41:B_WIDTH=41:A_WIDTH=32:B_SIGNED=0:A_SIGNED=0:394426c56d1a028ba8fdd5469b163e04011def47.
Running "alumacc" on wrapper $extern:wrap:$ge:Y_WIDTH=1:B_WIDTH=41:A_WIDTH=32:B_SIGNED=0:A_SIGNED=0:394426c56d1a028ba8fdd5469b163e04011def47.
Using template $extern:wrap:$ge:Y_WIDTH=1:B_WIDTH=41:A_WIDTH=32:B_SIGNED=0:A_SIGNED=0:394426c56d1a028ba8fdd5469b163e04011def47 for cells of type $extern:wrap:$ge:Y_WIDTH=1:B_WIDTH=41:A_WIDTH=32:B_SIGNED=0:A_SIGNED=0:394426c56d1a028ba8fdd5469b163e04011def47.
Running "alumacc" on wrapper $extern:wrap:$sub:Y_WIDTH=42:B_WIDTH=42:A_WIDTH=32:B_SIGNED=0:A_SIGNED=0:394426c56d1a028ba8fdd5469b163e04011def47.
Using template $extern:wrap:$sub:Y_WIDTH=42:B_WIDTH=42:A_WIDTH=32:B_SIGNED=0:A_SIGNED=0:394426c56d1a028ba8fdd5469b163e04011def47 for cells of type $extern:wrap:$sub:Y_WIDTH=42:B_WIDTH=42:A_WIDTH=32:B_SIGNED=0:A_SIGNED=0:394426c56d1a028ba8fdd5469b163e04011def47.
Running "alumacc" on wrapper $extern:wrap:$ge:Y_WIDTH=1:B_WIDTH=42:A_WIDTH=32:B_SIGNED=0:A_SIGNED=0:394426c56d1a028ba8fdd5469b163e04011def47.
Using template $extern:wrap:$ge:Y_WIDTH=1:B_WIDTH=42:A_WIDTH=32:B_SIGNED=0:A_SIGNED=0:394426c56d1a028ba8fdd5469b163e04011def47 for cells of type $extern:wrap:$ge:Y_WIDTH=1:B_WIDTH=42:A_WIDTH=32:B_SIGNED=0:A_SIGNED=0:394426c56d1a028ba8fdd5469b163e04011def47.
Running "alumacc" on wrapper $extern:wrap:$sub:Y_WIDTH=43:B_WIDTH=43:A_WIDTH=32:B_SIGNED=0:A_SIGNED=0:394426c56d1a028ba8fdd5469b163e04011def47.
Using template $extern:wrap:$sub:Y_WIDTH=43:B_WIDTH=43:A_WIDTH=32:B_SIGNED=0:A_SIGNED=0:394426c56d1a028ba8fdd5469b163e04011def47 for cells of type $extern:wrap:$sub:Y_WIDTH=43:B_WIDTH=43:A_WIDTH=32:B_SIGNED=0:A_SIGNED=0:394426c56d1a028ba8fdd5469b163e04011def47.
Running "alumacc" on wrapper $extern:wrap:$ge:Y_WIDTH=1:B_WIDTH=43:A_WIDTH=32:B_SIGNED=0:A_SIGNED=0:394426c56d1a028ba8fdd5469b163e04011def47.
Using template $extern:wrap:$ge:Y_WIDTH=1:B_WIDTH=43:A_WIDTH=32:B_SIGNED=0:A_SIGNED=0:394426c56d1a028ba8fdd5469b163e04011def47 for cells of type $extern:wrap:$ge:Y_WIDTH=1:B_WIDTH=43:A_WIDTH=32:B_SIGNED=0:A_SIGNED=0:394426c56d1a028ba8fdd5469b163e04011def47.
Running "alumacc" on wrapper $extern:wrap:$sub:Y_WIDTH=44:B_WIDTH=44:A_WIDTH=32:B_SIGNED=0:A_SIGNED=0:394426c56d1a028ba8fdd5469b163e04011def47.
Using template $extern:wrap:$sub:Y_WIDTH=44:B_WIDTH=44:A_WIDTH=32:B_SIGNED=0:A_SIGNED=0:394426c56d1a028ba8fdd5469b163e04011def47 for cells of type $extern:wrap:$sub:Y_WIDTH=44:B_WIDTH=44:A_WIDTH=32:B_SIGNED=0:A_SIGNED=0:394426c56d1a028ba8fdd5469b163e04011def47.
Running "alumacc" on wrapper $extern:wrap:$ge:Y_WIDTH=1:B_WIDTH=44:A_WIDTH=32:B_SIGNED=0:A_SIGNED=0:394426c56d1a028ba8fdd5469b163e04011def47.
Using template $extern:wrap:$ge:Y_WIDTH=1:B_WIDTH=44:A_WIDTH=32:B_SIGNED=0:A_SIGNED=0:394426c56d1a028ba8fdd5469b163e04011def47 for cells of type $extern:wrap:$ge:Y_WIDTH=1:B_WIDTH=44:A_WIDTH=32:B_SIGNED=0:A_SIGNED=0:394426c56d1a028ba8fdd5469b163e04011def47.
Running "alumacc" on wrapper $extern:wrap:$sub:Y_WIDTH=45:B_WIDTH=45:A_WIDTH=32:B_SIGNED=0:A_SIGNED=0:394426c56d1a028ba8fdd5469b163e04011def47.
Using template $extern:wrap:$sub:Y_WIDTH=45:B_WIDTH=45:A_WIDTH=32:B_SIGNED=0:A_SIGNED=0:394426c56d1a028ba8fdd5469b163e04011def47 for cells of type $extern:wrap:$sub:Y_WIDTH=45:B_WIDTH=45:A_WIDTH=32:B_SIGNED=0:A_SIGNED=0:394426c56d1a028ba8fdd5469b163e04011def47.
Running "alumacc" on wrapper $extern:wrap:$ge:Y_WIDTH=1:B_WIDTH=45:A_WIDTH=32:B_SIGNED=0:A_SIGNED=0:394426c56d1a028ba8fdd5469b163e04011def47.
Using template $extern:wrap:$ge:Y_WIDTH=1:B_WIDTH=45:A_WIDTH=32:B_SIGNED=0:A_SIGNED=0:394426c56d1a028ba8fdd5469b163e04011def47 for cells of type $extern:wrap:$ge:Y_WIDTH=1:B_WIDTH=45:A_WIDTH=32:B_SIGNED=0:A_SIGNED=0:394426c56d1a028ba8fdd5469b163e04011def47.
Running "alumacc" on wrapper $extern:wrap:$sub:Y_WIDTH=46:B_WIDTH=46:A_WIDTH=32:B_SIGNED=0:A_SIGNED=0:394426c56d1a028ba8fdd5469b163e04011def47.
Using template $extern:wrap:$sub:Y_WIDTH=46:B_WIDTH=46:A_WIDTH=32:B_SIGNED=0:A_SIGNED=0:394426c56d1a028ba8fdd5469b163e04011def47 for cells of type $extern:wrap:$sub:Y_WIDTH=46:B_WIDTH=46:A_WIDTH=32:B_SIGNED=0:A_SIGNED=0:394426c56d1a028ba8fdd5469b163e04011def47.
Running "alumacc" on wrapper $extern:wrap:$ge:Y_WIDTH=1:B_WIDTH=46:A_WIDTH=32:B_SIGNED=0:A_SIGNED=0:394426c56d1a028ba8fdd5469b163e04011def47.
Using template $extern:wrap:$ge:Y_WIDTH=1:B_WIDTH=46:A_WIDTH=32:B_SIGNED=0:A_SIGNED=0:394426c56d1a028ba8fdd5469b163e04011def47 for cells of type $extern:wrap:$ge:Y_WIDTH=1:B_WIDTH=46:A_WIDTH=32:B_SIGNED=0:A_SIGNED=0:394426c56d1a028ba8fdd5469b163e04011def47.
Running "alumacc" on wrapper $extern:wrap:$sub:Y_WIDTH=47:B_WIDTH=47:A_WIDTH=32:B_SIGNED=0:A_SIGNED=0:394426c56d1a028ba8fdd5469b163e04011def47.
Using template $extern:wrap:$sub:Y_WIDTH=47:B_WIDTH=47:A_WIDTH=32:B_SIGNED=0:A_SIGNED=0:394426c56d1a028ba8fdd5469b163e04011def47 for cells of type $extern:wrap:$sub:Y_WIDTH=47:B_WIDTH=47:A_WIDTH=32:B_SIGNED=0:A_SIGNED=0:394426c56d1a028ba8fdd5469b163e04011def47.
Running "alumacc" on wrapper $extern:wrap:$ge:Y_WIDTH=1:B_WIDTH=47:A_WIDTH=32:B_SIGNED=0:A_SIGNED=0:394426c56d1a028ba8fdd5469b163e04011def47.
Using template $extern:wrap:$ge:Y_WIDTH=1:B_WIDTH=47:A_WIDTH=32:B_SIGNED=0:A_SIGNED=0:394426c56d1a028ba8fdd5469b163e04011def47 for cells of type $extern:wrap:$ge:Y_WIDTH=1:B_WIDTH=47:A_WIDTH=32:B_SIGNED=0:A_SIGNED=0:394426c56d1a028ba8fdd5469b163e04011def47.
Running "alumacc" on wrapper $extern:wrap:$sub:Y_WIDTH=48:B_WIDTH=48:A_WIDTH=32:B_SIGNED=0:A_SIGNED=0:394426c56d1a028ba8fdd5469b163e04011def47.
Using template $extern:wrap:$sub:Y_WIDTH=48:B_WIDTH=48:A_WIDTH=32:B_SIGNED=0:A_SIGNED=0:394426c56d1a028ba8fdd5469b163e04011def47 for cells of type $extern:wrap:$sub:Y_WIDTH=48:B_WIDTH=48:A_WIDTH=32:B_SIGNED=0:A_SIGNED=0:394426c56d1a028ba8fdd5469b163e04011def47.
Running "alumacc" on wrapper $extern:wrap:$ge:Y_WIDTH=1:B_WIDTH=48:A_WIDTH=32:B_SIGNED=0:A_SIGNED=0:394426c56d1a028ba8fdd5469b163e04011def47.
Using template $extern:wrap:$ge:Y_WIDTH=1:B_WIDTH=48:A_WIDTH=32:B_SIGNED=0:A_SIGNED=0:394426c56d1a028ba8fdd5469b163e04011def47 for cells of type $extern:wrap:$ge:Y_WIDTH=1:B_WIDTH=48:A_WIDTH=32:B_SIGNED=0:A_SIGNED=0:394426c56d1a028ba8fdd5469b163e04011def47.
Running "alumacc" on wrapper $extern:wrap:$sub:Y_WIDTH=49:B_WIDTH=49:A_WIDTH=32:B_SIGNED=0:A_SIGNED=0:394426c56d1a028ba8fdd5469b163e04011def47.
Using template $extern:wrap:$sub:Y_WIDTH=49:B_WIDTH=49:A_WIDTH=32:B_SIGNED=0:A_SIGNED=0:394426c56d1a028ba8fdd5469b163e04011def47 for cells of type $extern:wrap:$sub:Y_WIDTH=49:B_WIDTH=49:A_WIDTH=32:B_SIGNED=0:A_SIGNED=0:394426c56d1a028ba8fdd5469b163e04011def47.
Running "alumacc" on wrapper $extern:wrap:$ge:Y_WIDTH=1:B_WIDTH=49:A_WIDTH=32:B_SIGNED=0:A_SIGNED=0:394426c56d1a028ba8fdd5469b163e04011def47.
Using template $extern:wrap:$ge:Y_WIDTH=1:B_WIDTH=49:A_WIDTH=32:B_SIGNED=0:A_SIGNED=0:394426c56d1a028ba8fdd5469b163e04011def47 for cells of type $extern:wrap:$ge:Y_WIDTH=1:B_WIDTH=49:A_WIDTH=32:B_SIGNED=0:A_SIGNED=0:394426c56d1a028ba8fdd5469b163e04011def47.
Running "alumacc" on wrapper $extern:wrap:$sub:Y_WIDTH=50:B_WIDTH=50:A_WIDTH=32:B_SIGNED=0:A_SIGNED=0:394426c56d1a028ba8fdd5469b163e04011def47.
Using template $extern:wrap:$sub:Y_WIDTH=50:B_WIDTH=50:A_WIDTH=32:B_SIGNED=0:A_SIGNED=0:394426c56d1a028ba8fdd5469b163e04011def47 for cells of type $extern:wrap:$sub:Y_WIDTH=50:B_WIDTH=50:A_WIDTH=32:B_SIGNED=0:A_SIGNED=0:394426c56d1a028ba8fdd5469b163e04011def47.
Running "alumacc" on wrapper $extern:wrap:$ge:Y_WIDTH=1:B_WIDTH=50:A_WIDTH=32:B_SIGNED=0:A_SIGNED=0:394426c56d1a028ba8fdd5469b163e04011def47.
Using template $extern:wrap:$ge:Y_WIDTH=1:B_WIDTH=50:A_WIDTH=32:B_SIGNED=0:A_SIGNED=0:394426c56d1a028ba8fdd5469b163e04011def47 for cells of type $extern:wrap:$ge:Y_WIDTH=1:B_WIDTH=50:A_WIDTH=32:B_SIGNED=0:A_SIGNED=0:394426c56d1a028ba8fdd5469b163e04011def47.
Running "alumacc" on wrapper $extern:wrap:$sub:Y_WIDTH=51:B_WIDTH=51:A_WIDTH=32:B_SIGNED=0:A_SIGNED=0:394426c56d1a028ba8fdd5469b163e04011def47.
Using template $extern:wrap:$sub:Y_WIDTH=51:B_WIDTH=51:A_WIDTH=32:B_SIGNED=0:A_SIGNED=0:394426c56d1a028ba8fdd5469b163e04011def47 for cells of type $extern:wrap:$sub:Y_WIDTH=51:B_WIDTH=51:A_WIDTH=32:B_SIGNED=0:A_SIGNED=0:394426c56d1a028ba8fdd5469b163e04011def47.
Running "alumacc" on wrapper $extern:wrap:$ge:Y_WIDTH=1:B_WIDTH=51:A_WIDTH=32:B_SIGNED=0:A_SIGNED=0:394426c56d1a028ba8fdd5469b163e04011def47.
Using template $extern:wrap:$ge:Y_WIDTH=1:B_WIDTH=51:A_WIDTH=32:B_SIGNED=0:A_SIGNED=0:394426c56d1a028ba8fdd5469b163e04011def47 for cells of type $extern:wrap:$ge:Y_WIDTH=1:B_WIDTH=51:A_WIDTH=32:B_SIGNED=0:A_SIGNED=0:394426c56d1a028ba8fdd5469b163e04011def47.
Running "alumacc" on wrapper $extern:wrap:$sub:Y_WIDTH=52:B_WIDTH=52:A_WIDTH=32:B_SIGNED=0:A_SIGNED=0:394426c56d1a028ba8fdd5469b163e04011def47.
Using template $extern:wrap:$sub:Y_WIDTH=52:B_WIDTH=52:A_WIDTH=32:B_SIGNED=0:A_SIGNED=0:394426c56d1a028ba8fdd5469b163e04011def47 for cells of type $extern:wrap:$sub:Y_WIDTH=52:B_WIDTH=52:A_WIDTH=32:B_SIGNED=0:A_SIGNED=0:394426c56d1a028ba8fdd5469b163e04011def47.
Running "alumacc" on wrapper $extern:wrap:$ge:Y_WIDTH=1:B_WIDTH=52:A_WIDTH=32:B_SIGNED=0:A_SIGNED=0:394426c56d1a028ba8fdd5469b163e04011def47.
Using template $extern:wrap:$ge:Y_WIDTH=1:B_WIDTH=52:A_WIDTH=32:B_SIGNED=0:A_SIGNED=0:394426c56d1a028ba8fdd5469b163e04011def47 for cells of type $extern:wrap:$ge:Y_WIDTH=1:B_WIDTH=52:A_WIDTH=32:B_SIGNED=0:A_SIGNED=0:394426c56d1a028ba8fdd5469b163e04011def47.
Running "alumacc" on wrapper $extern:wrap:$sub:Y_WIDTH=53:B_WIDTH=53:A_WIDTH=32:B_SIGNED=0:A_SIGNED=0:394426c56d1a028ba8fdd5469b163e04011def47.
Using template $extern:wrap:$sub:Y_WIDTH=53:B_WIDTH=53:A_WIDTH=32:B_SIGNED=0:A_SIGNED=0:394426c56d1a028ba8fdd5469b163e04011def47 for cells of type $extern:wrap:$sub:Y_WIDTH=53:B_WIDTH=53:A_WIDTH=32:B_SIGNED=0:A_SIGNED=0:394426c56d1a028ba8fdd5469b163e04011def47.
Running "alumacc" on wrapper $extern:wrap:$ge:Y_WIDTH=1:B_WIDTH=53:A_WIDTH=32:B_SIGNED=0:A_SIGNED=0:394426c56d1a028ba8fdd5469b163e04011def47.
Using template $extern:wrap:$ge:Y_WIDTH=1:B_WIDTH=53:A_WIDTH=32:B_SIGNED=0:A_SIGNED=0:394426c56d1a028ba8fdd5469b163e04011def47 for cells of type $extern:wrap:$ge:Y_WIDTH=1:B_WIDTH=53:A_WIDTH=32:B_SIGNED=0:A_SIGNED=0:394426c56d1a028ba8fdd5469b163e04011def47.
Running "alumacc" on wrapper $extern:wrap:$sub:Y_WIDTH=54:B_WIDTH=54:A_WIDTH=32:B_SIGNED=0:A_SIGNED=0:394426c56d1a028ba8fdd5469b163e04011def47.
Using template $extern:wrap:$sub:Y_WIDTH=54:B_WIDTH=54:A_WIDTH=32:B_SIGNED=0:A_SIGNED=0:394426c56d1a028ba8fdd5469b163e04011def47 for cells of type $extern:wrap:$sub:Y_WIDTH=54:B_WIDTH=54:A_WIDTH=32:B_SIGNED=0:A_SIGNED=0:394426c56d1a028ba8fdd5469b163e04011def47.
Running "alumacc" on wrapper $extern:wrap:$ge:Y_WIDTH=1:B_WIDTH=54:A_WIDTH=32:B_SIGNED=0:A_SIGNED=0:394426c56d1a028ba8fdd5469b163e04011def47.
Using template $extern:wrap:$ge:Y_WIDTH=1:B_WIDTH=54:A_WIDTH=32:B_SIGNED=0:A_SIGNED=0:394426c56d1a028ba8fdd5469b163e04011def47 for cells of type $extern:wrap:$ge:Y_WIDTH=1:B_WIDTH=54:A_WIDTH=32:B_SIGNED=0:A_SIGNED=0:394426c56d1a028ba8fdd5469b163e04011def47.
Running "alumacc" on wrapper $extern:wrap:$sub:Y_WIDTH=55:B_WIDTH=55:A_WIDTH=32:B_SIGNED=0:A_SIGNED=0:394426c56d1a028ba8fdd5469b163e04011def47.
Using template $extern:wrap:$sub:Y_WIDTH=55:B_WIDTH=55:A_WIDTH=32:B_SIGNED=0:A_SIGNED=0:394426c56d1a028ba8fdd5469b163e04011def47 for cells of type $extern:wrap:$sub:Y_WIDTH=55:B_WIDTH=55:A_WIDTH=32:B_SIGNED=0:A_SIGNED=0:394426c56d1a028ba8fdd5469b163e04011def47.
Running "alumacc" on wrapper $extern:wrap:$ge:Y_WIDTH=1:B_WIDTH=55:A_WIDTH=32:B_SIGNED=0:A_SIGNED=0:394426c56d1a028ba8fdd5469b163e04011def47.
Using template $extern:wrap:$ge:Y_WIDTH=1:B_WIDTH=55:A_WIDTH=32:B_SIGNED=0:A_SIGNED=0:394426c56d1a028ba8fdd5469b163e04011def47 for cells of type $extern:wrap:$ge:Y_WIDTH=1:B_WIDTH=55:A_WIDTH=32:B_SIGNED=0:A_SIGNED=0:394426c56d1a028ba8fdd5469b163e04011def47.
Running "alumacc" on wrapper $extern:wrap:$sub:Y_WIDTH=56:B_WIDTH=56:A_WIDTH=32:B_SIGNED=0:A_SIGNED=0:394426c56d1a028ba8fdd5469b163e04011def47.
Using template $extern:wrap:$sub:Y_WIDTH=56:B_WIDTH=56:A_WIDTH=32:B_SIGNED=0:A_SIGNED=0:394426c56d1a028ba8fdd5469b163e04011def47 for cells of type $extern:wrap:$sub:Y_WIDTH=56:B_WIDTH=56:A_WIDTH=32:B_SIGNED=0:A_SIGNED=0:394426c56d1a028ba8fdd5469b163e04011def47.
Running "alumacc" on wrapper $extern:wrap:$ge:Y_WIDTH=1:B_WIDTH=56:A_WIDTH=32:B_SIGNED=0:A_SIGNED=0:394426c56d1a028ba8fdd5469b163e04011def47.
Using template $extern:wrap:$ge:Y_WIDTH=1:B_WIDTH=56:A_WIDTH=32:B_SIGNED=0:A_SIGNED=0:394426c56d1a028ba8fdd5469b163e04011def47 for cells of type $extern:wrap:$ge:Y_WIDTH=1:B_WIDTH=56:A_WIDTH=32:B_SIGNED=0:A_SIGNED=0:394426c56d1a028ba8fdd5469b163e04011def47.
Running "alumacc" on wrapper $extern:wrap:$sub:Y_WIDTH=57:B_WIDTH=57:A_WIDTH=32:B_SIGNED=0:A_SIGNED=0:394426c56d1a028ba8fdd5469b163e04011def47.
Using template $extern:wrap:$sub:Y_WIDTH=57:B_WIDTH=57:A_WIDTH=32:B_SIGNED=0:A_SIGNED=0:394426c56d1a028ba8fdd5469b163e04011def47 for cells of type $extern:wrap:$sub:Y_WIDTH=57:B_WIDTH=57:A_WIDTH=32:B_SIGNED=0:A_SIGNED=0:394426c56d1a028ba8fdd5469b163e04011def47.
Running "alumacc" on wrapper $extern:wrap:$ge:Y_WIDTH=1:B_WIDTH=57:A_WIDTH=32:B_SIGNED=0:A_SIGNED=0:394426c56d1a028ba8fdd5469b163e04011def47.
Using template $extern:wrap:$ge:Y_WIDTH=1:B_WIDTH=57:A_WIDTH=32:B_SIGNED=0:A_SIGNED=0:394426c56d1a028ba8fdd5469b163e04011def47 for cells of type $extern:wrap:$ge:Y_WIDTH=1:B_WIDTH=57:A_WIDTH=32:B_SIGNED=0:A_SIGNED=0:394426c56d1a028ba8fdd5469b163e04011def47.
Running "alumacc" on wrapper $extern:wrap:$sub:Y_WIDTH=58:B_WIDTH=58:A_WIDTH=32:B_SIGNED=0:A_SIGNED=0:394426c56d1a028ba8fdd5469b163e04011def47.
Using template $extern:wrap:$sub:Y_WIDTH=58:B_WIDTH=58:A_WIDTH=32:B_SIGNED=0:A_SIGNED=0:394426c56d1a028ba8fdd5469b163e04011def47 for cells of type $extern:wrap:$sub:Y_WIDTH=58:B_WIDTH=58:A_WIDTH=32:B_SIGNED=0:A_SIGNED=0:394426c56d1a028ba8fdd5469b163e04011def47.
Running "alumacc" on wrapper $extern:wrap:$ge:Y_WIDTH=1:B_WIDTH=58:A_WIDTH=32:B_SIGNED=0:A_SIGNED=0:394426c56d1a028ba8fdd5469b163e04011def47.
Using template $extern:wrap:$ge:Y_WIDTH=1:B_WIDTH=58:A_WIDTH=32:B_SIGNED=0:A_SIGNED=0:394426c56d1a028ba8fdd5469b163e04011def47 for cells of type $extern:wrap:$ge:Y_WIDTH=1:B_WIDTH=58:A_WIDTH=32:B_SIGNED=0:A_SIGNED=0:394426c56d1a028ba8fdd5469b163e04011def47.
Running "alumacc" on wrapper $extern:wrap:$sub:Y_WIDTH=59:B_WIDTH=59:A_WIDTH=32:B_SIGNED=0:A_SIGNED=0:394426c56d1a028ba8fdd5469b163e04011def47.
Using template $extern:wrap:$sub:Y_WIDTH=59:B_WIDTH=59:A_WIDTH=32:B_SIGNED=0:A_SIGNED=0:394426c56d1a028ba8fdd5469b163e04011def47 for cells of type $extern:wrap:$sub:Y_WIDTH=59:B_WIDTH=59:A_WIDTH=32:B_SIGNED=0:A_SIGNED=0:394426c56d1a028ba8fdd5469b163e04011def47.
Running "alumacc" on wrapper $extern:wrap:$ge:Y_WIDTH=1:B_WIDTH=59:A_WIDTH=32:B_SIGNED=0:A_SIGNED=0:394426c56d1a028ba8fdd5469b163e04011def47.
Using template $extern:wrap:$ge:Y_WIDTH=1:B_WIDTH=59:A_WIDTH=32:B_SIGNED=0:A_SIGNED=0:394426c56d1a028ba8fdd5469b163e04011def47 for cells of type $extern:wrap:$ge:Y_WIDTH=1:B_WIDTH=59:A_WIDTH=32:B_SIGNED=0:A_SIGNED=0:394426c56d1a028ba8fdd5469b163e04011def47.
Running "alumacc" on wrapper $extern:wrap:$sub:Y_WIDTH=60:B_WIDTH=60:A_WIDTH=32:B_SIGNED=0:A_SIGNED=0:394426c56d1a028ba8fdd5469b163e04011def47.
Using template $extern:wrap:$sub:Y_WIDTH=60:B_WIDTH=60:A_WIDTH=32:B_SIGNED=0:A_SIGNED=0:394426c56d1a028ba8fdd5469b163e04011def47 for cells of type $extern:wrap:$sub:Y_WIDTH=60:B_WIDTH=60:A_WIDTH=32:B_SIGNED=0:A_SIGNED=0:394426c56d1a028ba8fdd5469b163e04011def47.
Running "alumacc" on wrapper $extern:wrap:$ge:Y_WIDTH=1:B_WIDTH=60:A_WIDTH=32:B_SIGNED=0:A_SIGNED=0:394426c56d1a028ba8fdd5469b163e04011def47.
Using template $extern:wrap:$ge:Y_WIDTH=1:B_WIDTH=60:A_WIDTH=32:B_SIGNED=0:A_SIGNED=0:394426c56d1a028ba8fdd5469b163e04011def47 for cells of type $extern:wrap:$ge:Y_WIDTH=1:B_WIDTH=60:A_WIDTH=32:B_SIGNED=0:A_SIGNED=0:394426c56d1a028ba8fdd5469b163e04011def47.
Running "alumacc" on wrapper $extern:wrap:$sub:Y_WIDTH=61:B_WIDTH=61:A_WIDTH=32:B_SIGNED=0:A_SIGNED=0:394426c56d1a028ba8fdd5469b163e04011def47.
Using template $extern:wrap:$sub:Y_WIDTH=61:B_WIDTH=61:A_WIDTH=32:B_SIGNED=0:A_SIGNED=0:394426c56d1a028ba8fdd5469b163e04011def47 for cells of type $extern:wrap:$sub:Y_WIDTH=61:B_WIDTH=61:A_WIDTH=32:B_SIGNED=0:A_SIGNED=0:394426c56d1a028ba8fdd5469b163e04011def47.
Running "alumacc" on wrapper $extern:wrap:$ge:Y_WIDTH=1:B_WIDTH=61:A_WIDTH=32:B_SIGNED=0:A_SIGNED=0:394426c56d1a028ba8fdd5469b163e04011def47.
Using template $extern:wrap:$ge:Y_WIDTH=1:B_WIDTH=61:A_WIDTH=32:B_SIGNED=0:A_SIGNED=0:394426c56d1a028ba8fdd5469b163e04011def47 for cells of type $extern:wrap:$ge:Y_WIDTH=1:B_WIDTH=61:A_WIDTH=32:B_SIGNED=0:A_SIGNED=0:394426c56d1a028ba8fdd5469b163e04011def47.
Running "alumacc" on wrapper $extern:wrap:$sub:Y_WIDTH=62:B_WIDTH=62:A_WIDTH=32:B_SIGNED=0:A_SIGNED=0:394426c56d1a028ba8fdd5469b163e04011def47.
Using template $extern:wrap:$sub:Y_WIDTH=62:B_WIDTH=62:A_WIDTH=32:B_SIGNED=0:A_SIGNED=0:394426c56d1a028ba8fdd5469b163e04011def47 for cells of type $extern:wrap:$sub:Y_WIDTH=62:B_WIDTH=62:A_WIDTH=32:B_SIGNED=0:A_SIGNED=0:394426c56d1a028ba8fdd5469b163e04011def47.
Running "alumacc" on wrapper $extern:wrap:$ge:Y_WIDTH=1:B_WIDTH=62:A_WIDTH=32:B_SIGNED=0:A_SIGNED=0:394426c56d1a028ba8fdd5469b163e04011def47.
Using template $extern:wrap:$ge:Y_WIDTH=1:B_WIDTH=62:A_WIDTH=32:B_SIGNED=0:A_SIGNED=0:394426c56d1a028ba8fdd5469b163e04011def47 for cells of type $extern:wrap:$ge:Y_WIDTH=1:B_WIDTH=62:A_WIDTH=32:B_SIGNED=0:A_SIGNED=0:394426c56d1a028ba8fdd5469b163e04011def47.
Running "alumacc" on wrapper $extern:wrap:$sub:Y_WIDTH=63:B_WIDTH=63:A_WIDTH=32:B_SIGNED=0:A_SIGNED=0:394426c56d1a028ba8fdd5469b163e04011def47.
Using template $extern:wrap:$sub:Y_WIDTH=63:B_WIDTH=63:A_WIDTH=32:B_SIGNED=0:A_SIGNED=0:394426c56d1a028ba8fdd5469b163e04011def47 for cells of type $extern:wrap:$sub:Y_WIDTH=63:B_WIDTH=63:A_WIDTH=32:B_SIGNED=0:A_SIGNED=0:394426c56d1a028ba8fdd5469b163e04011def47.
Running "alumacc" on wrapper $extern:wrap:$ge:Y_WIDTH=1:B_WIDTH=63:A_WIDTH=32:B_SIGNED=0:A_SIGNED=0:394426c56d1a028ba8fdd5469b163e04011def47.
Using template $extern:wrap:$ge:Y_WIDTH=1:B_WIDTH=63:A_WIDTH=32:B_SIGNED=0:A_SIGNED=0:394426c56d1a028ba8fdd5469b163e04011def47 for cells of type $extern:wrap:$ge:Y_WIDTH=1:B_WIDTH=63:A_WIDTH=32:B_SIGNED=0:A_SIGNED=0:394426c56d1a028ba8fdd5469b163e04011def47.
Using extmapper simplemap for cells of type $reduce_and.
Using template $paramod$789c344356a154d2afc7b832b41d1067dbc946ba\_90_alu for cells of type $alu.
Using template $paramod$e39069e3f4ee35c1eea86993bd74689959babaab\_90_alu for cells of type $alu.
Using template $paramod$d7aca3dc44b07ff19908fb1a3b606577588c15f1\_90_alu for cells of type $alu.
Using template $paramod$f9e3a3c4b84f99cb56fad07743ec44ad55b11c8b\_90_alu for cells of type $alu.
Using template $paramod$dd5ba471f7dcf35707f23b88cfd15b9582f97277\_90_alu for cells of type $alu.
Using template $paramod$b7531bc0616f8d4cdd8159edd2237c9ddbb2ce01\_90_alu for cells of type $alu.
Using template $paramod$ff8ba121d2f8e85b775c9f35ef677a1a276e7e1b\_90_alu for cells of type $alu.
Using template $paramod$9a66d4bebbc4fab84566caffef9f094a1a467389\_90_alu for cells of type $alu.
Using template $paramod$57bc309a5d8a948cec8981d26d896ee1cbf54d58\_90_alu for cells of type $alu.
Using template $paramod$f94cfdb8ad389f4fc4515bcb65bccd7e2d189e95\_90_alu for cells of type $alu.
Using template $paramod$2a25669ccd39fe7c0fbfb2a4d17416fc78667f00\_90_alu for cells of type $alu.
Using template $paramod$d9397dfdf5f7cf5715aebc9527845402880218a0\_90_alu for cells of type $alu.
Using template $paramod$acc477ace2583cc2ee0cf651c72a385d2bbbe9f1\_90_alu for cells of type $alu.
Using template $paramod$415abdcadc251df4f0f033b62b8f3296b8461b4e\_90_alu for cells of type $alu.
Using template $paramod$6573c1c269218f299badf6e04ca86aa37fdb352c\_90_alu for cells of type $alu.
Using template $paramod$6a21b72c9c0b32e81b169c7e08a4d8b9c462448f\_90_alu for cells of type $alu.
Using template $paramod$324e0706ebb77f1915b22f4a136962ec3fd1d7ff\_90_alu for cells of type $alu.
Using template $paramod$461fc931d630cb01bec1fea87f37fbcc53f6f6a4\_90_alu for cells of type $alu.
Using template $paramod$fe074227b1c5fbaa1ea56076182c29dbcf3a782a\_90_alu for cells of type $alu.
Using template $paramod$85502450775e62e9c6a2fe29020b3433d4335647\_90_alu for cells of type $alu.
Using template $paramod$e32c921f95fe0e2350204f4ecefc9e296355521b\_90_alu for cells of type $alu.
Using template $paramod$05d913fba320393c7e943e625bef3af776153b60\_90_alu for cells of type $alu.
Using template $paramod$8e07e2c0a3efc148d2f3714f3901076678774ed1\_90_alu for cells of type $alu.
Using template $paramod$5b7e592b3c2951af6800b7fd597f66a79b72b91c\_90_alu for cells of type $alu.
Using template $paramod$90182783100594e2dd636a282c4723cfc9adaedd\_90_alu for cells of type $alu.
Using template $paramod$851c5c9b30913ea2deae68e3ca9e9c4e649723bc\_90_alu for cells of type $alu.
Using template $paramod$1445aacdb5f2a1ef9fedf1373097ffa45438211d\_90_alu for cells of type $alu.
Using template $paramod$7add42b712fe5bbbba521e93062103d6bf78a453\_90_alu for cells of type $alu.
Using template $paramod$b6f86f6a0c43c26b22ee55f51e05d5951f0e6562\_90_alu for cells of type $alu.
Using template $paramod$044fdceace8c449ec99f900b42120ac005ff4065\_90_alu for cells of type $alu.
Using template $paramod$b6b58933bcf3c8b9e3e5de18c2637bd0e12c7c47\_90_alu for cells of type $alu.
Using template $paramod\_90_lcu\WIDTH=32'00000000000000000000000000100001 for cells of type $lcu.
Using template $paramod\_90_lcu\WIDTH=32'00000000000000000000000000100010 for cells of type $lcu.
Using template $paramod\_90_lcu\WIDTH=32'00000000000000000000000000100011 for cells of type $lcu.
Using template $paramod\_90_lcu\WIDTH=32'00000000000000000000000000100100 for cells of type $lcu.
Using template $paramod\_90_lcu\WIDTH=32'00000000000000000000000000100101 for cells of type $lcu.
Using template $paramod\_90_lcu\WIDTH=32'00000000000000000000000000100110 for cells of type $lcu.
Using template $paramod\_90_lcu\WIDTH=32'00000000000000000000000000100111 for cells of type $lcu.
Using template $paramod\_90_lcu\WIDTH=32'00000000000000000000000000101000 for cells of type $lcu.
Using template $paramod\_90_lcu\WIDTH=32'00000000000000000000000000101001 for cells of type $lcu.
Using template $paramod\_90_lcu\WIDTH=32'00000000000000000000000000101010 for cells of type $lcu.
Using template $paramod\_90_lcu\WIDTH=32'00000000000000000000000000101011 for cells of type $lcu.
Using template $paramod\_90_lcu\WIDTH=32'00000000000000000000000000101100 for cells of type $lcu.
Using template $paramod\_90_lcu\WIDTH=32'00000000000000000000000000101101 for cells of type $lcu.
Using template $paramod\_90_lcu\WIDTH=32'00000000000000000000000000101110 for cells of type $lcu.
Using template $paramod\_90_lcu\WIDTH=32'00000000000000000000000000101111 for cells of type $lcu.
Using template $paramod\_90_lcu\WIDTH=32'00000000000000000000000000110000 for cells of type $lcu.
Using template $paramod\_90_lcu\WIDTH=32'00000000000000000000000000110001 for cells of type $lcu.
Using template $paramod\_90_lcu\WIDTH=32'00000000000000000000000000110010 for cells of type $lcu.
Using template $paramod\_90_lcu\WIDTH=32'00000000000000000000000000110011 for cells of type $lcu.
Using template $paramod\_90_lcu\WIDTH=32'00000000000000000000000000110100 for cells of type $lcu.
Using template $paramod\_90_lcu\WIDTH=32'00000000000000000000000000110101 for cells of type $lcu.
Using template $paramod\_90_lcu\WIDTH=32'00000000000000000000000000110110 for cells of type $lcu.
Using template $paramod\_90_lcu\WIDTH=32'00000000000000000000000000110111 for cells of type $lcu.
Using template $paramod\_90_lcu\WIDTH=32'00000000000000000000000000111000 for cells of type $lcu.
Using template $paramod\_90_lcu\WIDTH=32'00000000000000000000000000111001 for cells of type $lcu.
Using template $paramod\_90_lcu\WIDTH=32'00000000000000000000000000111010 for cells of type $lcu.
Using template $paramod\_90_lcu\WIDTH=32'00000000000000000000000000111011 for cells of type $lcu.
Using template $paramod\_90_lcu\WIDTH=32'00000000000000000000000000111100 for cells of type $lcu.
Using template $paramod\_90_lcu\WIDTH=32'00000000000000000000000000111101 for cells of type $lcu.
Using template $paramod\_90_lcu\WIDTH=32'00000000000000000000000000111110 for cells of type $lcu.
Using template $paramod\_90_lcu\WIDTH=32'00000000000000000000000000111111 for cells of type $lcu.
No more expansions possible.
<suppressed ~38879 debug messages>

46. Executing OPT pass (performing simple optimizations).

46.1. Executing OPT_EXPR pass (perform const folding).
Optimizing module Main.
<suppressed ~42436 debug messages>

46.2. Executing OPT_MERGE pass (detect identical cells).
Finding identical cells in module `\Main'.
<suppressed ~73674 debug messages>
Removed a total of 24558 cells.

46.3. Executing OPT_DFF pass (perform DFF optimizations).
Setting constant 0-bit at position 0 on $auto$ff.cc:266:slice$2015 ($_DFFE_PP_) from module Main.

46.4. Executing OPT_CLEAN pass (remove unused cells and wires).
Finding unused cells or wires in module \Main..
Removed 723 unused cells and 31770 unused wires.
<suppressed ~724 debug messages>

46.5. Rerunning OPT passes. (Removed registers in this run.)

46.6. Executing OPT_EXPR pass (perform const folding).
Optimizing module Main.
<suppressed ~2 debug messages>

46.7. Executing OPT_MERGE pass (detect identical cells).
Finding identical cells in module `\Main'.
Removed a total of 0 cells.

46.8. Executing OPT_DFF pass (perform DFF optimizations).
Adding SRST signal on $auto$ff.cc:266:slice$3628 ($_SDFF_PP0_) from module Main (D = $flatten\ctrl_unit.$procmux$80.Y_B, Q = \ctrl_unit.PCWrite, rval = 1'0).
Adding SRST signal on $auto$ff.cc:266:slice$3627 ($_DFFE_PP_) from module Main (D = $flatten\seven_seg_conv.$procmux$187.Y_B [7], Q = \seven_seg_conv.an [7], rval = 1'1).
Adding SRST signal on $auto$ff.cc:266:slice$3626 ($_DFFE_PP_) from module Main (D = $flatten\seven_seg_conv.$procmux$187.Y_B [6], Q = \seven_seg_conv.an [6], rval = 1'1).
Adding SRST signal on $auto$ff.cc:266:slice$3625 ($_DFFE_PP_) from module Main (D = $flatten\seven_seg_conv.$procmux$187.Y_B [5], Q = \seven_seg_conv.an [5], rval = 1'1).
Adding SRST signal on $auto$ff.cc:266:slice$3624 ($_DFFE_PP_) from module Main (D = $flatten\seven_seg_conv.$procmux$187.Y_B [4], Q = \seven_seg_conv.an [4], rval = 1'1).
Adding SRST signal on $auto$ff.cc:266:slice$3623 ($_DFFE_PP_) from module Main (D = $flatten\seven_seg_conv.$procmux$187.Y_B [3], Q = \seven_seg_conv.an [3], rval = 1'1).
Adding SRST signal on $auto$ff.cc:266:slice$3622 ($_DFFE_PP_) from module Main (D = $flatten\seven_seg_conv.$procmux$187.Y_B [2], Q = \seven_seg_conv.an [2], rval = 1'1).
Adding SRST signal on $auto$ff.cc:266:slice$3621 ($_DFFE_PP_) from module Main (D = $flatten\seven_seg_conv.$procmux$187.Y_B [1], Q = \seven_seg_conv.an [1], rval = 1'1).
Adding SRST signal on $auto$ff.cc:266:slice$3620 ($_DFFE_PP_) from module Main (D = $flatten\seven_seg_conv.$procmux$187.Y_B [0], Q = \seven_seg_conv.an [0], rval = 1'0).
Adding SRST signal on $auto$ff.cc:266:slice$1932 ($_DFF_P_) from module Main (D = $flatten\ctrl_unit.$procmux$112.Y_B [2], Q = \ctrl_unit.ALUControl [2], rval = 1'0).
Adding SRST signal on $auto$ff.cc:266:slice$1931 ($_DFF_P_) from module Main (D = $flatten\ctrl_unit.$procmux$112.Y_B [1], Q = \ctrl_unit.ALUControl [1], rval = 1'0).
Adding SRST signal on $auto$ff.cc:266:slice$1930 ($_DFF_P_) from module Main (D = $flatten\ctrl_unit.$procmux$112.Y_B [0], Q = \ctrl_unit.ALUControl [0], rval = 1'0).

46.9. Executing OPT_CLEAN pass (remove unused cells and wires).
Finding unused cells or wires in module \Main..
Removed 12 unused cells and 4 unused wires.
<suppressed ~13 debug messages>

46.10. Rerunning OPT passes. (Removed registers in this run.)

46.11. Executing OPT_EXPR pass (perform const folding).
Optimizing module Main.

46.12. Executing OPT_MERGE pass (detect identical cells).
Finding identical cells in module `\Main'.
Removed a total of 0 cells.

46.13. Executing OPT_DFF pass (perform DFF optimizations).

46.14. Executing OPT_CLEAN pass (remove unused cells and wires).
Finding unused cells or wires in module \Main..

46.15. Finished fast OPT passes.

47. Executing ABC pass (technology mapping using ABC).

47.1. Extracting gate netlist of module `\Main' to `<abc-temp-dir>/input.blif'..
Extracted 9768 gates and 10893 wires to a netlist network with 1123 inputs and 153 outputs.

47.1.1. Executing ABC.
Running ABC command: "/nix/store/wq2q0njg3sx8wvj2akz7x1qxwyrv9xlr-yosys-abc/bin/abc" -s -f <abc-temp-dir>/abc.script 2>&1
ABC: ABC command line: "source <abc-temp-dir>/abc.script".
ABC: 
ABC: + read_blif <abc-temp-dir>/input.blif 
ABC: + read_library <abc-temp-dir>/stdcells.genlib 
ABC: Entered genlib library with 13 gates from file "<abc-temp-dir>/stdcells.genlib".
ABC: + strash 
ABC: + dretime 
ABC: + map 
ABC: + write_blif <abc-temp-dir>/output.blif 

47.1.2. Re-integrating ABC results.
ABC RESULTS:               MUX cells:     3239
ABC RESULTS:               NOT cells:     1429
ABC RESULTS:             ORNOT cells:      256
ABC RESULTS:              XNOR cells:      141
ABC RESULTS:               NOR cells:      481
ABC RESULTS:              NAND cells:       97
ABC RESULTS:            ANDNOT cells:     2358
ABC RESULTS:                OR cells:      774
ABC RESULTS:               AND cells:       46
ABC RESULTS:               XOR cells:      798
ABC RESULTS:        internal signals:     9617
ABC RESULTS:           input signals:     1123
ABC RESULTS:          output signals:      153
Removing temp directory.

48. Executing OPT pass (performing simple optimizations).

48.1. Executing OPT_EXPR pass (perform const folding).
Optimizing module Main.
<suppressed ~570 debug messages>

48.2. Executing OPT_MERGE pass (detect identical cells).
Finding identical cells in module `\Main'.
<suppressed ~489 debug messages>
Removed a total of 163 cells.

48.3. Executing OPT_DFF pass (perform DFF optimizations).

48.4. Executing OPT_CLEAN pass (remove unused cells and wires).
Finding unused cells or wires in module \Main..
Removed 1 unused cells and 4304 unused wires.
<suppressed ~4 debug messages>

48.5. Finished fast OPT passes.

49. Executing HIERARCHY pass (managing design hierarchy).

49.1. Analyzing design hierarchy..
Top module:  \Main

49.2. Analyzing design hierarchy..
Top module:  \Main
Removed 0 unused modules.

50. Printing statistics.

=== Main ===

   Number of wires:               9458
   Number of wire bits:          11218
   Number of public wires:          99
   Number of public wire bits:    1730
   Number of memories:               0
   Number of memory bits:            0
   Number of processes:              0
   Number of cells:              10593
     $_ANDNOT_                    2203
     $_AND_                         45
     $_DFFE_PN_                      1
     $_DFFE_PP_                   1053
     $_DFF_PP0_                      5
     $_DFF_P_                       16
     $_DLATCH_N_                    33
     $_MUX_                       3238
     $_NAND_                        96
     $_NOR_                        480
     $_NOT_                       1427
     $_ORNOT_                      256
     $_OR_                         773
     $_SDFFCE_PN0P_                  1
     $_SDFFCE_PN1P_                  7
     $_SDFF_PN0_                    21
     $_SDFF_PP0_                     1
     $_XNOR_                       140
     $_XOR_                        797

51. Executing CHECK pass (checking for obvious problems).
Checking module Main...
Found and reported 0 problems.

52. Generating Graphviz representation of design.
Writing dot description to `/openlane/designs/full_cpu/runs/RUN_2025.06.16_16.44.08/tmp/synthesis/post_techmap.dot'.
Dumping module Main to page 1.

53. Executing SHARE pass (SAT-based resource sharing).

54. Executing OPT pass (performing simple optimizations).

54.1. Executing OPT_EXPR pass (perform const folding).
Optimizing module Main.
<suppressed ~1 debug messages>

54.2. Executing OPT_MERGE pass (detect identical cells).
Finding identical cells in module `\Main'.
Removed a total of 0 cells.

54.3. Executing OPT_MUXTREE pass (detect dead branches in mux trees).
Running muxtree optimizer on module \Main..
  Creating internal representation of mux trees.
  No muxes found in this module.
Removed 0 multiplexer ports.

54.4. Executing OPT_REDUCE pass (consolidate $*mux and $reduce_* inputs).
  Optimizing cells in module \Main.
Performed a total of 0 changes.

54.5. Executing OPT_MERGE pass (detect identical cells).
Finding identical cells in module `\Main'.
Removed a total of 0 cells.

54.6. Executing OPT_DFF pass (perform DFF optimizations).

54.7. Executing OPT_CLEAN pass (remove unused cells and wires).
Finding unused cells or wires in module \Main..
Removed 0 unused cells and 1 unused wires.
<suppressed ~1 debug messages>

54.8. Executing OPT_EXPR pass (perform const folding).
Optimizing module Main.

54.9. Rerunning OPT passes. (Maybe there is more to do..)

54.10. Executing OPT_MUXTREE pass (detect dead branches in mux trees).
Running muxtree optimizer on module \Main..
  Creating internal representation of mux trees.
  No muxes found in this module.
Removed 0 multiplexer ports.

54.11. Executing OPT_REDUCE pass (consolidate $*mux and $reduce_* inputs).
  Optimizing cells in module \Main.
Performed a total of 0 changes.

54.12. Executing OPT_MERGE pass (detect identical cells).
Finding identical cells in module `\Main'.
Removed a total of 0 cells.

54.13. Executing OPT_DFF pass (perform DFF optimizations).

54.14. Executing OPT_CLEAN pass (remove unused cells and wires).
Finding unused cells or wires in module \Main..

54.15. Executing OPT_EXPR pass (perform const folding).
Optimizing module Main.

54.16. Finished OPT passes. (There is nothing left to do.)

55. Executing OPT_CLEAN pass (remove unused cells and wires).
Finding unused cells or wires in module \Main..
Removed 0 unused cells and 51 unused wires.
<suppressed ~51 debug messages>

56. Printing statistics.

=== Main ===

   Number of wires:               9406
   Number of wire bits:          10640
   Number of public wires:          48
   Number of public wire bits:    1153
   Number of memories:               0
   Number of memory bits:            0
   Number of processes:              0
   Number of cells:              10592
     $_ANDNOT_                    2203
     $_AND_                         45
     $_DFFE_PN_                      1
     $_DFFE_PP_                   1053
     $_DFF_PP0_                      5
     $_DFF_P_                       16
     $_DLATCH_N_                    33
     $_MUX_                       3237
     $_NAND_                        96
     $_NOR_                        480
     $_NOT_                       1427
     $_ORNOT_                      256
     $_OR_                         773
     $_SDFFCE_PN0P_                  1
     $_SDFFCE_PN1P_                  7
     $_SDFF_PN0_                    21
     $_SDFF_PP0_                     1
     $_XNOR_                       140
     $_XOR_                        797

mapping tbuf

57. Executing TECHMAP pass (map to technology primitives).

57.1. Executing Verilog-2005 frontend: /root/.volare/sky130A/libs.tech/openlane/sky130_fd_sc_hd/tribuff_map.v
Parsing Verilog input from `/root/.volare/sky130A/libs.tech/openlane/sky130_fd_sc_hd/tribuff_map.v' to AST representation.
Generating RTLIL representation for module `\$_TBUF_'.
Successfully finished Verilog frontend.

57.2. Continuing TECHMAP pass.
No more expansions possible.
<suppressed ~3 debug messages>

58. Executing SIMPLEMAP pass (map simple cells to gate primitives).

59. Executing TECHMAP pass (map to technology primitives).

59.1. Executing Verilog-2005 frontend: /root/.volare/sky130A/libs.tech/openlane/sky130_fd_sc_hd/latch_map.v
Parsing Verilog input from `/root/.volare/sky130A/libs.tech/openlane/sky130_fd_sc_hd/latch_map.v' to AST representation.
Generating RTLIL representation for module `\$_DLATCH_P_'.
Generating RTLIL representation for module `\$_DLATCH_N_'.
Successfully finished Verilog frontend.

59.2. Continuing TECHMAP pass.
Using template \$_DLATCH_N_ for cells of type $_DLATCH_N_.
No more expansions possible.
<suppressed ~37 debug messages>

60. Executing SIMPLEMAP pass (map simple cells to gate primitives).

61. Executing DFFLIBMAP pass (mapping DFF cells to sequential cells from liberty file).
  cell sky130_fd_sc_hd__dfxtp_2 (noninv, pins=3, area=21.27) is a direct match for cell type $_DFF_P_.
  cell sky130_fd_sc_hd__dfrtp_2 (noninv, pins=4, area=26.28) is a direct match for cell type $_DFF_PN0_.
  cell sky130_fd_sc_hd__dfstp_2 (noninv, pins=4, area=26.28) is a direct match for cell type $_DFF_PN1_.
  cell sky130_fd_sc_hd__dfbbn_2 (noninv, pins=6, area=35.03) is a direct match for cell type $_DFFSR_NNN_.
  final dff cell mappings:
    unmapped dff cell: $_DFF_N_
    \sky130_fd_sc_hd__dfxtp_2 _DFF_P_ (.CLK( C), .D( D), .Q( Q));
    unmapped dff cell: $_DFF_NN0_
    unmapped dff cell: $_DFF_NN1_
    unmapped dff cell: $_DFF_NP0_
    unmapped dff cell: $_DFF_NP1_
    \sky130_fd_sc_hd__dfrtp_2 _DFF_PN0_ (.CLK( C), .D( D), .Q( Q), .RESET_B( R));
    \sky130_fd_sc_hd__dfstp_2 _DFF_PN1_ (.CLK( C), .D( D), .Q( Q), .SET_B( R));
    unmapped dff cell: $_DFF_PP0_
    unmapped dff cell: $_DFF_PP1_
    \sky130_fd_sc_hd__dfbbn_2 _DFFSR_NNN_ (.CLK_N( C), .D( D), .Q( Q), .Q_N(~Q), .RESET_B( R), .SET_B( S));
    unmapped dff cell: $_DFFSR_NNP_
    unmapped dff cell: $_DFFSR_NPN_
    unmapped dff cell: $_DFFSR_NPP_
    unmapped dff cell: $_DFFSR_PNN_
    unmapped dff cell: $_DFFSR_PNP_
    unmapped dff cell: $_DFFSR_PPN_
    unmapped dff cell: $_DFFSR_PPP_

61.1. Executing DFFLEGALIZE pass (convert FFs to types supported by the target).
Mapping DFF cells in module `\Main':
  mapped 5 $_DFF_PN0_ cells to \sky130_fd_sc_hd__dfrtp_2 cells.
  mapped 1100 $_DFF_P_ cells to \sky130_fd_sc_hd__dfxtp_2 cells.

62. Printing statistics.

=== Main ===

   Number of wires:              10602
   Number of wire bits:          11836
   Number of public wires:          48
   Number of public wire bits:    1153
   Number of memories:               0
   Number of memory bits:            0
   Number of processes:              0
   Number of cells:              11689
     $_ANDNOT_                    2203
     $_AND_                         45
     $_MUX_                       4329
     $_NAND_                        96
     $_NOR_                        480
     $_NOT_                       1432
     $_ORNOT_                      256
     $_OR_                         773
     $_XNOR_                       140
     $_XOR_                        797
     sky130_fd_sc_hd__dfrtp_2        5
     sky130_fd_sc_hd__dfxtp_2     1100
     sky130_fd_sc_hd__dlxtn_1       33

[INFO]: USING STRATEGY AREA 0

63. Executing ABC pass (technology mapping using ABC).

63.1. Extracting gate netlist of module `\Main' to `/tmp/yosys-abc-CZj6M7/input.blif'..
Extracted 10551 gates and 11685 wires to a netlist network with 1132 inputs and 1145 outputs.

63.1.1. Executing ABC.
Running ABC command: "/nix/store/wq2q0njg3sx8wvj2akz7x1qxwyrv9xlr-yosys-abc/bin/abc" -s -f /tmp/yosys-abc-CZj6M7/abc.script 2>&1
ABC: ABC command line: "source /tmp/yosys-abc-CZj6M7/abc.script".
ABC: 
ABC: + read_blif /tmp/yosys-abc-CZj6M7/input.blif 
ABC: + read_lib -w /openlane/designs/full_cpu/runs/RUN_2025.06.16_16.44.08/tmp/synthesis/trimmed.lib 
ABC: Parsing finished successfully.  Parsing time =     0.05 sec
ABC: Scl_LibertyReadGenlib() skipped sequential cell "sky130_fd_sc_hd__dfbbn_2".
ABC: Scl_LibertyReadGenlib() skipped sequential cell "sky130_fd_sc_hd__dfrbp_2".
ABC: Scl_LibertyReadGenlib() skipped sequential cell "sky130_fd_sc_hd__dfrtp_2".
ABC: Scl_LibertyReadGenlib() skipped sequential cell "sky130_fd_sc_hd__dfrtp_4".
ABC: Scl_LibertyReadGenlib() skipped sequential cell "sky130_fd_sc_hd__dfsbp_2".
ABC: Scl_LibertyReadGenlib() skipped sequential cell "sky130_fd_sc_hd__dfstp_2".
ABC: Scl_LibertyReadGenlib() skipped sequential cell "sky130_fd_sc_hd__dfstp_4".
ABC: Scl_LibertyReadGenlib() skipped sequential cell "sky130_fd_sc_hd__dfxbp_2".
ABC: Scl_LibertyReadGenlib() skipped sequential cell "sky130_fd_sc_hd__dfxtp_2".
ABC: Scl_LibertyReadGenlib() skipped sequential cell "sky130_fd_sc_hd__dfxtp_4".
ABC: Scl_LibertyReadGenlib() skipped sequential cell "sky130_fd_sc_hd__dlxtn_1".
ABC: Scl_LibertyReadGenlib() skipped sequential cell "sky130_fd_sc_hd__dlxtn_2".
ABC: Scl_LibertyReadGenlib() skipped sequential cell "sky130_fd_sc_hd__dlxtn_4".
ABC: Scl_LibertyReadGenlib() skipped sequential cell "sky130_fd_sc_hd__dlxtp_1".
ABC: Scl_LibertyReadGenlib() skipped three-state cell "sky130_fd_sc_hd__ebufn_2".
ABC: Scl_LibertyReadGenlib() skipped three-state cell "sky130_fd_sc_hd__ebufn_4".
ABC: Scl_LibertyReadGenlib() skipped three-state cell "sky130_fd_sc_hd__ebufn_8".
ABC: Library "sky130A_merged" from "/openlane/designs/full_cpu/runs/RUN_2025.06.16_16.44.08/tmp/synthesis/trimmed.lib" has 175 cells (17 skipped: 14 seq; 3 tri-state; 0 no func; 0 dont_use).  Time =     0.08 sec
ABC: Memory =    9.54 MB. Time =     0.08 sec
ABC: Warning: Detected 2 multi-output gates (for example, "sky130_fd_sc_hd__fa_1").
ABC: + read_constr -v /openlane/designs/full_cpu/runs/RUN_2025.06.16_16.44.08/tmp/synthesis/synthesis.sdc 
ABC: Setting driving cell to be "sky130_fd_sc_hd__inv_2".
ABC: Setting output load to be 33.442001.
ABC: + read_constr /openlane/designs/full_cpu/runs/RUN_2025.06.16_16.44.08/tmp/synthesis/synthesis.sdc 
ABC: + fx 
ABC: Abc_NtkFastExtract: Nodes have duplicated fanins. FX is not performed.
ABC: + mfs 
ABC: + strash 
ABC: + drf -l 
ABC: + balance 
ABC: + drw -l 
ABC: + drf -l 
ABC: + balance 
ABC: + drw -l 
ABC: + drw -l -z 
ABC: + balance 
ABC: + drf -l -z 
ABC: + drw -l -z 
ABC: + balance 
ABC: + retime -D -D 10000 -M 5 
ABC: + scleanup 
ABC: Error: The network is combinational.
ABC: + fraig_store 
ABC: + balance 
ABC: + fraig_store 
ABC: + balance 
ABC: + drw -l 
ABC: + drf -l 
ABC: + balance 
ABC: + drw -l 
ABC: + drw -l -z 
ABC: + balance 
ABC: + drf -l -z 
ABC: + drw -l -z 
ABC: + balance 
ABC: + fraig_store 
ABC: + balance 
ABC: + drw -l 
ABC: + drf -l 
ABC: + balance 
ABC: + drw -l 
ABC: + drw -l -z 
ABC: + balance 
ABC: + drf -l -z 
ABC: + drw -l -z 
ABC: + balance 
ABC: + fraig_store 
ABC: + balance 
ABC: + drw -l 
ABC: + drf -l 
ABC: + balance 
ABC: + drw -l 
ABC: + drw -l -z 
ABC: + balance 
ABC: + drf -l -z 
ABC: + drw -l -z 
ABC: + balance 
ABC: + fraig_store 
ABC: + fraig_restore 
ABC: + amap -m -Q 0.1 -F 20 -A 20 -C 5000 
ABC: + retime -D -D 10000 
ABC: + &get -n 
ABC: + &st 
ABC: + &dch 
ABC: + &nf 
ABC: + &put 
ABC: + buffer -N 10 -S 750.0 
ABC: + upsize -D 10000 
ABC: + dnsize -D 10000 
ABC: + stime -p 
ABC: WireLoad = "none"  Gates =   4102 ( 47.2 %)   Cap = 11.5 ff ( 12.5 %)   Area =    28908.98 ( 51.3 %)   Delay = 17262.70 ps  (  3.1 %)               
ABC: Path  0 --       1 : 0    1 pi                        A =   0.00  Df =  25.4  -14.6 ps  S =  40.8 ps  Cin =  0.0 ff  Cout =   7.3 ff  Cmax =   0.0 ff  G =    0  
ABC: Path  1 --    3095 : 1   10 sky130_fd_sc_hd__buf_8    A =  15.01  Df = 136.5   -7.7 ps  S =  63.2 ps  Cin =  7.0 ff  Cout =  31.3 ff  Cmax =5000.0 ff  G =  423  
ABC: Path  2 --    3103 : 4    5 sky130_fd_sc_hd__or4_4    A =  11.26  Df = 685.1 -403.6 ps  S = 104.6 ps  Cin =  2.4 ff  Cout =  15.2 ff  Cmax = 534.7 ff  G =  606  
ABC: Path  3 --    3131 : 4    2 sky130_fd_sc_hd__or4b_4   A =  13.76  Df =1222.4 -815.2 ps  S =  89.9 ps  Cin =  2.2 ff  Cout =   7.6 ff  Cmax = 533.8 ff  G =  331  
ABC: Path  4 --    3134 : 3    2 sky130_fd_sc_hd__and3_4   A =  11.26  Df =1420.4 -301.0 ps  S =  53.4 ps  Cin =  2.4 ff  Cout =   7.2 ff  Cmax = 532.8 ff  G =  277  
ABC: Path  5 --    3135 : 3    4 sky130_fd_sc_hd__or3_4    A =  11.26  Df =1763.1 -102.0 ps  S =  80.1 ps  Cin =  2.4 ff  Cout =  12.7 ff  Cmax = 531.9 ff  G =  520  
ABC: Path  6 --    3144 : 3    3 sky130_fd_sc_hd__a21o_4   A =  15.01  Df =2002.0  -99.4 ps  S =  78.8 ps  Cin =  4.5 ff  Cout =  23.8 ff  Cmax = 568.6 ff  G =  508  
ABC: Path  7 --    3145 : 2    3 sky130_fd_sc_hd__xnor2_4  A =  27.53  Df =2195.6 -138.1 ps  S = 202.0 ps  Cin = 16.3 ff  Cout =  18.8 ff  Cmax = 211.5 ff  G =  109  
ABC: Path  8 --    3156 : 2    2 sky130_fd_sc_hd__xnor2_2  A =  16.27  Df =2845.9 -268.0 ps  S = 226.3 ps  Cin =  8.5 ff  Cout =  13.7 ff  Cmax = 121.8 ff  G =  152  
ABC: Path  9 --    3160 : 3    3 sky130_fd_sc_hd__o21bai_4 A =  18.77  Df =2997.4 -123.7 ps  S = 136.3 ps  Cin =  6.6 ff  Cout =  12.0 ff  Cmax = 245.4 ff  G =  177  
ABC: Path 10 --    3161 : 2    3 sky130_fd_sc_hd__xnor2_2  A =  16.27  Df =3171.5 -132.3 ps  S = 163.7 ps  Cin =  8.5 ff  Cout =   8.3 ff  Cmax = 121.8 ff  G =   93  
ABC: Path 11 --    3165 : 4    4 sky130_fd_sc_hd__a22o_4   A =  17.52  Df =3444.0 -112.4 ps  S =  56.1 ps  Cin =  4.6 ff  Cout =  13.1 ff  Cmax = 556.6 ff  G =  277  
ABC: Path 12 --    3169 : 3    2 sky130_fd_sc_hd__and3_4   A =  11.26  Df =3606.7 -105.4 ps  S =  44.6 ps  Cin =  2.4 ff  Cout =   4.0 ff  Cmax = 532.8 ff  G =  155  
ABC: Path 13 --    3171 : 3    3 sky130_fd_sc_hd__or3_4    A =  11.26  Df =3973.1 -251.1 ps  S =  73.3 ps  Cin =  2.4 ff  Cout =   8.8 ff  Cmax = 531.9 ff  G =  361  
ABC: Path 14 --    3181 : 3    4 sky130_fd_sc_hd__a21o_2   A =   8.76  Df =4206.1 -324.5 ps  S =  97.6 ps  Cin =  2.4 ff  Cout =  17.4 ff  Cmax = 309.5 ff  G =  713  
ABC: Path 15 --    3183 : 3    2 sky130_fd_sc_hd__a21o_2   A =   8.76  Df =4438.1 -404.8 ps  S =  59.1 ps  Cin =  2.4 ff  Cout =   9.1 ff  Cmax = 309.5 ff  G =  372  
ABC: Path 16 --    3187 : 4    3 sky130_fd_sc_hd__o211ai_2 A =  12.51  Df =4501.7   -6.2 ps  S = 139.6 ps  Cin =  4.4 ff  Cout =   5.4 ff  Cmax = 133.7 ff  G =  119  
ABC: Path 17 --    3188 : 3    3 sky130_fd_sc_hd__a21o_2   A =   8.76  Df =4724.2  -63.4 ps  S =  54.1 ps  Cin =  2.4 ff  Cout =   7.9 ff  Cmax = 309.5 ff  G =  325  
ABC: Path 18 --    3189 : 3    3 sky130_fd_sc_hd__or3b_4   A =  11.26  Df =5041.8  -82.6 ps  S =  75.1 ps  Cin =  2.1 ff  Cout =   8.8 ff  Cmax = 469.7 ff  G =  404  
ABC: Path 19 --    3201 : 3    4 sky130_fd_sc_hd__a21o_2   A =   8.76  Df =5276.5 -154.3 ps  S =  99.7 ps  Cin =  2.4 ff  Cout =  17.8 ff  Cmax = 309.5 ff  G =  731  
ABC: Path 20 --    3202 : 3    2 sky130_fd_sc_hd__and3_4   A =  11.26  Df =5457.6 -151.4 ps  S =  43.7 ps  Cin =  2.4 ff  Cout =   4.1 ff  Cmax = 532.8 ff  G =  159  
ABC: Path 21 --    3204 : 2    3 sky130_fd_sc_hd__or2_2    A =   6.26  Df =5769.5 -213.1 ps  S =  74.5 ps  Cin =  1.5 ff  Cout =  10.1 ff  Cmax = 299.4 ff  G =  658  
ABC: Path 22 --    3209 : 5    4 sky130_fd_sc_hd__a311o_2  A =  11.26  Df =6198.0  -65.3 ps  S =  87.1 ps  Cin =  2.3 ff  Cout =  12.7 ff  Cmax = 298.5 ff  G =  535  
ABC: Path 23 --    3216 : 3    4 sky130_fd_sc_hd__a21o_4   A =  15.01  Df =6428.9 -151.5 ps  S =  61.8 ps  Cin =  4.5 ff  Cout =  17.3 ff  Cmax = 568.6 ff  G =  369  
ABC: Path 24 --    3223 : 3    2 sky130_fd_sc_hd__a21bo_2  A =  10.01  Df =6650.2 -234.1 ps  S =  54.1 ps  Cin =  2.0 ff  Cout =   7.1 ff  Cmax = 288.4 ff  G =  333  
ABC: Path 25 --    3227 : 2    2 sky130_fd_sc_hd__and2_4   A =   8.76  Df =6801.6 -251.3 ps  S =  38.1 ps  Cin =  2.4 ff  Cout =   5.0 ff  Cmax = 539.3 ff  G =  198  
ABC: Path 26 --    3228 : 3    2 sky130_fd_sc_hd__and3_4   A =  11.26  Df =6972.3 -109.3 ps  S =  52.5 ps  Cin =  2.4 ff  Cout =   7.2 ff  Cmax = 532.8 ff  G =  277  
ABC: Path 27 --    3229 : 3    3 sky130_fd_sc_hd__or3_4    A =  11.26  Df =7355.1  -52.9 ps  S =  72.1 ps  Cin =  2.4 ff  Cout =   8.4 ff  Cmax = 531.9 ff  G =  339  
ABC: Path 28 --    3233 : 3    3 sky130_fd_sc_hd__a21o_4   A =  15.01  Df =7571.9  -21.2 ps  S =  76.9 ps  Cin =  4.5 ff  Cout =  23.1 ff  Cmax = 568.6 ff  G =  493  
ABC: Path 29 --    3234 : 2    3 sky130_fd_sc_hd__xnor2_4  A =  27.53  Df =7745.5  -19.3 ps  S = 204.1 ps  Cin = 16.3 ff  Cout =  19.1 ff  Cmax = 211.5 ff  G =  111  
ABC: Path 30 --    3239 : 4    4 sky130_fd_sc_hd__a2bb2o_4 A =  20.02  Df =7994.5  -32.3 ps  S =  50.7 ps  Cin =  4.6 ff  Cout =  10.9 ff  Cmax = 502.6 ff  G =  228  
ABC: Path 31 --    3244 : 3    2 sky130_fd_sc_hd__and3_4   A =  11.26  Df =8160.9  -19.1 ps  S =  53.4 ps  Cin =  2.4 ff  Cout =   7.6 ff  Cmax = 532.8 ff  G =  293  
ABC: Path 32 --    3245 : 3    3 sky130_fd_sc_hd__or3_4    A =  11.26  Df =8492.2 -109.3 ps  S =  72.8 ps  Cin =  2.4 ff  Cout =   9.0 ff  Cmax = 531.9 ff  G =  361  
ABC: Path 33 --    3249 : 3    3 sky130_fd_sc_hd__a21bo_2  A =  10.01  Df =8745.3 -153.7 ps  S =  92.6 ps  Cin =  2.0 ff  Cout =  14.9 ff  Cmax = 288.4 ff  G =  707  
ABC: Path 34 --    3250 : 2    3 sky130_fd_sc_hd__xnor2_2  A =  16.27  Df =8965.8 -197.0 ps  S = 245.2 ps  Cin =  8.5 ff  Cout =  15.4 ff  Cmax = 121.8 ff  G =  173  
ABC: Path 35 --    3256 : 4    3 sky130_fd_sc_hd__a2bb2o_4 A =  20.02  Df =9169.8  -26.0 ps  S =  51.5 ps  Cin =  4.6 ff  Cout =  10.6 ff  Cmax = 502.6 ff  G =  221  
ABC: Path 36 --    3259 : 3    3 sky130_fd_sc_hd__a21oi_2  A =   8.76  Df =9363.3 -150.6 ps  S = 192.5 ps  Cin =  4.6 ff  Cout =  13.4 ff  Cmax = 128.2 ff  G =  281  
ABC: Path 37 --    3262 : 5    3 sky130_fd_sc_hd__a311o_2  A =  11.26  Df =9608.4  -59.6 ps  S =  91.8 ps  Cin =  2.3 ff  Cout =  13.7 ff  Cmax = 298.5 ff  G =  570  
ABC: Path 38 --    3266 : 3    4 sky130_fd_sc_hd__a21oi_4  A =  16.27  Df =9843.2 -208.9 ps  S = 208.7 ps  Cin =  8.8 ff  Cout =  22.9 ff  Cmax = 221.6 ff  G =  249  
ABC: Path 39 --    3267 : 2    3 sky130_fd_sc_hd__xnor2_2  A =  16.27  Df =10076.8 -180.4 ps  S = 288.7 ps  Cin =  8.5 ff  Cout =  19.1 ff  Cmax = 121.8 ff  G =  215  
ABC: Path 40 --    3272 : 4    3 sky130_fd_sc_hd__a2bb2o_4 A =  20.02  Df =10323.3 -105.1 ps  S =  50.3 ps  Cin =  4.6 ff  Cout =  10.7 ff  Cmax = 502.6 ff  G =  224  
ABC: Path 41 --    3275 : 3    3 sky130_fd_sc_hd__a21oi_2  A =   8.76  Df =10405.3  -15.5 ps  S = 184.4 ps  Cin =  4.6 ff  Cout =  12.6 ff  Cmax = 128.2 ff  G =  264  
ABC: Path 42 --    3278 : 3    2 sky130_fd_sc_hd__or3_4    A =  11.26  Df =10797.6 -177.8 ps  S =  78.5 ps  Cin =  2.4 ff  Cout =  12.1 ff  Cmax = 531.9 ff  G =  491  
ABC: Path 43 --    3284 : 2    1 sky130_fd_sc_hd__and2_4   A =   8.76  Df =10938.7 -199.1 ps  S =  29.5 ps  Cin =  2.4 ff  Cout =   2.0 ff  Cmax = 539.3 ff  G =   79  
ABC: Path 44 --    3288 : 3    3 sky130_fd_sc_hd__mux2_2   A =  11.26  Df =11201.8 -232.3 ps  S =  58.9 ps  Cin =  2.3 ff  Cout =   6.6 ff  Cmax = 297.6 ff  G =  275  
ABC: Path 45 --    3292 : 3    3 sky130_fd_sc_hd__or3_4    A =  11.26  Df =11609.3 -326.0 ps  S =  81.3 ps  Cin =  2.4 ff  Cout =  14.0 ff  Cmax = 531.9 ff  G =  561  
ABC: Path 46 --    3297 : 4    3 sky130_fd_sc_hd__o211ai_2 A =  12.51  Df =11810.6 -150.0 ps  S = 197.5 ps  Cin =  4.4 ff  Cout =  11.0 ff  Cmax = 133.7 ff  G =  241  
ABC: Path 47 --    3302 : 3    4 sky130_fd_sc_hd__a21o_4   A =  15.01  Df =11999.6  -43.1 ps  S =  82.8 ps  Cin =  4.5 ff  Cout =  25.2 ff  Cmax = 568.6 ff  G =  539  
ABC: Path 48 --    3303 : 2    3 sky130_fd_sc_hd__xnor2_4  A =  27.53  Df =12155.7   -6.1 ps  S = 200.6 ps  Cin = 16.3 ff  Cout =  18.6 ff  Cmax = 211.5 ff  G =  108  
ABC: Path 49 --    3308 : 4    3 sky130_fd_sc_hd__o211ai_2 A =  12.51  Df =12359.5  -77.2 ps  S = 172.6 ps  Cin =  4.4 ff  Cout =   8.6 ff  Cmax = 133.7 ff  G =  190  
ABC: Path 50 --    3311 : 3    3 sky130_fd_sc_hd__a21oi_2  A =   8.76  Df =12517.7  -47.6 ps  S = 221.6 ps  Cin =  4.6 ff  Cout =  16.1 ff  Cmax = 128.2 ff  G =  337  
ABC: Path 51 --    3324 : 4    2 sky130_fd_sc_hd__a2bb2o_4 A =  20.02  Df =13334.7 -309.0 ps  S =  39.7 ps  Cin =  4.6 ff  Cout =   7.0 ff  Cmax = 502.6 ff  G =  145  
ABC: Path 52 --    3326 : 4    4 sky130_fd_sc_hd__a22o_2   A =  10.01  Df =13569.7  -85.2 ps  S =  84.1 ps  Cin =  2.3 ff  Cout =  13.2 ff  Cmax = 301.2 ff  G =  541  
ABC: Path 53 --    3335 : 3    2 sky130_fd_sc_hd__and3_4   A =  11.26  Df =13740.9  -74.6 ps  S =  47.2 ps  Cin =  2.4 ff  Cout =   5.0 ff  Cmax = 532.8 ff  G =  192  
ABC: Path 54 --    3342 : 3    3 sky130_fd_sc_hd__or3_4    A =  11.26  Df =14084.6 -178.7 ps  S =  81.3 ps  Cin =  2.4 ff  Cout =  13.6 ff  Cmax = 531.9 ff  G =  551  
ABC: Path 55 --    3344 : 3    6 sky130_fd_sc_hd__a21boi_4 A =  18.77  Df =14421.1  -81.0 ps  S = 233.5 ps  Cin =  6.8 ff  Cout =  26.4 ff  Cmax = 215.2 ff  G =  371  
ABC: Path 56 --    3352 : 3    1 sky130_fd_sc_hd__or3_4    A =  11.26  Df =14742.2  -51.6 ps  S =  60.3 ps  Cin =  2.4 ff  Cout =   2.5 ff  Cmax = 531.9 ff  G =  102  
ABC: Path 57 --    3353 : 3    3 sky130_fd_sc_hd__and3_4   A =  11.26  Df =14932.9  -54.7 ps  S =  62.7 ps  Cin =  2.4 ff  Cout =  10.8 ff  Cmax = 532.8 ff  G =  423  
ABC: Path 58 --    3358 : 3    4 sky130_fd_sc_hd__a21o_4   A =  15.01  Df =15157.3  -20.5 ps  S =  72.0 ps  Cin =  4.5 ff  Cout =  21.1 ff  Cmax = 568.6 ff  G =  453  
ABC: Path 59 --    3360 : 3    2 sky130_fd_sc_hd__a21bo_2  A =  10.01  Df =15357.0  -62.2 ps  S =  48.9 ps  Cin =  2.0 ff  Cout =   6.0 ff  Cmax = 288.4 ff  G =  285  
ABC: Path 60 --    3364 : 4    3 sky130_fd_sc_hd__a2bb2o_4 A =  20.02  Df =15564.9  -46.1 ps  S =  51.4 ps  Cin =  4.6 ff  Cout =  11.2 ff  Cmax = 502.6 ff  G =  231  
ABC: Path 61 --    3365 : 3    3 sky130_fd_sc_hd__a21oi_2  A =   8.76  Df =15738.7 -156.3 ps  S = 153.2 ps  Cin =  4.6 ff  Cout =   9.6 ff  Cmax = 128.2 ff  G =  197  
ABC: Path 62 --    3370 : 4    3 sky130_fd_sc_hd__a2bb2o_4 A =  20.02  Df =15980.3 -186.5 ps  S =  55.9 ps  Cin =  4.6 ff  Cout =  12.6 ff  Cmax = 502.6 ff  G =  260  
ABC: Path 63 --    3373 : 3    4 sky130_fd_sc_hd__a21o_4   A =  15.01  Df =16210.5 -160.3 ps  S =  62.8 ps  Cin =  4.5 ff  Cout =  17.8 ff  Cmax = 568.6 ff  G =  378  
ABC: Path 64 --    3380 : 3    1 sky130_fd_sc_hd__a21bo_2  A =  10.01  Df =16426.1 -245.0 ps  S =  44.5 ps  Cin =  2.0 ff  Cout =   5.1 ff  Cmax = 288.4 ff  G =  240  
ABC: Path 65 --    3383 : 4    3 sky130_fd_sc_hd__o2bb2a_4 A =  20.02  Df =16640.8 -109.8 ps  S =  69.9 ps  Cin =  4.6 ff  Cout =  17.2 ff  Cmax = 497.1 ff  G =  360  
ABC: Path 66 --    3404 : 2    2 sky130_fd_sc_hd__xnor2_2  A =  16.27  Df =16780.6 -110.6 ps  S = 139.3 ps  Cin =  8.5 ff  Cout =   6.2 ff  Cmax = 121.8 ff  G =   69  
ABC: Path 67 --    3405 : 3    1 sky130_fd_sc_hd__mux2_1   A =  11.26  Df =17081.6 -187.2 ps  S =  49.6 ps  Cin =  2.3 ff  Cout =   1.8 ff  Cmax = 173.0 ff  G =   75  
ABC: Path 68 --    3406 : 1    1 sky130_fd_sc_hd__buf_2    A =   5.00  Df =17262.7 -175.4 ps  S = 168.8 ps  Cin =  1.7 ff  Cout =  33.4 ff  Cmax = 315.9 ff  G = 1936  
ABC: Start-point = pi0 (\seven_seg_conv.digit_counter [3]).  End-point = po16 ($$flatten\seven_seg_conv.$auto$proc_rom.cc:150:do_switch$69$rdreg[0]$d [3]).
ABC: + print_stats -m 
ABC: netlist                       : i/o = 1132/ 1145  lat =    0  nd =  4102  edge =   8290  area =28904.02  delay =77.00  lev = 77
ABC: + write_blif /tmp/yosys-abc-CZj6M7/output.blif 

63.1.2. Re-integrating ABC results.
ABC RESULTS:   sky130_fd_sc_hd__a31oi_2 cells:        1
ABC RESULTS:   sky130_fd_sc_hd__nand4_2 cells:        1
ABC RESULTS:   sky130_fd_sc_hd__nor3_2 cells:        2
ABC RESULTS:   sky130_fd_sc_hd__and4b_2 cells:        1
ABC RESULTS:   sky130_fd_sc_hd__nor4_2 cells:        1
ABC RESULTS:   sky130_fd_sc_hd__or4_4 cells:        1
ABC RESULTS:   sky130_fd_sc_hd__inv_8 cells:        1
ABC RESULTS:   sky130_fd_sc_hd__buf_4 cells:        4
ABC RESULTS:   sky130_fd_sc_hd__o2111ai_2 cells:        1
ABC RESULTS:   sky130_fd_sc_hd__or4b_4 cells:        1
ABC RESULTS:   sky130_fd_sc_hd__o2111a_2 cells:        1
ABC RESULTS:   sky130_fd_sc_hd__and4bb_2 cells:        1
ABC RESULTS:   sky130_fd_sc_hd__nor3_4 cells:        1
ABC RESULTS:   sky130_fd_sc_hd__a22o_4 cells:        1
ABC RESULTS:   sky130_fd_sc_hd__or3b_4 cells:        1
ABC RESULTS:   sky130_fd_sc_hd__nor3b_2 cells:        1
ABC RESULTS:   sky130_fd_sc_hd__and2_4 cells:        3
ABC RESULTS:   sky130_fd_sc_hd__nand3_2 cells:        6
ABC RESULTS:   sky130_fd_sc_hd__inv_12 cells:        1
ABC RESULTS:   sky130_fd_sc_hd__o211ai_2 cells:       30
ABC RESULTS:   sky130_fd_sc_hd__or2_4 cells:        1
ABC RESULTS:   sky130_fd_sc_hd__bufinv_8 cells:        2
ABC RESULTS:   sky130_fd_sc_hd__a21boi_4 cells:        1
ABC RESULTS:   sky130_fd_sc_hd__xnor2_4 cells:        4
ABC RESULTS:   sky130_fd_sc_hd__o21bai_4 cells:        2
ABC RESULTS:   sky130_fd_sc_hd__a21oi_4 cells:        4
ABC RESULTS:   sky130_fd_sc_hd__or3_4 cells:       11
ABC RESULTS:   sky130_fd_sc_hd__and3_4 cells:        8
ABC RESULTS:   sky130_fd_sc_hd__a2bb2o_4 cells:       11
ABC RESULTS:   sky130_fd_sc_hd__a21o_4 cells:        6
ABC RESULTS:   sky130_fd_sc_hd__buf_6 cells:        2
ABC RESULTS:   sky130_fd_sc_hd__o2bb2a_4 cells:        2
ABC RESULTS:   sky130_fd_sc_hd__buf_8 cells:        3
ABC RESULTS:   sky130_fd_sc_hd__nand2b_2 cells:        2
ABC RESULTS:   sky130_fd_sc_hd__mux2_1 cells:        2
ABC RESULTS:   sky130_fd_sc_hd__a211o_4 cells:        1
ABC RESULTS:   sky130_fd_sc_hd__nor2b_2 cells:        2
ABC RESULTS:   sky130_fd_sc_hd__and4_2 cells:        7
ABC RESULTS:   sky130_fd_sc_hd__or2b_2 cells:       13
ABC RESULTS:   sky130_fd_sc_hd__a22o_2 cells:        6
ABC RESULTS:   sky130_fd_sc_hd__a221o_2 cells:        8
ABC RESULTS:   sky130_fd_sc_hd__a22oi_2 cells:        1
ABC RESULTS:   sky130_fd_sc_hd__o22ai_2 cells:       12
ABC RESULTS:   sky130_fd_sc_hd__o21ba_2 cells:        7
ABC RESULTS:   sky130_fd_sc_hd__a211oi_2 cells:        1
ABC RESULTS:   sky130_fd_sc_hd__a2bb2o_2 cells:        8
ABC RESULTS:   sky130_fd_sc_hd__a2111oi_2 cells:        1
ABC RESULTS:   sky130_fd_sc_hd__o221a_2 cells:       41
ABC RESULTS:   sky130_fd_sc_hd__o2bb2a_2 cells:        7
ABC RESULTS:   sky130_fd_sc_hd__and3b_2 cells:       12
ABC RESULTS:   sky130_fd_sc_hd__a311o_2 cells:        9
ABC RESULTS:   sky130_fd_sc_hd__o21bai_2 cells:        2
ABC RESULTS:   sky130_fd_sc_hd__o311a_2 cells:        1
ABC RESULTS:   sky130_fd_sc_hd__a2111o_2 cells:        1
ABC RESULTS:   sky130_fd_sc_hd__o211a_2 cells:       55
ABC RESULTS:   sky130_fd_sc_hd__or4bb_2 cells:        4
ABC RESULTS:   sky130_fd_sc_hd__and2b_2 cells:       29
ABC RESULTS:   sky130_fd_sc_hd__a31o_2 cells:       24
ABC RESULTS:   sky130_fd_sc_hd__a21boi_2 cells:        2
ABC RESULTS:   sky130_fd_sc_hd__xor2_2 cells:       21
ABC RESULTS:   sky130_fd_sc_hd__and3_2 cells:       34
ABC RESULTS:   sky130_fd_sc_hd__buf_2 cells:        3
ABC RESULTS:   sky130_fd_sc_hd__a21bo_2 cells:       13
ABC RESULTS:   sky130_fd_sc_hd__a211o_2 cells:       62
ABC RESULTS:   sky130_fd_sc_hd__a32o_2 cells:        6
ABC RESULTS:   sky130_fd_sc_hd__xnor2_2 cells:       45
ABC RESULTS:   sky130_fd_sc_hd__or4_2 cells:       14
ABC RESULTS:   sky130_fd_sc_hd__or3b_2 cells:       12
ABC RESULTS:   sky130_fd_sc_hd__or3_2 cells:       17
ABC RESULTS:   sky130_fd_sc_hd__a21o_2 cells:       45
ABC RESULTS:   sky130_fd_sc_hd__or4b_2 cells:        4
ABC RESULTS:   sky130_fd_sc_hd__a21oi_2 cells:       50
ABC RESULTS:   sky130_fd_sc_hd__mux2_2 cells:      849
ABC RESULTS:   sky130_fd_sc_hd__inv_2 cells:       66
ABC RESULTS:   sky130_fd_sc_hd__nor2_2 cells:      121
ABC RESULTS:   sky130_fd_sc_hd__o31a_2 cells:       10
ABC RESULTS:   sky130_fd_sc_hd__o21ai_2 cells:       43
ABC RESULTS:   sky130_fd_sc_hd__or2_2 cells:       87
ABC RESULTS:   sky130_fd_sc_hd__o32a_2 cells:       12
ABC RESULTS:   sky130_fd_sc_hd__o22a_2 cells:       20
ABC RESULTS:   sky130_fd_sc_hd__o21a_2 cells:       64
ABC RESULTS:   sky130_fd_sc_hd__nand2_2 cells:      225
ABC RESULTS:   sky130_fd_sc_hd__and2_2 cells:       42
ABC RESULTS:   sky130_fd_sc_hd__buf_1 cells:     1856
ABC RESULTS:   sky130_fd_sc_hd__o31ai_2 cells:        6
ABC RESULTS:        internal signals:     9408
ABC RESULTS:           input signals:     1132
ABC RESULTS:          output signals:     1145
Removing temp directory.

64. Executing SETUNDEF pass (replace undef values with defined constants).

65. Executing HILOMAP pass (mapping to constant drivers).

66. Executing SPLITNETS pass (splitting up multi-bit signals).

67. Executing OPT_CLEAN pass (remove unused cells and wires).
Finding unused cells or wires in module \Main..
Removed 1846 unused cells and 13673 unused wires.
<suppressed ~2466 debug messages>

68. Executing INSBUF pass (insert buffer cells for connected wires).

69. Executing CHECK pass (checking for obvious problems).
Checking module Main...
Found and reported 0 problems.

70. Printing statistics.

=== Main ===

   Number of wires:               3390
   Number of wire bits:           3404
   Number of public wires:         520
   Number of public wire bits:     534
   Number of memories:               0
   Number of memory bits:            0
   Number of processes:              0
   Number of cells:               3401
     sky130_fd_sc_hd__a2111o_2       1
     sky130_fd_sc_hd__a2111oi_2      1
     sky130_fd_sc_hd__a211o_2       62
     sky130_fd_sc_hd__a211o_4        1
     sky130_fd_sc_hd__a211oi_2       1
     sky130_fd_sc_hd__a21bo_2       13
     sky130_fd_sc_hd__a21boi_2       2
     sky130_fd_sc_hd__a21boi_4       1
     sky130_fd_sc_hd__a21o_2        44
     sky130_fd_sc_hd__a21o_4         6
     sky130_fd_sc_hd__a21oi_2       49
     sky130_fd_sc_hd__a21oi_4        4
     sky130_fd_sc_hd__a221o_2        8
     sky130_fd_sc_hd__a22o_2         6
     sky130_fd_sc_hd__a22o_4         1
     sky130_fd_sc_hd__a22oi_2        1
     sky130_fd_sc_hd__a2bb2o_2       8
     sky130_fd_sc_hd__a2bb2o_4      11
     sky130_fd_sc_hd__a311o_2        9
     sky130_fd_sc_hd__a31o_2        24
     sky130_fd_sc_hd__a31oi_2        1
     sky130_fd_sc_hd__a32o_2         6
     sky130_fd_sc_hd__and2_2        42
     sky130_fd_sc_hd__and2_4         3
     sky130_fd_sc_hd__and2b_2       29
     sky130_fd_sc_hd__and3_2        34
     sky130_fd_sc_hd__and3_4         8
     sky130_fd_sc_hd__and3b_2       12
     sky130_fd_sc_hd__and4_2         7
     sky130_fd_sc_hd__and4b_2        1
     sky130_fd_sc_hd__and4bb_2       1
     sky130_fd_sc_hd__buf_1        756
     sky130_fd_sc_hd__buf_2          3
     sky130_fd_sc_hd__buf_4          4
     sky130_fd_sc_hd__buf_6          2
     sky130_fd_sc_hd__buf_8          3
     sky130_fd_sc_hd__bufinv_8       2
     sky130_fd_sc_hd__conb_1         1
     sky130_fd_sc_hd__dfrtp_2        5
     sky130_fd_sc_hd__dfxtp_2      492
     sky130_fd_sc_hd__dlxtn_1       33
     sky130_fd_sc_hd__inv_12         1
     sky130_fd_sc_hd__inv_2         66
     sky130_fd_sc_hd__inv_8          1
     sky130_fd_sc_hd__mux2_1         2
     sky130_fd_sc_hd__mux2_2       721
     sky130_fd_sc_hd__nand2_2      225
     sky130_fd_sc_hd__nand2b_2       2
     sky130_fd_sc_hd__nand3_2        6
     sky130_fd_sc_hd__nand4_2        1
     sky130_fd_sc_hd__nor2_2       121
     sky130_fd_sc_hd__nor2b_2        2
     sky130_fd_sc_hd__nor3_2         2
     sky130_fd_sc_hd__nor3_4         1
     sky130_fd_sc_hd__nor3b_2        1
     sky130_fd_sc_hd__nor4_2         1
     sky130_fd_sc_hd__o2111a_2       1
     sky130_fd_sc_hd__o2111ai_2      1
     sky130_fd_sc_hd__o211a_2       55
     sky130_fd_sc_hd__o211ai_2      30
     sky130_fd_sc_hd__o21a_2        64
     sky130_fd_sc_hd__o21ai_2       43
     sky130_fd_sc_hd__o21ba_2        7
     sky130_fd_sc_hd__o21bai_2       2
     sky130_fd_sc_hd__o21bai_4       2
     sky130_fd_sc_hd__o221a_2       41
     sky130_fd_sc_hd__o22a_2        20
     sky130_fd_sc_hd__o22ai_2       12
     sky130_fd_sc_hd__o2bb2a_2       7
     sky130_fd_sc_hd__o2bb2a_4       2
     sky130_fd_sc_hd__o311a_2        1
     sky130_fd_sc_hd__o31a_2        10
     sky130_fd_sc_hd__o31ai_2        6
     sky130_fd_sc_hd__o32a_2        12
     sky130_fd_sc_hd__or2_2         85
     sky130_fd_sc_hd__or2_4          1
     sky130_fd_sc_hd__or2b_2        13
     sky130_fd_sc_hd__or3_2         17
     sky130_fd_sc_hd__or3_4         11
     sky130_fd_sc_hd__or3b_2        12
     sky130_fd_sc_hd__or3b_4         1
     sky130_fd_sc_hd__or4_2         14
     sky130_fd_sc_hd__or4_4          1
     sky130_fd_sc_hd__or4b_2         4
     sky130_fd_sc_hd__or4b_4         1
     sky130_fd_sc_hd__or4bb_2        4
     sky130_fd_sc_hd__xnor2_2       45
     sky130_fd_sc_hd__xnor2_4        4
     sky130_fd_sc_hd__xor2_2        21

   Chip area for module '\Main': 34404.246400

71. Executing Verilog backend.
Dumping module `\Main'.

72. Executing JSON backend.

End of script. Logfile hash: 03582dea23, CPU: user 26.42s system 0.96s, MEM: 582.88 MB peak
Yosys 0.38 (git sha1 543faed9c8c, clang++ 17.0.6 -fPIC -Os)
Time spent: 42% 57x opt_merge (15 sec), 24% 2x abc (8 sec), ...
